数据下载时间：2021-05-22 18:05:53 功能：看店宝【kandianbao.com】全店宝贝 相关查询网址：https://kandianbao.com/dian/能适旗舰店,,,,,,,,,,,,,,,,,,,,,,,,,,,,,,,,,,,,,
序号,主图,标题,宝贝id,货号,销售价最低,销售价最高,原价最低,原价最高,折扣率,sku数量,库存,邮费,30天销量,总销量,占全店销量比例,30天销售额,占全店销售额比例,总销售额,收藏数,评价数,PC总分享量,宝贝促销,店铺促销,活动促销,服务保证,一级类目,二级类目,三级类目,宝贝创建时间,宝贝创建时长,下架日期,下架时间,天数,星期,宝贝地址,分析地址,评价标签
1,https://img.alicdn.com/imgextra/i1/2456967342/O1CN01obnyam246gQW5ELfU_!!0-item_pic.jpg,能适纳米双面贴手机随手贴万能贴黑科技神器车载支架手机多功能魔术桌面懒人支架网红床头无痕随意贴平板ipad,	590745899743,纳米双面贴,9.8,9.8,18,18,54.44%,7,94,0,0,241,0,0,0,2361.8,76,38,0,,,活动中,7天无理由|蚂蚁花呗|信用卡支付|集分宝,3C数码配件,手机配件,手机支架/手机座,,,2021-05-22,17:39:29,26分41秒,六,http://item.taobao.com/item.htm?id=590745899743,https://kandianbao.com/item/590745899743/, 
2,https://img.alicdn.com/imgextra/i1/2456967342/O1CN01JA2ucD246gUxuSkQf_!!0-item_pic.jpg,能适 苹果5se钢化膜iphone5/5s全屏覆盖防指纹高清手机保护防爆膜,	528183902689,,9.9,9.9,15,15,66.00%,1,398,0,0,3419,0,0,0,33848.1,90,3,0,,,活动中,7天无理由|蚂蚁花呗|信用卡支付|集分宝,3C数码配件,手机配件,手机贴膜,,,2021-05-23,15:00:02,20时54分13秒,日,http://item.taobao.com/item.htm?id=528183902689,https://kandianbao.com/item/528183902689/, 
3,https://img.alicdn.com/imgextra/i1/2456967342/O1CN01PFAp3a246gWNkDo7G_!!2456967342-0-lubanu-s.jpg,能适 挂脖USB小风扇迷你懒人超静音可充电户外随身便携式小型学生宿舍办公室无声小电大风力运动无叶头戴脖子,	620953431040,,98.0,98.0,169,169,57.99%,4,44,0,0,22,0,0,0,2156,22,5,0,,,活动中,7天无理由|蚂蚁花呗|信用卡支付|集分宝,3C数码配件,USB数码周边,USB风扇,,,2021-05-22,14:12:58,3时52分10秒,六,http://item.taobao.com/item.htm?id=620953431040,https://kandianbao.com/item/620953431040/, 
4,https://img.alicdn.com/imgextra/i1/2456967342/O1CN017bP7IT246gatxHuXI_!!0-item_pic.jpg,能适自拍杆防抖适用苹果华为vivo小米oppo手机拍照神器直播三脚架通用型稳定器伸缩延长支架抖音手持视频,	644967041158,,109.0,109.0,199,199,54.77%,1,10,0,0,0,0,0,0,0,0,0,0,,,活动中,7天无理由|蚂蚁花呗|信用卡支付|集分宝,3C数码配件,手机配件,自拍杆/架,,,2021-05-27,17:25:56,4天23时20分7秒,四,http://item.taobao.com/item.htm?id=644967041158,https://kandianbao.com/item/644967041158/, 
5,https://img.alicdn.com/imgextra/i2/2456967342/O1CN01252o80246gakl2X9D_!!0-item_pic.jpg,能适 三合一快充可伸缩数据线二合一拖3女生可爱一拖三通用手机多头多功能苹果type-c安卓三线usb车载充电器,	643788440646,,29.0,29.0,69,69,42.03%,2,39,0,1,1,0.00%,29,0.00%,29,4,0,0,,,活动中,7天无理由|蚂蚁花呗|信用卡支付|集分宝,3C数码配件,手机配件,手机数据线,,,2021-05-25,13:34:29,2天19时28分40秒,二,http://item.taobao.com/item.htm?id=643788440646,https://kandianbao.com/item/643788440646/, 
6,https://img.alicdn.com/imgextra/i2/2456967342/O1CN0159mFKK246gae7N2ZX_!!0-item_pic.jpg,能适 挂绳数据线三合一快充二合一拖3充电线女生可爱一拖三通用手机多头多用适用苹果华为type-c安卓三线usb,	644529982056,,29.0,29.0,69,69,42.03%,2,39,0,1,1,0.00%,29,0.00%,29,0,0,0,,,活动中,7天无理由|蚂蚁花呗|信用卡支付|集分宝,3C数码配件,手机配件,手机数据线,,,2021-05-25,14:02:55,2天19时57分6秒,二,http://item.taobao.com/item.htm?id=644529982056,https://kandianbao.com/item/644529982056/, 
7,https://img.alicdn.com/imgextra/i1/2456967342/O1CN01T0FJpK246gVot1WNo_!!2456967342-0-lubanu-s.jpg,能适 手持usb小风扇迷你便携式可爱卡通可充电学生随身手拿小型大风力婴儿2020新款小电风扇创意女孩女生儿童,	616876850811,,36.0,36.0,59,59,61.02%,3,93,0,1,50,0.00%,36,0.00%,1800,48,8,0,,,活动中,7天无理由|蚂蚁花呗|信用卡支付|集分宝,3C数码配件,USB数码周边,USB风扇,,,2021-05-27,15:17:06,4天21时11分17秒,四,http://item.taobao.com/item.htm?id=616876850811,https://kandianbao.com/item/616876850811/, 
8,https://img.alicdn.com/imgextra/i4/2456967342/O1CN01T2vBdI246gYlctzLm_!!2456967342-0-lubanu-s.jpg,能适 暖手宝充电宝usb迷你多功能随身便携女热水袋热手蛋二合一冬季学生暖手神器自发热大容量生日礼物礼品,	634474166189,,79.0,79.0,129,129,61.24%,3,167,0,1,11,0.00%,79,0.00%,869,16,5,0,,,活动中,7天无理由|蚂蚁花呗|信用卡支付|集分宝,3C数码配件,USB数码周边,USB暖手宝/暖手袋,,,2021-05-26,11:15:19,3天17时9分30秒,三,http://item.taobao.com/item.htm?id=634474166189,https://kandianbao.com/item/634474166189/, 
9,https://img.alicdn.com/imgextra/i4/2456967342/O1CN01tQVo9p246gZUttPvr_!!2456967342-0-lubanu-s.jpg,定制 无线蓝牙耳机适用苹果iPhone11x运动7plus入耳式8p小米oppo华为二代2安卓通用xs原装正品双耳防尘防汗,	637599059130,,98.0,128.0,399,399,32.08%,3,1913,0,1,81,0.00%,110,0.00%,8910,112,7,0,,,活动中,7天无理由|蚂蚁花呗|信用卡支付|集分宝,影音电器,蓝牙耳机,蓝牙耳机,,,2021-05-27,13:20:36,4天19时14分47秒,四,http://item.taobao.com/item.htm?id=637599059130,https://kandianbao.com/item/637599059130/, 
10,https://img.alicdn.com/imgextra/i1/2456967342/O1CN01e4sq8L246gWzGGs2C_!!0-item_pic.jpg,能适 懒人手机支架桌面ipad架子网课平板电脑通用拍摄主播直播床头升降多功能支撑座抖音神器可调节简约小巧,	564563289564,懒人支架,11.8,11.8,15,15,78.67%,4,257,0,2,4442,0.00%,23.6,0.00%,52415.600000000006,1008,143,0,,,活动中,7天无理由|蚂蚁花呗|信用卡支付|集分宝,3C数码配件,手机配件,手机支架/手机座,,,2021-05-27,20:09:08,5天2时3分19秒,四,http://item.taobao.com/item.htm?id=564563289564,https://kandianbao.com/item/564563289564/, 
11,https://img.alicdn.com/imgextra/i2/2456967342/O1CN01SYJMll246gWX7OfV9_!!2456967342-0-lubanu-s.jpg,挂脖风扇无叶脖子懒人小型学生便携式迷你挂脖式小电风扇静音随身运动usb可充电大风力,	622356942621,,58.0,58.0,108,108,53.70%,3,136,0,2,12,0.00%,116,0.00%,696,34,2,0,,,活动中,7天无理由|蚂蚁花呗|信用卡支付|集分宝,3C数码配件,USB数码周边,USB风扇,,,2021-05-21,13:30:14,1天4时35分26秒,五,http://item.taobao.com/item.htm?id=622356942621,https://kandianbao.com/item/622356942621/, 
12,https://img.alicdn.com/imgextra/i1/2456967342/O1CN01SEDLam246gVXL9E5B_!!0-item_pic.jpg,能适 无线蓝牙耳机双耳挂耳式入耳式耳塞单耳运动安卓通用适用苹果小米vivo华为oppo手机7男女生款可爱X原装,	614682248565,,69.0,69.0,168,168,41.07%,1,494,0,2,120,0.00%,138,0.00%,8280,250,23,0,,,活动中,7天无理由|蚂蚁花呗|信用卡支付|集分宝,影音电器,蓝牙耳机,蓝牙耳机,,,2021-05-28,20:04:37,6天1时58分48秒,五,http://item.taobao.com/item.htm?id=614682248565,https://kandianbao.com/item/614682248565/, 
13,https://img.alicdn.com/imgextra/i1/2456967342/O1CN01iLXoJ5246gWyn3DVT_!!0-item_pic.jpg,能适打印机数据线电脑加长usb2.0转方口适用惠普佳能佳博爱普生通用延长链接线1/1.5米带屏蔽磁环原装,	622800372778,,6.9,8.9,7.9,9.9,89.90%,2,110,0,3,37,0.00%,23.1,0.00%,284.90000000000003,8,7,0,,,活动中,7天无理由|蚂蚁花呗|信用卡支付|集分宝,3C数码配件,数码周边,数据线,,,2021-05-26,13:32:20,3天19时26分31秒,三,http://item.taobao.com/item.htm?id=622800372778,https://kandianbao.com/item/622800372778/, 
14,https://img.alicdn.com/imgextra/i1/2456967342/O1CN01hf9d4v246gU5vpcOu_!!0-item_pic.jpg,能适 iphoneX手机壳7plus苹果X新款保护透明套壳硅胶套iPhone8全包防摔,	562181427568,,12.8,12.8,28,28,45.71%,3,5,0,3,393,0.00%,38.400000000000006,0.00%,5030.400000000001,94,24,0,,,活动中,7天无理由|蚂蚁花呗|信用卡支付|集分宝,3C数码配件,手机配件,手机保护套/壳,,,2021-05-25,12:21:56,2天18时16分7秒,二,http://item.taobao.com/item.htm?id=562181427568,https://kandianbao.com/item/562181427568/, 
15,https://img.alicdn.com/imgextra/i1/2456967342/O1CN01WJqaFZ246gTJRXUq1_!!2456967342.jpg,手机支架山地自行车骑行装备电动电瓶摩托车载送外卖导航防震专用,	595095243697,,16.8,16.8,35,35,48.00%,2,97,0,3,346,0.00%,50.400000000000006,0.00%,5812.8,102,74,0,,,活动中,7天无理由|蚂蚁花呗|信用卡支付|集分宝,汽车用品/电子/清洗/改装,汽车用品/内饰品,车载支架（原3C数码配件）,,,2021-05-27,17:45:25,4天23时39分36秒,四,http://item.taobao.com/item.htm?id=595095243697,https://kandianbao.com/item/595095243697/, 
16,https://img.alicdn.com/imgextra/i1/2456967342/O1CN01RVSOhs246gVguMnIE_!!0-item_pic.jpg,手机平板懒人支架床头桌面直播神器折叠便携多功能iPad支架支撑架,	596044080560,桌面支架,15.0,15.0,35,35,42.86%,4,78,0,4,346,0.00%,60,0.00%,5190,78,92,0,,,活动中,7天无理由|蚂蚁花呗|信用卡支付|集分宝,3C数码配件,手机配件,手机支架/手机座,,,2021-05-23,21:40:28,1天3时34分39秒,日,http://item.taobao.com/item.htm?id=596044080560,https://kandianbao.com/item/596044080560/, 
17,https://img.alicdn.com/imgextra/i1/2456967342/O1CN01xj2d3H246gXupF5Jx_!!0-item_pic.jpg,USB充电式暖手宝防爆保暖冬天季御寒取暖神器暖宝宝便携式学生宿舍可爱随身小敷肚子女电热水袋暖腰床上经期,	627393500908,,30.9,127.9,168,168,76.13%,24,599,0,4,248,0.00%,278.8,0.00%,17285.600000000002,158,47,0,,,活动中,7天无理由|蚂蚁花呗|信用卡支付|集分宝,3C数码配件,USB数码周边,USB暖手宝/暖手袋,,,2021-05-25,10:34:34,2天16时28分45秒,二,http://item.taobao.com/item.htm?id=627393500908,https://kandianbao.com/item/627393500908/, 
18,https://img.alicdn.com/imgextra/i4/2456967342/O1CN01ciaBCV246gauBg19Y_!!0-item_pic.jpg,小风扇USB便携式小型手持可充电大风力电风扇迷你超静音办公室桌上学生宿舍桌面台式拿握儿童随身可爱吹辅食,	644965126744,,49.0,49.0,99,99,49.49%,3,25,0,4,6,0.00%,196,0.00%,294,0,1,0,,,活动中,7天无理由|蚂蚁花呗|信用卡支付|集分宝,3C数码配件,USB数码周边,USB风扇,,,2021-05-23,17:57:20,23时51分31秒,日,http://item.taobao.com/item.htm?id=644965126744,https://kandianbao.com/item/644965126744/, 
19,https://img.alicdn.com/imgextra/i1/2456967342/O1CN010Nj2Xx246gWusGTG5_!!2456967342-0-lubanu-s.jpg,20000毫安充电宝大容量PD双向快充手机通用原装正品适用小米华为vivo苹果iPhone便携移动电源18W闪充专用户外,	624151124211,,149.0,149.0,159,159,93.71%,2,38,0,4,95,0.00%,596,0.00%,14155,108,9,0,,,活动中,7天无理由|蚂蚁花呗|信用卡支付|集分宝,3C数码配件,便携电源,移动电源,,,2021-05-26,14:33:24,3天20时27分35秒,三,http://item.taobao.com/item.htm?id=624151124211,https://kandianbao.com/item/624151124211/, 
20,https://img.alicdn.com/imgextra/i1/2456967342/O1CN01vQeUOT246gURhWFbt_!!0-item_pic.jpg,适用苹果Apple Pencil笔尖保护套类纸膜耐磨iPencil笔套静音笔头笔袋超薄硅胶套膜贴纸iPad二代2防滑胶带,	609078146209,,12.0,12.0,39,39,30.77%,7,60,0,5,158,0.00%,60,0.00%,1896,78,49,0,,,活动中,7天无理由|蚂蚁花呗|信用卡支付|集分宝,3C数码配件,平板电脑配件,平板电脑保护套/壳,,,2021-05-22,16:39:13,1时26分25秒,六,http://item.taobao.com/item.htm?id=609078146209,https://kandianbao.com/item/609078146209/, 
21,https://img.alicdn.com/imgextra/i1/2456967342/O1CN01PaHAI5246gRP08TCN_!!0-item_pic.jpg,usb小风扇可充电迷你婴儿车随身静音学生宿舍办公室桌面上台式夹子手持便携式小型寝室床上大风力电风扇家用,	590393370090,,68.0,68.0,99,99,68.69%,3,15,0,5,103,0.00%,340,0.00%,7004,206,24,0,,,活动中,7天无理由|蚂蚁花呗|信用卡支付|集分宝,3C数码配件,USB数码周边,USB风扇,,,2021-05-28,13:30:13,5天19时24分24秒,五,http://item.taobao.com/item.htm?id=590393370090,https://kandianbao.com/item/590393370090/, 
22,https://img.alicdn.com/imgextra/i1/2456967342/O1CN019bEAaM246gWUa2jJR_!!0-item_pic.jpg,能适 usb延长线1米2米3米公对母数据线高速手机充电网卡打印机电脑连接键盘优U盘鼠标usb接口延长线加长线,	601840187002,,12.8,12.8,22,22,58.18%,1,769,0,6,195,0.00%,76.80000000000001,0.00%,2496,82,38,0,,,活动中,7天无理由|蚂蚁花呗|信用卡支付|集分宝,3C数码配件,USB数码周边,USB延长线,,,2021-05-23,22:16:27,1天4时10分38秒,日,http://item.taobao.com/item.htm?id=601840187002,https://kandianbao.com/item/601840187002/, 
23,https://img.alicdn.com/imgextra/i1/2456967342/O1CN01NKHr65246gapiJc4V_!!0-item_pic.jpg,能适 三合一快充伸缩数据线拖3女生可爱一拖三通用手机多头多功能适用苹果type-c安卓三头定制logo车载充电器,	643789064484,,29.0,29.0,69,69,42.03%,5,84,0,6,6,0.00%,174,0.00%,174,6,0,0,,,活动中,7天无理由|蚂蚁花呗|信用卡支付|集分宝,3C数码配件,手机配件,手机数据线,,,2021-05-25,13:50:17,2天19时44分28秒,二,http://item.taobao.com/item.htm?id=643789064484,https://kandianbao.com/item/643789064484/, 
24,https://img.alicdn.com/imgextra/i1/2456967342/O1CN019G3cjg246gTRFfK49_!!0-item_pic.jpg,适用华为Mate9/10 20pro闪充快充充电器头数据线Magic2 nova2s3荣耀v8v9v10note8/10 p10p20play原装正品plus,	585913065792,,35.0,68.0,59,99,68.69%,4,856,0,6,1344,0.00%,289.20000000000005,0.00%,64780.8,476,228,0,,,活动中,7天无理由|蚂蚁花呗|信用卡支付|集分宝,3C数码配件,手机配件,手机充电器,,,2021-05-23,00:00:00,5时54分11秒,日,http://item.taobao.com/item.htm?id=585913065792,https://kandianbao.com/item/585913065792/, 
25,https://img.alicdn.com/imgextra/i3/2456967342/O1CN01f9OJPT246gasNRBHa_!!2456967342.jpg,车载充电器转换插头点烟器PD快充36W快速闪充车用多功能车充手机,	643790161014,,39.0,39.0,99,99,39.39%,2,93,0,6,6,0.00%,234,0.00%,234,8,1,0,,,活动中,7天无理由|蚂蚁花呗|信用卡支付|集分宝,汽车用品/电子/清洗/改装,汽车电子/导航/影音/电器,车载充电器,,,2021-05-26,22:40:09,4天4时34分20秒,三,http://item.taobao.com/item.htm?id=643790161014,https://kandianbao.com/item/643790161014/, 
26,https://img.alicdn.com/imgextra/i1/2456967342/O1CN014Dm2ZU246gZcCSZEh_!!2456967342-0-lubanu-s.jpg,圆头圆孔充电线usb转dc3.5mm数据线适用于foreo露娜洁面luna洗脸仪mini2圆孔玩具电源灯音响箱小风扇通用,	637950706539,,7.8,13.8,18,28,49.29%,3,187,0,7,109,0.00%,71.4,0.00%,1111.8000000000002,24,9,0,,,活动中,7天无理由|蚂蚁花呗|信用卡支付|集分宝,3C数码配件,数码周边,数据线,,,2021-05-24,13:55:07,1天19时49分18秒,一,http://item.taobao.com/item.htm?id=637950706539,https://kandianbao.com/item/637950706539/, 
27,https://img.alicdn.com/imgextra/i1/2456967342/O1CN01By4hAz246gWap5U0n_!!0-item_pic.jpg,能适 USB可充电小电风扇迷你便携式超静音定制logo广告礼品diy刻字桌面办公室学生小型大风力手持随身,	619680385292,,13.9,22.0,49,49,44.90%,9,2160,0,7,2473,0.00%,119.98,0.00%,42387.22,74,24,0,,,活动中,7天无理由|蚂蚁花呗|信用卡支付|集分宝,3C数码配件,USB数码周边,USB风扇,,,2021-05-27,16:25:09,4天22时19分20秒,四,http://item.taobao.com/item.htm?id=619680385292,https://kandianbao.com/item/619680385292/, 
28,https://img.alicdn.com/imgextra/i3/2456967342/O1CN01g5C6cX246gawDBRpu_!!0-item_pic.jpg,能适 小风扇夹式推车夹子桌面静音办公室台式usb可充电插电迷你便携式婴儿车大风力宿舍床上用床头学生吹辅食,	644058132679,,39.0,39.0,79,79,49.37%,3,134,0,7,7,0.00%,273,0.00%,273,8,0,0,,,活动中,7天无理由|蚂蚁花呗|信用卡支付|集分宝,3C数码配件,USB数码周边,USB风扇,,,2021-05-21,14:57:15,1天3时8分27秒,五,http://item.taobao.com/item.htm?id=644058132679,https://kandianbao.com/item/644058132679/, 
29,https://img.alicdn.com/imgextra/i1/2456967342/O1CN01lwATzW246gVCTfrKJ_!!0-item_pic.jpg,小电风扇usb充电便携式手持小型随身可充电型学生宿舍手拿握迷你大风力超静音微型可爱散热型凉饭吹饭吹睫毛,	612526405340,,29.0,29.0,59,59,49.15%,4,183,0,8,51,0.00%,232,0.00%,1479,58,8,0,,,活动中,7天无理由|蚂蚁花呗|信用卡支付|集分宝,3C数码配件,USB数码周边,USB风扇,,,2021-05-28,13:30:14,5天19时24分25秒,五,http://item.taobao.com/item.htm?id=612526405340,https://kandianbao.com/item/612526405340/, 
30,https://img.alicdn.com/imgextra/i1/2456967342/O1CN011s8KT0246gTH4htSU_!!0-item_pic.jpg,能适 手机架懒人支架女床上床头夹子用电脑switch通用桌面直播看电视宿舍多功能固定ns支撑驾简约,	597483361689,懒人支架1,18.8,18.8,29,29,64.83%,2,71,0,9,318,0.00%,169.20000000000002,0.00%,5978.400000000001,100,79,0,,,活动中,7天无理由|蚂蚁花呗|信用卡支付|集分宝,3C数码配件,手机配件,手机支架/手机座,,,2021-05-28,15:19:16,5天21时13分27秒,五,http://item.taobao.com/item.htm?id=597483361689,https://kandianbao.com/item/597483361689/, 
31,https://img.alicdn.com/imgextra/i1/2456967342/O1CN01juT0mg246gWsKl2Ln_!!0-item_pic.jpg,领夹麦克风手机直播吃播收音麦领夹式录音专用话筒胸麦vlog无线抖音视频防风降噪设备耳麦有线便携,	623876809397,,23.0,43.0,35,45,95.56%,3,406,0,9,427,0.00%,279,0.00%,13237,382,58,0,,,活动中,7天无理由|蚂蚁花呗|信用卡支付|集分宝,影音电器,麦克风/话筒,麦克风/话筒,,,2021-05-24,10:08:36,1天16时2分47秒,一,http://item.taobao.com/item.htm?id=623876809397,https://kandianbao.com/item/623876809397/, 
32,https://img.alicdn.com/imgextra/i1/2456967342/O1CN01H2qgzI246gY0QYw4J_!!0-item_pic.jpg,适用vivo手机x20双引擎闪充数据线x21快充充电头x23s1 z1 z3 u1 Y66 y67 X7 y83 y93 y97 x9 X9splus原装正品,	594140661070,,13.8,17.8,26,30,59.33%,3,890,0,11,575,0.00%,169.4,0.00%,8855,146,132,0,,,活动中,7天无理由|蚂蚁花呗|信用卡支付|集分宝,3C数码配件,数码周边,数据线,,,2021-05-23,23:25:22,1天5时19分33秒,日,http://item.taobao.com/item.htm?id=594140661070,https://kandianbao.com/item/594140661070/, 
33,https://img.alicdn.com/imgextra/i1/2456967342/O1CN016rwOoU246gX8jwvry_!!0-item_pic.jpg,能适 usb分线器一拖四/三转换器笔记本外接拓展usp接口扩展器多功能usb转接头hub带电源集线器,	573450840225,分线器,12.9,16.9,28,28,60.36%,3,540,0,12,885,0.00%,174,0.00%,12832.5,320,76,0,,,活动中,7天无理由|蚂蚁花呗|信用卡支付|集分宝,3C数码配件,USB数码周边,USB HUB/转换器,,,2021-05-22,19:11:40,1时5分51秒,六,http://item.taobao.com/item.htm?id=573450840225,https://kandianbao.com/item/573450840225/, 
34,https://img.alicdn.com/imgextra/i1/2456967342/O1CN01xYPzoP246gWnDJehl_!!0-item_pic.jpg,能适 OPPO R15 R17  Reno4钢化膜Reno3手机膜Reno2全屏覆盖防爆玻璃保护贴膜高清无白边防指纹,	622811120627,,6.9,6.9,19,19,36.32%,5,235,0,13,143,0.00%,89.7,0.00%,986.7,42,37,0,,,活动中,7天无理由|蚂蚁花呗|信用卡支付|集分宝,3C数码配件,手机配件,手机贴膜,,,2021-05-26,16:13:06,3天22时7分17秒,三,http://item.taobao.com/item.htm?id=622811120627,https://kandianbao.com/item/622811120627/, 
35,https://img.alicdn.com/imgextra/i1/2456967342/O1CN01p22AUy246gTGSaSMJ_!!2456967342.jpg,能适 iphone7/8/8Plus钢化膜高清防爆防指纹苹果7plus5.5手机保护贴膜4.7,	545604747583,,11.8,11.8,18,18,65.56%,2,138,0,14,3331,0.00%,165.20000000000002,0.00%,39305.8,160,180,0,,,活动中,7天无理由|蚂蚁花呗|信用卡支付|集分宝,3C数码配件,手机配件,手机贴膜,,,2021-05-27,14:07:21,4天20时1分32秒,四,http://item.taobao.com/item.htm?id=545604747583,https://kandianbao.com/item/545604747583/, 
36,https://img.alicdn.com/imgextra/i1/2456967342/O1CN01kv2SsS246gTKqkqNl_!!2456967342.jpg,能适 指环支架 iPhone6苹果手机通用懒人指环卡扣粘贴式平板支架,	567022091586,指环,13.8,13.8,18,18,76.67%,4,124,0,14,1018,0.00%,193.20000000000002,0.00%,14048.400000000001,312,60,0,,,活动中,7天无理由|蚂蚁花呗|信用卡支付|集分宝,3C数码配件,手机配件,手机支架/手机座,,,2021-05-22,19:37:32,1时31分43秒,六,http://item.taobao.com/item.htm?id=567022091586,https://kandianbao.com/item/567022091586/, 
37,https://img.alicdn.com/imgextra/i2/2456967342/O1CN01Y3FE2k246ga28xfPR_!!0-item_pic.jpg,睡眠耳机入耳式asmr睡觉专用typec侧睡不压耳防降噪助舒适无痛学习隔音高音质耳塞麦手机有线吃鸡液态硅胶帽,	639661077887,,29.0,29.0,69,69,42.03%,2,151,0,14,44,0.00%,406,0.00%,1276,42,10,0,,,活动中,7天无理由|蚂蚁花呗|信用卡支付|集分宝,影音电器,耳机/耳麦,耳机/耳麦,,,2021-05-27,17:35:05,4天23时29分16秒,四,http://item.taobao.com/item.htm?id=639661077887,https://kandianbao.com/item/639661077887/, 
38,https://img.alicdn.com/imgextra/i2/2456967342/O1CN01BKGdso246gaPrcY5g_!!0-item_pic.jpg,灭蚊灯家用驱蚊神器室内卧室宿舍防灭蚊蝇神器静音苍蝇蚊子克星强力壁挂式灭蚊器usb户外二合一电蚊拍充电式,	641400120488,,39.9,39.9,99,99,40.30%,1,32,0,14,24,0.00%,558.6,0.00%,957.5999999999999,18,9,0,,,活动中,7天无理由|蚂蚁花呗|信用卡支付|集分宝,3C数码配件,USB数码周边,USB驱蚊器,,,2021-05-27,17:41:47,4天23时35分58秒,四,http://item.taobao.com/item.htm?id=641400120488,https://kandianbao.com/item/641400120488/, 
39,https://img.alicdn.com/imgextra/i1/2456967342/O1CN01V7119J246gUZX10xr_!!0-item_pic.jpg,Type-c数据线闪充快充适用美图t-c三星s8/s9/s10note8/note9联想z5pro原装zuk一加5 6t任天堂swi充电线t-ypec,	590191266403,,13.8,18.8,22,30,62.67%,3,1817,0,15,1944,0.00%,237,0.00%,30715.2,342,435,0,,,活动中,7天无理由|蚂蚁花呗|信用卡支付|集分宝,3C数码配件,数码周边,数据线,,,2021-05-25,15:15:35,2天21时9分46秒,二,http://item.taobao.com/item.htm?id=590191266403,https://kandianbao.com/item/590191266403/,质量效果很好(2);可以做工(2)
40,https://img.alicdn.com/imgextra/i1/2456967342/O1CN01k2Zhyv246gX8YamXV_!!0-item_pic.jpg,能适 汽车临时停车牌挪车电话号码牌移车卡创意防晒耐高温车内装饰用品,	573758372752,,12.8,12.8,22,22,58.18%,1,4,0,16,879,0.00%,204.8,0.00%,11251.2,214,104,0,,,活动中,7天无理由|蚂蚁花呗|信用卡支付|集分宝,3C数码配件,其它配件,其它配件,,,2021-05-27,10:36:22,4天16时30分33秒,四,http://item.taobao.com/item.htm?id=573758372752,https://kandianbao.com/item/573758372752/, 
41,https://img.alicdn.com/imgextra/i1/2456967342/O1CN01dR1J6H246gSJz7s86_!!0-item_pic.jpg,能适安卓数据线适用闪充usb手机通用高速快充原装正品充电器oppor11华为8三星小米vivox21加长2米短3米畅享7,	595806368961,,12.9,19.9,58,58,34.31%,6,851,0,17,468,0.00%,266.9,0.00%,7347.599999999999,122,132,0,,,活动中,7天无理由|蚂蚁花呗|信用卡支付|集分宝,3C数码配件,数码周边,数据线,,,2021-05-26,21:46:16,4天3时40分27秒,三,http://item.taobao.com/item.htm?id=595806368961,https://kandianbao.com/item/595806368961/, 
42,https://img.alicdn.com/imgextra/i1/2456967342/O1CN01anEi0V246gTn08qee_!!0-item_pic.jpg,能适 iphone6钢化膜高清防爆防指纹苹果6splus5.5手机保护贴膜4.7,	545530705503,,11.8,11.8,18,18,65.56%,2,100,0,18,15179,0.00%,212.4,0.00%,179112.2,360,114,0,,,活动中,7天无理由|蚂蚁花呗|信用卡支付|集分宝,3C数码配件,手机配件,手机贴膜,,,2021-05-26,19:17:28,4天1时11分39秒,三,http://item.taobao.com/item.htm?id=545530705503,https://kandianbao.com/item/545530705503/, 
43,https://img.alicdn.com/imgextra/i1/2456967342/O1CN01Jdk8d2246gV7O5Ikm_!!0-item_pic.jpg,能适 iPhoneX钢化膜苹果xs MAX手机XR保护膜贴膜高清防指纹防爆玻半屏璃膜保护视力防摔,	585642689472,,12.8,12.8,22,22,58.18%,5,769,0,18,590,0.00%,230.4,0.00%,7552,44,89,0,,,活动中,7天无理由|蚂蚁花呗|信用卡支付|集分宝,3C数码配件,手机配件,手机贴膜,,,2021-05-25,23:19:17,3天5时13分28秒,二,http://item.taobao.com/item.htm?id=585642689472,https://kandianbao.com/item/585642689472/, 
44,https://img.alicdn.com/imgextra/i1/2456967342/O1CN01Tmzh6k246gWKBSnbO_!!0-item_pic.jpg,能适 挂脖小电风扇usb便携式学生懒人运动小型迷你桌面随身可充电创意脖子女生可爱厨房网红抖音同款头戴式,	617534988135,,19.9,29.9,39,59,50.68%,9,932,0,22,280,0.00%,525.8000000000001,0.00%,6692.000000000001,146,59,0,,,活动中,7天无理由|蚂蚁花呗|信用卡支付|集分宝,3C数码配件,USB数码周边,USB风扇,,,2021-05-22,16:18:49,1时46分1秒,六,http://item.taobao.com/item.htm?id=617534988135,https://kandianbao.com/item/617534988135/, 
45,https://img.alicdn.com/imgextra/i4/2456967342/O1CN0119c85w246gavDOH6T_!!0-item_pic.jpg,能适 苹果尼龙编织数据线iPhone11/12pro Xs max手机6s充电线器7P快充8Plus短x正品单头高速ipad2米快速闪充5,	634983219315,,9.9,15.9,20,28,56.79%,6,1485,0,23,316,0.00%,282.90000000000003,0.00%,3886.8,126,77,0,,,活动中,7天无理由|蚂蚁花呗|信用卡支付|集分宝,3C数码配件,手机配件,手机数据线,,,2021-05-24,11:51:58,1天17时46分9秒,一,http://item.taobao.com/item.htm?id=634983219315,https://kandianbao.com/item/634983219315/,非常的划算(3);质量效果很好(9);用起来很放心(2)
46,https://img.alicdn.com/imgextra/i1/2456967342/O1CN01XGQXOa246gWR1YVYH_!!2456967342-0-lubanu-s.jpg,适用dyson戴森吹风机airwrap卷发棒保护套全机身硅胶套防刮痕贴纸皮套膜防磕碰高端外壳全包防水,	620911650486,,22.9,22.9,49,49,46.73%,4,205,0,24,665,0.00%,549.5999999999999,0.00%,15228.499999999998,526,99,0,,,活动中,7天无理由|蚂蚁花呗|信用卡支付|集分宝,3C数码配件,数码包/收纳/整理,数码收纳整理包,,,2021-05-25,14:42:25,2天20时36分36秒,二,http://item.taobao.com/item.htm?id=620911650486,https://kandianbao.com/item/620911650486/, 
47,https://img.alicdn.com/imgextra/i1/2456967342/O1CN0180B7Jh246gX9eNbyd_!!2456967342-0-lubanu-s.jpg,能适数据线收纳神器充电线固线器收纳扣桌上电脑汽车办公桌分线绕线器手机线桌面床头理线器集线器神器墙面贴,	585775826832,,9.9,9.9,10,10,99.00%,3,336,0,25,730,0.01%,247.5,0.00%,7227,166,111,0,,,活动中,7天无理由|蚂蚁花呗|信用卡支付|集分宝,3C数码配件,数码包/收纳/整理,耳机绕线器,,,2021-05-23,00:01:39,5时55分50秒,日,http://item.taobao.com/item.htm?id=585775826832,https://kandianbao.com/item/585775826832/, 
48,https://img.alicdn.com/imgextra/i1/2456967342/O1CN01JAAvOK246gT0oeYM7_!!2456967342.jpg,适用vivo手机x20双引擎闪充x21充电器头x23数据线s1z1 z3 u1 Y66y67 X7 y83 y93 y97 x9 X9splus原装正品快充,	583670513051,,15.0,45.0,29,59,76.27%,5,676,0,25,5452,0.01%,675,0.00%,147204,1516,319,0,,,活动中,7天无理由|蚂蚁花呗|信用卡支付|集分宝,3C数码配件,手机配件,手机充电器,,,2021-05-23,18:02:21,23时56分32秒,日,http://item.taobao.com/item.htm?id=583670513051,https://kandianbao.com/item/583670513051/, 
49,https://img.alicdn.com/imgextra/i3/2456967342/O1CN0169oQXj246gasLrEbc_!!2456967342.jpg,iphone12充电器头适用苹果PD20W快充11pro xr 8plus数据线快速xs max手机ipad原装正品18w闪充x一套装插头30w,	631517616151,,26.0,68.0,38,88,77.27%,7,2863,0,28,197,0.01%,1198.4,0.01%,8431.6,100,36,0,,,活动中,7天无理由|蚂蚁花呗|信用卡支付|集分宝,3C数码配件,手机配件,手机充电器,,,2021-05-26,13:42:52,3天19时37分3秒,三,http://item.taobao.com/item.htm?id=631517616151,https://kandianbao.com/item/631517616151/,充电速度快(6);比较小巧(3);出门携带方便(3);性价比高(5);包装很好拆(6);做工精细(2)
50,https://img.alicdn.com/imgextra/i1/2456967342/O1CN01M4aiVk246gWI0lnHs_!!2456967342-0-lubanu-s.jpg,苹果x手机壳液态硅胶iPhonex男女款手机套iphone xs max磨砂防摔全包保护壳软壳网红潮牌纯色,	620397979279,,9.9,9.9,39,39,25.38%,22,1742,0,29,168,0.01%,287.1,0.00%,1663.2,64,33,0,,,活动中,7天无理由|蚂蚁花呗|信用卡支付|集分宝,3C数码配件,手机配件,手机保护套/壳,,,2021-05-23,15:54:18,21时48分29秒,日,http://item.taobao.com/item.htm?id=620397979279,https://kandianbao.com/item/620397979279/, 
51,https://img.alicdn.com/imgextra/i1/2456967342/O1CN01l6BErq246gVMMaV33_!!2456967342.jpg,能适 弯头不挡手Type-c数据线tpyec原装正品5A适用华为p20p30小米8充电器线荣耀v10 nova4e手机tpc快充typc9,	613985460570,,14.0,18.0,20,30,60.00%,2,238,0,32,623,0.01%,499.2,0.00%,9718.8,592,130,0,,,活动中,7天无理由|蚂蚁花呗|信用卡支付|集分宝,3C数码配件,数码周边,数据线,,,2021-05-26,17:32:51,3天23时27分2秒,三,http://item.taobao.com/item.htm?id=613985460570,https://kandianbao.com/item/613985460570/,质量效果很好(2);回复及时(2);物流超级快(2)
52,https://img.alicdn.com/imgextra/i1/2456967342/O1CN01DgLOz8246gWinr9P8_!!0-item_pic.jpg,能适 适用华为钢化膜P30p40Mate20 Nova7 5pro荣耀v20畅享9plus全屏覆盖4手机6高清保护农家小米黄元飘香美容,	600887135859,,6.9,6.9,19,19,36.32%,10,498,0,33,1097,0.01%,227.70000000000002,0.00%,7569.3,258,275,0,,,活动中,7天无理由|蚂蚁花呗|信用卡支付|集分宝,3C数码配件,手机配件,手机贴膜,,,2021-05-23,21:24:26,1天3时18分37秒,日,http://item.taobao.com/item.htm?id=600887135859,https://kandianbao.com/item/600887135859/,性价比高(8);质量效果很好(5);快递物流很快(2);商家很好(4)
53,https://img.alicdn.com/imgextra/i2/2456967342/O1CN01kRxJ1S246gavqBQWp_!!2456967342.jpg,能适 智能数显20W快充PD充电器头适用苹果11华为小米iphone12pro套装X手机快速8P一套7原装正品ipad插头单头,	644048876262,,37.0,58.0,69,69,84.06%,8,1567,0,33,33,0.01%,1498.2,0.01%,1498.2,34,0,0,,,活动中,7天无理由|蚂蚁花呗|信用卡支付|集分宝,3C数码配件,手机配件,手机充电器,,,2021-05-28,13:00:00,5天18时54分11秒,五,http://item.taobao.com/item.htm?id=644048876262,https://kandianbao.com/item/644048876262/, 
54,https://img.alicdn.com/imgextra/i1/2456967342/O1CN01IBU4Ow246gairPeQg_!!2456967342.jpg,适用iPhone12充电器30w快充苹果12max充电头插pro闪充20w一套装双口pd配件11xr手机线适用ipad多口原装typec,	642772511252,,49.0,75.0,89,129,58.14%,4,157,0,33,38,0.01%,1960.2000000000003,0.01%,2257.2000000000003,28,7,0,,,活动中,7天无理由|蚂蚁花呗|信用卡支付|集分宝,3C数码配件,手机配件,手机充电器,,,2021-05-24,18:06:23,2天0分34秒,一,http://item.taobao.com/item.htm?id=642772511252,https://kandianbao.com/item/642772511252/, 
55,https://img.alicdn.com/imgextra/i1/2456967342/O1CN01xbOEkP246gWU0FRyz_!!0-item_pic.jpg,Type-c适用小米9耳机8转接头note3tpc-c数据线mix2s转换器tape-c听歌6x华为p30p20pro六mete锤子八tpyec坚果,	582815639489,,9.9,9.9,35,35,28.29%,2,328,0,36,3120,0.01%,356.40000000000003,0.00%,30888,736,522,0,,,活动中,7天无理由|蚂蚁花呗|信用卡支付|集分宝,3C数码配件,数码周边,数据线,,,2021-05-23,15:59:01,21时53分12秒,日,http://item.taobao.com/item.htm?id=582815639489,https://kandianbao.com/item/582815639489/,质量效果很好(2);价钱便宜(6);包装很好拆(3);很方便(3);发货准时(3);电流声明显(5)
56,https://img.alicdn.com/imgextra/i1/2456967342/O1CN01hAyt0o246gWh3lNzB_!!2456967342-0-lubanu-s.jpg,能适 小米9钢化膜小米8cc9e红米k20pro k30手机note7note8全屏全覆盖八贴膜九高清无白边防指纹防爆膜,	623665215595,,6.9,6.9,19,19,36.32%,12,162,0,37,733,0.01%,255.3,0.00%,5057.7,80,156,0,,,活动中,7天无理由|蚂蚁花呗|信用卡支付|集分宝,3C数码配件,手机配件,手机贴膜,,,2021-05-26,15:35:23,3天21时29分34秒,三,http://item.taobao.com/item.htm?id=623665215595,https://kandianbao.com/item/623665215595/,质量超好(3);大小合适(4);快递挺快的(2);手感不错(2);包装很精致(2)
57,https://img.alicdn.com/imgextra/i2/2456967342/O1CN01oSBPBc246gaHPNfoh_!!0-item_pic.jpg,能适 适用iPhone12手机壳苹果12pro十二磨砂透明超薄新款全包镜头防摔摄像头简约保护套男女创意潮牌直角边,	632618391501,,15.9,15.9,22.9,22.9,69.43%,8,356,0,39,150,0.01%,620.1,0.00%,2385,54,31,0,,,活动中,7天无理由|蚂蚁花呗|信用卡支付|集分宝,3C数码配件,手机配件,手机保护套/壳,,,2021-05-28,14:21:20,5天20时15分31秒,五,http://item.taobao.com/item.htm?id=632618391501,https://kandianbao.com/item/632618391501/, 
58,https://img.alicdn.com/imgextra/i1/2456967342/O1CN01pXCXxl246gXCRwgbR_!!0-item_pic.jpg,能适 车载充电器适用苹果华为小米安卓多口车充点烟器一拖二双usb2A快充多功能手机汽车一分二插座车充,	561292594239,,18.8,18.8,28,28,67.14%,1,74,0,39,3161,0.01%,733.2,0.00%,59426.8,458,148,0,,,活动中,7天无理由|蚂蚁花呗|信用卡支付|集分宝,3C数码配件,车载手机配件,车载充电器,,,2021-05-25,12:23:40,2天18时17分51秒,二,http://item.taobao.com/item.htm?id=561292594239,https://kandianbao.com/item/561292594239/,快递物流很快(2)
59,https://img.alicdn.com/imgextra/i1/2456967342/O1CN01kplEdf246gXe8cLmL_!!0-item_pic.jpg,type-c数据线适用华为p30p20p10p9快充mate充电器线tapc荣耀v10tepyc小米8原装nova7pro正品手机6x线加长,	629352399250,,16.9,19.9,28,38,52.37%,6,1523,0,40,371,0.01%,723.9999999999999,0.00%,6715.099999999999,84,70,0,,,活动中,7天无理由|蚂蚁花呗|信用卡支付|集分宝,3C数码配件,手机配件,手机数据线,,,2021-05-25,13:07:50,2天19时2分1秒,二,http://item.taobao.com/item.htm?id=629352399250,https://kandianbao.com/item/629352399250/,充电速度快(4);价格便宜实惠(2)
60,https://img.alicdn.com/imgextra/i1/2456967342/O1CN01GdH5mZ246gXoMJO7I_!!0-item_pic.jpg,能适 懒人手机支架桌面ipad架子网课平板电脑通用拍摄主播直播床头升降多功能支撑座抖音神器可调节简约小巧,	617059461749,桌面支架1,12.9,19.0,18,39,48.72%,6,3128,0,44,8307,0.01%,674.96,0.00%,127429.38,2156,1649,0,,,活动中,7天无理由|蚂蚁花呗|信用卡支付|集分宝,3C数码配件,手机配件,手机支架/手机座,,,2021-05-25,20:51:32,3天2时45分43秒,二,http://item.taobao.com/item.htm?id=617059461749,https://kandianbao.com/item/617059461749/,很稳固(2);安装简单(5);质量效果很好(5);价钱便宜(8);外观颜值很高(3);底盘不坚实(3)
61,https://img.alicdn.com/imgextra/i1/2456967342/O1CN01jPfg7A246gT37uSOx_!!2456967342.jpg,适用OPPO闪充k1数据线r9 r9s R11s a11 R15x a9x a9s a5 a3 a57通用a73安卓手机快充充电器原装正品plus加长,	586795784780,,12.9,50.0,25,65,76.92%,9,2699,0,50,8946,0.01%,1387,0.01%,248162.04,1976,1814,0,,,活动中,7天无理由|蚂蚁花呗|信用卡支付|集分宝,3C数码配件,数码周边,数据线,,,2021-05-28,20:53:23,6天2时47分34秒,五,http://item.taobao.com/item.htm?id=586795784780,https://kandianbao.com/item/586795784780/,发货太快了(5);充电速度快(4);值得信赖卖家(3);质量不错(4);价格比较实惠(7);会回购(4)
62,https://img.alicdn.com/imgextra/i4/2456967342/O1CN01uZUdit246gaqbLBpP_!!0-item_pic.jpg,能适 真无线蓝牙耳机双耳适用于苹果11小米oppo华为iphone12华强北三代3二运动主动降噪迷你正品原装超长续航,	643781744339,,139.0,188.0,299,399,47.12%,6,1139,0,53,55,0.01%,8405.8,0.04%,8723,112,2,0,,,活动中,7天无理由|蚂蚁花呗|信用卡支付|集分宝,影音电器,蓝牙耳机,蓝牙耳机,,,2021-05-25,11:41:53,2天17时36分4秒,二,http://item.taobao.com/item.htm?id=643781744339,https://kandianbao.com/item/643781744339/, 
63,https://img.alicdn.com/imgextra/i2/2456967342/O1CN01OgtqKk246gaUcUGaN_!!0-item_pic.jpg,能适 usb小风扇迷你超静音手持电风扇便携式随身小型电动手拿学生儿童婴儿扇可充电宿舍大风力办公室桌上桌面,	639660125398,,23.9,23.9,39.9,39.9,59.90%,4,51,0,56,72,0.01%,1338.3999999999999,0.01%,1720.8,38,13,0,,,活动中,7天无理由|蚂蚁花呗|信用卡支付|集分宝,3C数码配件,USB数码周边,USB风扇,,,2021-05-27,17:17:36,4天23时11分47秒,四,http://item.taobao.com/item.htm?id=639660125398,https://kandianbao.com/item/639660125398/, 
64,https://img.alicdn.com/imgextra/i2/2456967342/O1CN01tDKb9K246gansfdpS_!!2456967342.jpg,能适蓝牙耳机2021年新款适用苹果真无线iphone12华为圆形超长待机小米入耳式vivo原装正品oppo运动11专用,	642643154244,,79.0,79.0,199,199,39.70%,3,78,0,61,68,0.01%,4819,0.02%,5372,182,5,0,,,活动中,7天无理由|蚂蚁花呗|信用卡支付|集分宝,影音电器,蓝牙耳机,蓝牙耳机,,,2021-05-27,15:48:56,4天21时43分7秒,四,http://item.taobao.com/item.htm?id=642643154244,https://kandianbao.com/item/642643154244/, 
65,https://img.alicdn.com/imgextra/i4/2456967342/O1CN01DlEHaf246galtjjR0_!!0-item_pic.jpg,【风向可调节】USB小电风扇迷你女生夏天学生手持随身便携式可充电式桌面超静音定制logo手拿小型微型可爱,	592649422521,,29.0,29.0,59,59,49.15%,4,245,0,69,3531,0.01%,2001,0.01%,102399,832,230,0,,,活动中,7天无理由|蚂蚁花呗|信用卡支付|集分宝,3C数码配件,USB数码周边,USB风扇,,,2021-05-25,22:53:42,3天4时47分53秒,二,http://item.taobao.com/item.htm?id=592649422521,https://kandianbao.com/item/592649422521/, 
66,https://img.alicdn.com/imgextra/i1/2456967342/O1CN01YDFYBW246gZBOIcN2_!!2456967342.jpg,能适 Type-c音频线aux转接车用转3.5mm车载音箱耳机双头插公对公连接汽车音响线适用安卓华为p30pro小米9手机,	618686580745,,15.0,23.0,29,39,58.97%,8,2928,0,78,1159,0.02%,1419.6000000000001,0.01%,21093.800000000003,252,188,0,,,活动中,7天无理由|蚂蚁花呗|信用卡支付|集分宝,3C数码配件,家电影音周边配件,视频线/音频线/AV线,,,2021-05-24,14:43:34,1天20时37分45秒,一,http://item.taobao.com/item.htm?id=618686580745,https://kandianbao.com/item/618686580745/,音质清晰(2);声音很清晰(3);质量效果很好(3);用起来挺好的(3);客服服务很好(2);音质一般(2)
67,https://img.alicdn.com/imgextra/i1/2456967342/O1CN01EAEnMP246gZDaXoRK_!!2456967342.jpg,能适 【手游不挡手】苹果X数据线xs max快充iPhone6充电器线6s七5S弯头7plus加长P手机8X游戏加长ipad正品,	574740744088,,6.9,10.9,25,25,43.60%,9,6071,0,81,7879,0.02%,688.5,0.00%,66971.5,1004,1404,0,,,活动中,7天无理由|蚂蚁花呗|信用卡支付|集分宝,3C数码配件,手机配件,手机数据线,,,2021-05-23,22:34:54,1天4时29分5秒,日,http://item.taobao.com/item.htm?id=574740744088,https://kandianbao.com/item/574740744088/,性价比高(7);质量效果很好(4);手感不错(2);发货物流快(3);客服服务很好(2);会回购(3)
68,https://img.alicdn.com/imgextra/i4/2456967342/O1CN01YX7RPh246gZUCB2U8_!!0-item_pic.jpg,适用华为充电器头Typec超级快充6nova5mate20手机10pro闪充5A数据线P40p30p20p10原装正品荣耀v8v9v10套装40w,	636936248521,,13.9,80.9,25,108,74.91%,11,854,0,87,378,0.02%,3540.9,0.02%,15384.6,122,68,0,,,活动中,7天无理由|蚂蚁花呗|信用卡支付|集分宝,3C数码配件,手机配件,手机充电器,,,2021-05-26,17:16:13,3天23时10分24秒,三,http://item.taobao.com/item.htm?id=636936248521,https://kandianbao.com/item/636936248521/,充电速度快(3);十分耐用(2);质量效果很好(4);快递很快(2)
69,https://img.alicdn.com/imgextra/i1/2456967342/O1CN010eXOa7246gT4LhnuX_!!2456967342.jpg,能适 适用华为充电器荣耀8青春版畅玩6X 5C5A6S麦芒4畅享7mate8 P8闪充原装正品通用加长快充数据线多孔多口,	583805754588,,12.9,32.9,18,35,94.00%,8,9558,0,89,13204,0.02%,1860.1,0.01%,275963.6,2798,2381,0,,,活动中,7天无理由|蚂蚁花呗|信用卡支付|集分宝,3C数码配件,手机配件,手机充电器,,,2021-05-23,20:31:22,1天2时25分33秒,日,http://item.taobao.com/item.htm?id=583805754588,https://kandianbao.com/item/583805754588/,充电速度快(2);无数次回购(3);价钱便宜(9);质量不错(11);与描述一致(2);发货物流快(8)
70,https://img.alicdn.com/imgextra/i1/2456967342/O1CN01ZUrL8y246gZB7zpvL_!!2456967342.jpg,能适 懒人手机支架桌面ipad架子网课平板电脑通用拍摄主播直播床头多功能支撑座抖音神器简约小巧,	628767469578,手机支架1,9.9,9.9,29,29,34.14%,3,3391,0,95,1078,0.02%,940.5,0.00%,10672.2,252,169,0,,,活动中,7天无理由|蚂蚁花呗|信用卡支付|集分宝,3C数码配件,手机配件,手机支架/手机座,,,2021-05-25,17:29:39,2天23时23分50秒,二,http://item.taobao.com/item.htm?id=628767469578,https://kandianbao.com/item/628767469578/,安装简单(4);质量效果很好(6);小巧精致(3);外观颜值很高(3);很实用(2);物美价廉(3)
71,https://img.alicdn.com/imgextra/i1/2456967342/O1CN01LHMJOj246gakf8rkR_!!0-item_pic.jpg,Type-c数据线编织适用华为p40小米10原装mate30闪充6正品5A荣耀9vivo充电器线tpc超级快充tpyec通用typc8手机,	629351451691,,12.9,16.9,25,38,44.47%,8,3105,0,99,771,0.02%,1435.5,0.01%,11179.5,204,131,0,,,活动中,7天无理由|蚂蚁花呗|信用卡支付|集分宝,3C数码配件,数码周边,数据线,,,2021-05-25,12:57:00,2天18时51分11秒,二,http://item.taobao.com/item.htm?id=629351451691,https://kandianbao.com/item/629351451691/,很结实(3);质量不错(4);接口太松(2)
72,https://img.alicdn.com/imgextra/i1/2456967342/O1CN01NZpNOK246gWuVSJQR_!!2456967342-0-lubanu-s.jpg,能适 耳塞适用苹果Type-c华为小米vivo一加安卓oppo耳机原装iPhone6正品入耳式6s手机扁头iPad有线线控重低音,	526454296777,,19.0,19.0,58,58,32.76%,3,1076,0,102,1186305,0.02%,1938,0.01%,22539795,109400,593,15,,,活动中,7天无理由|蚂蚁花呗|信用卡支付|集分宝,影音电器,手机耳机,手机耳机,,,2021-05-22,15:54:11,2时11分23秒,六,http://item.taobao.com/item.htm?id=526454296777,https://kandianbao.com/item/526454296777/,声音很小(4);低音还好(2);音质清晰(11);性价比高(5);服务态度很好(7);音质音效差(2)
73,https://img.alicdn.com/imgextra/i3/2456967342/O1CN01qPPZtL246gakVmxYx_!!2456967342.jpg,安卓数据线高速快充usb通用液态硅胶适用华为小米三星oppo红米荣耀vivo酷派手机充电器加长2米原装正品短闪充,	643435391193,,7.9,15.9,15.9,29.9,53.18%,12,935,0,110,113,0.02%,1221.0000000000002,0.01%,1254.3000000000002,38,18,0,,,活动中,7天无理由|蚂蚁花呗|信用卡支付|集分宝,3C数码配件,手机配件,手机数据线,,,2021-05-26,16:57:40,3天22时51分51秒,三,http://item.taobao.com/item.htm?id=643435391193,https://kandianbao.com/item/643435391193/, 
74,https://img.alicdn.com/imgextra/i1/2456967342/O1CN01g9t9gW246gWO57aun_!!0-item_pic.jpg,能适 苹果6s数据线iPhone11pro Xs max加长5s手机Plus充电线器7P快充8短x正品5单头6高速ipad2米闪充尼龙编织,	568179770100,,4.9,9.9,10,20,49.50%,8,1416,0,115,136322,0.02%,793.5000000000001,0.00%,940621.8000000002,16074,8362,0,,,活动中,7天无理由|蚂蚁花呗|信用卡支付|集分宝,3C数码配件,手机配件,手机数据线,,,2021-05-27,22:43:44,5天4时37分55秒,四,http://item.taobao.com/item.htm?id=568179770100,https://kandianbao.com/item/568179770100/,颜值挺可(6);充电速度快(15);接触灵敏(2);接触灵敏度好(2);长度足够(6);质量差(2)
75,https://img.alicdn.com/imgextra/i4/2456967342/O1CN01h1ZmFE246gZefqZBd_!!2456967342-0-lubanu-s.jpg,能适 苹果尼龙编织数据线iPhone11/12pro Xs max手机6s充电线器7P快充8Plus短x正品单头高速ipad2米快速闪充5,	637360267121,,9.9,15.9,15,30,53.00%,6,1864,0,123,629,0.03%,1512.9,0.01%,7736.700000000001,156,153,0,,,活动中,7天无理由|蚂蚁花呗|信用卡支付|集分宝,3C数码配件,手机配件,手机数据线,,,2021-05-25,14:47:10,2天20时41分21秒,二,http://item.taobao.com/item.htm?id=637360267121,https://kandianbao.com/item/637360267121/,充电速度快(6);长度足够(6);回购好评(3);跟描述一样(2);质量效果很好(17);价钱实惠(8)
76,https://img.alicdn.com/imgextra/i4/2456967342/O1CN010otI2l246gZDafOmD_!!2456967342.jpg,Airpods保护套Airpodspro保护壳2代1苹果液态硅胶纯色蓝牙无线耳机二代透明3pro超薄软套潮创意情侣日系ins三,	610158663949,,9.9,12.9,12,15,86.00%,14,4163,0,129,8062,0.03%,1431.9,0.01%,89488.20000000001,2982,1815,0,,,活动中,7天无理由|蚂蚁花呗|信用卡支付|集分宝,3C数码配件,MP3/MP4配件,耳机保护套,,,2021-05-26,22:47:22,4天4时41分33秒,三,http://item.taobao.com/item.htm?id=610158663949,https://kandianbao.com/item/610158663949/,很耐脏(2);用起来还行(2);质量可以(6);没有色差(2);大小合适(2);味道太大(2)
77,https://img.alicdn.com/imgextra/i1/2456967342/O1CN01tt1f6s246gaP5P6xO_!!0-item_pic.jpg,能适 USB可充电小电风扇迷你便携式超静音桌面定制logo广告礼品diy学生小型大风力容量微型手持女生可爱手拿,	600727731295,,23.9,23.9,69,69,34.64%,3,2712,0,134,6027,0.03%,3202.6,0.01%,144045.3,1938,570,0,,,活动中,7天无理由|蚂蚁花呗|信用卡支付|集分宝,3C数码配件,USB数码周边,USB风扇,,,2021-05-28,14:25:53,5天20时20分4秒,五,http://item.taobao.com/item.htm?id=600727731295,https://kandianbao.com/item/600727731295/,大风很给力(9);方便(3);外形美观(2);质感很棒(3);回购便宜(2);大风不给力(2)
78,https://img.alicdn.com/imgextra/i1/2456967342/O1CN01XrOGsQ246gaVVhwCe_!!0-item_pic.jpg,能适蓝牙耳机2021年新款适用苹果iphone12华为11原装翻盖入耳式vivo超长待机小米真无线正品运动oppo专用,	642974147400,,79.0,79.0,199,199,39.70%,3,135,0,135,151,0.03%,10665,0.05%,11929,684,17,0,,,活动中,7天无理由|蚂蚁花呗|信用卡支付|集分宝,影音电器,蓝牙耳机,蓝牙耳机,,,2021-05-27,14:21:38,4天20时15分49秒,四,http://item.taobao.com/item.htm?id=642974147400,https://kandianbao.com/item/642974147400/, 
79,https://img.alicdn.com/imgextra/i1/2456967342/O1CN015ZBOT2246gX0QdkT5_!!2456967342.jpg,能适 mini梯形口usb老式旧款数据连接线通用移动硬盘mp3v3收音机4车载行车记录仪相机老年机电源充电线t型口,	601833999647,,5.9,13.9,10,20,69.50%,5,4336,0,163,4458,0.03%,1483.3000000000002,0.01%,40567.8,342,403,0,,,活动中,7天无理由|蚂蚁花呗|信用卡支付|集分宝,3C数码配件,数码周边,数据线,,,2021-05-23,20:46:17,1天2时40分28秒,日,http://item.taobao.com/item.htm?id=601833999647,https://kandianbao.com/item/601833999647/,价格很低(2);质量很不错(2);卖家服务很好(2)
80,https://img.alicdn.com/imgextra/i3/2456967342/O1CN01UvasjD246gZB81FQ7_!!2456967342.jpg,能适 适用苹果aux音频线转接车用iPhone 11promax/7/8plus车载Xr音箱公头连接汽车音响3.5mm插头耳机se手机x,	619511367563,,17.0,25.0,26,30,83.33%,8,2620,0,170,3341,0.04%,3434.0000000000005,0.02%,67488.20000000001,592,531,0,,,活动中,7天无理由|蚂蚁花呗|信用卡支付|集分宝,3C数码配件,家电影音周边配件,视频线/音频线/AV线,,,2021-05-24,14:10:38,1天20时4分49秒,一,http://item.taobao.com/item.htm?id=619511367563,https://kandianbao.com/item/619511367563/,音质音效不错(8);质量效果很好(3);用着非常好(2);商家服务好(3);物有所值(4)
81,https://img.alicdn.com/imgextra/i1/2456967342/O1CN01uJxfJA246gYA8t2dj_!!0-item_pic.jpg,适用iwatch苹果手表表带watch6/5/4/3/2/1代38/40/42/44mm硅胶尼龙回环原装男女个性潮牌正品运动型iserise五,	609626025792,,19.0,52.0,55,59,88.14%,68,1341,0,174,3163,0.04%,5602.8,0.02%,101848.6,1132,749,0,,,活动中,7天无理由|蚂蚁花呗|信用卡支付|集分宝,智能设备,智能设备配件,智能手表手环表带/腕带,,,2021-05-24,21:01:56,2天2时56分7秒,一,http://item.taobao.com/item.htm?id=609626025792,https://kandianbao.com/item/609626025792/,颜色非常好看(6);没有不适感(4);价格实惠(3);质量不错(6);好看(2);表带短(4)
82,https://img.alicdn.com/imgextra/i1/2456967342/O1CN01RmqS0v246gSzrOU9i_!!2456967342.jpg,小米9/8se6x 5/5s mix2s/3红米note4x note3/7 6a 6Pro充电器头k20手机max2数据线原装正品快充多口多头闪充,	575858672350,,13.9,32.9,18,35,94.00%,13,5884,0,198,35009,0.04%,4257,0.02%,752693.5,6954,2466,1,,,活动中,7天无理由|蚂蚁花呗|信用卡支付|集分宝,3C数码配件,手机配件,手机充电器,,,2021-05-26,15:29:09,3天21时23分20秒,三,http://item.taobao.com/item.htm?id=575858672350,https://kandianbao.com/item/575858672350/,充电速度快(5);出门携带方便(2);太方便了(2);质量效果很好(10);多次复购(2);小巧精致(3)
83,https://img.alicdn.com/imgextra/i4/2456967342/O1CN01fIMmJe246gZzS08L8_!!0-item_pic.jpg,磁吸数据线磁铁磁性充电线器头网红强磁力安卓适用type-c苹果7三合一二合一手机5A快充车载华为一拖二一拖三,	640329939845,,6.9,20.9,19.9,39.9,52.38%,7,294,0,212,340,0.04%,2650,0.01%,4250,104,53,0,,,活动中,7天无理由|蚂蚁花呗|信用卡支付|集分宝,3C数码配件,手机配件,手机数据线,,,2021-05-27,17:07:46,4天23时1分57秒,四,http://item.taobao.com/item.htm?id=640329939845,https://kandianbao.com/item/640329939845/, 
84,https://img.alicdn.com/imgextra/i2/2456967342/O1CN01bSgzPl246gZtGHg4n_!!0-item_pic.jpg,适用airpods保护套苹果耳机卡通可爱airpods2二代iPhone硅胶ipod蓝牙盒aipods壳一代通用airpod套保护壳,	639117361884,,12.9,12.9,29,29,44.48%,7,142,0,221,602,0.05%,2850.9,0.01%,7765.8,382,102,0,,,活动中,7天无理由|蚂蚁花呗|信用卡支付|集分宝,3C数码配件,MP3/MP4配件,耳机保护套,,,2021-05-28,21:28:39,6天3时22分50秒,五,http://item.taobao.com/item.htm?id=639117361884,https://kandianbao.com/item/639117361884/,质量超好(3);很可爱(8);色差很大(2)
85,https://img.alicdn.com/imgextra/i1/2456967342/O1CN01EhHUwC246gWRhNUEN_!!0-item_pic.jpg,Type-c数据线适用OPPO闪充k3 R17 pro Find x reno2 z3vivo nex x27原装正品k5手机tpc快充iqoo4充电器5A加长,	598555125787,,13.9,17.9,39,39,45.90%,3,764,0,263,3324,0.05%,4076.5000000000005,0.02%,51522.00000000001,802,600,0,,,活动中,7天无理由|蚂蚁花呗|信用卡支付|集分宝,3C数码配件,数码周边,数据线,,,2021-05-23,20:39:15,1天2时33分26秒,日,http://item.taobao.com/item.htm?id=598555125787,https://kandianbao.com/item/598555125787/,充电速度快(7);价钱实惠(4);做工特别精致(3);快递物流很快(7);客服服务很好(14);快递很慢(3)
86,https://img.alicdn.com/imgextra/i4/2456967342/O1CN01JqblLE246gae50Xuw_!!0-item_pic.jpg,Type-c 5A超级快充p30P40适用华为Mate30荣耀v9v30和头66w原厂8pro充电器线3e数据线nova7se原装5正品2米tapc,	569200853083,,11.9,18.9,15,20,94.50%,10,16145,0,281,38978,0.06%,4130.700000000001,0.02%,572976.6000000001,6162,4860,0,,,活动中,7天无理由|蚂蚁花呗|信用卡支付|集分宝,3C数码配件,数码周边,数据线,,,2021-05-24,13:32:26,1天19时26分37秒,一,http://item.taobao.com/item.htm?id=569200853083,https://kandianbao.com/item/569200853083/,质量超好(7);服务态度很好(7);太值了(8);发货物流快(4)
87,https://img.alicdn.com/imgextra/i2/2456967342/O1CN01a2PZbM246ganE0Eib_!!2456967342.jpg,Type-c数据线液态硅胶适用华为mate30小米10原装p40闪充6正品5A荣耀9vivo充电器线tpc超级快充tpyec通用typc8,	642739869305,,7.9,15.9,15.9,29.9,53.18%,12,301,0,286,289,0.06%,3174.6000000000004,0.01%,3207.9000000000005,92,41,0,,,活动中,7天无理由|蚂蚁花呗|信用卡支付|集分宝,3C数码配件,手机配件,手机数据线,,,2021-05-26,16:14:03,3天22时8分14秒,三,http://item.taobao.com/item.htm?id=642739869305,https://kandianbao.com/item/642739869305/, 
88,https://img.alicdn.com/imgextra/i3/2456967342/O1CN01IhawRn246gakmyBdm_!!2456967342.jpg,适用苹果数据线液态硅胶iPhone12手机充电线6s器7P加长11pro快充2米ipad六8Plus冲7x平板xsmax闪充xr快x软胶5,	643431103912,,7.9,15.9,15.9,29.9,53.18%,12,1112,0,297,300,0.06%,3296.7000000000003,0.01%,3330.0000000000005,56,43,0,,,活动中,7天无理由|蚂蚁花呗|信用卡支付|集分宝,3C数码配件,手机配件,手机数据线,,,2021-05-26,16:39:07,3天22时33分18秒,三,http://item.taobao.com/item.htm?id=643431103912,https://kandianbao.com/item/643431103912/, 
89,https://img.alicdn.com/imgextra/i2/2456967342/O1CN01djEaoe246gZDCIKoG_!!2456967342.jpg,苹果安卓18w闪充双口适用小米华为vivo7充电器头x快速iPhone11套装多功能6快充8手机3.7v多口多孔USB插头9v2A,	599895971664,,16.9,33.9,39,69,49.13%,12,5394,0,305,9516,0.06%,7228.500000000001,0.03%,225529.20000000004,2074,2065,0,,,活动中,7天无理由|蚂蚁花呗|信用卡支付|集分宝,3C数码配件,手机配件,手机充电器,,,2021-05-24,14:00:00,1天19时54分11秒,一,http://item.taobao.com/item.htm?id=599895971664,https://kandianbao.com/item/599895971664/,不会发烫(2);充电速度快(8);质量效果很好(16);多次复购(5);外观颜值很高(3);顺丰速度很快(11)
90,https://img.alicdn.com/imgextra/i1/2456967342/O1CN01dxpsky246gaJ9gTD9_!!0-item_pic.jpg,能适 双模充电宝和充电器二合一小巧便携5000毫安适用于苹果小米华为手机移动电源QC3.0快充大功率专用大容量,	615966586281,,59.0,59.0,99,99,59.60%,1,145,0,309,4446,0.06%,18231,0.08%,262314,4594,1724,0,,,活动中,7天无理由|蚂蚁花呗|信用卡支付|集分宝,3C数码配件,便携电源,移动电源,,,2021-05-24,17:10:14,1天23时4分25秒,一,http://item.taobao.com/item.htm?id=615966586281,https://kandianbao.com/item/615966586281/,电很抗用(2);电量足(10);续航时间长(4);不会发烫(8);充电速度快(39);容量大(43)
91,https://img.alicdn.com/imgextra/i1/2456967342/O1CN010hNa6u246gZzDemEB_!!2456967342-0-lubanu-s.jpg,苹果PD20W快充数据线适用iphone12pro/11X/XR/7P 8Plus手机6s快速一套18W充电器头套装原装正品ipad插头5单头,	634532287469,,20.9,61.9,29,69.9,88.56%,7,7552,0,316,1594,0.07%,11786.8,0.05%,59456.2,740,342,0,,,活动中,7天无理由|蚂蚁花呗|信用卡支付|集分宝,3C数码配件,手机配件,手机数据线,,,2021-05-22,16:00:18,2时5分30秒,六,http://item.taobao.com/item.htm?id=634532287469,https://kandianbao.com/item/634532287469/,不会发烫(2);充电速度快(19);接触灵敏(2);支持正品(3);方便多了(4);质量差(2)
92,https://img.alicdn.com/imgextra/i1/2456967342/O1CN01ILE2hI246gT6REEgZ_!!2456967342.jpg,Type-c耳机扁口t–c适用 华为p20p30mate10pro荣耀线控v30小米8有线note3typec版mix2接口6x原装正品重低音,	568738668781,,19.9,19.9,28,28,71.07%,2,1020,0,324,16800,0.07%,6447.599999999999,0.03%,334320,3990,2188,1,,,活动中,7天无理由|蚂蚁花呗|信用卡支付|集分宝,影音电器,手机耳机,手机耳机,,,2021-05-22,18:39:11,33分22秒,六,http://item.taobao.com/item.htm?id=568738668781,https://kandianbao.com/item/568738668781/,没有噪音(3);音质特别好(25);声音效果棒(9);很清晰(2);比较实用(3);接触不良(3)
93,https://img.alicdn.com/imgextra/i4/2456967342/O1CN01Sn91Ee246gai0c0I3_!!2456967342.jpg,otg转接头苹果安卓type-c转usb3.0数据线适用华为小米iphone三星vivo手机通用连接u盘平板转换器连接口电脑,	625591783419,,9.9,17.9,39,39,45.90%,2,240,0,341,4505,0.07%,4467.1,0.02%,59015.50000000001,1950,656,0,,,活动中,7天无理由|蚂蚁花呗|信用卡支付|集分宝,3C数码配件,数码周边,数据线,,,2021-05-28,15:59:16,5天21时53分27秒,五,http://item.taobao.com/item.htm?id=625591783419,https://kandianbao.com/item/625591783419/,出门携带方便(3);用着挺好(2);质量超好(9);价钱便宜(9);小巧玲珑(2);很方便(8)
94,https://img.alicdn.com/imgextra/i1/2456967342/O1CN012mJKWC246gX9VlYz6_!!2456967342-0-lubanu-s.jpg,适用一加9数据线原装7 8pro/5 6t一加七手机充电器线DASH闪充头1+三快充五六正品20w30w高速warp快充Type-c八,	624443508276,,7.8,98.0,10.8,119,82.35%,7,6408,0,348,2693,0.07%,15270.240000000002,0.07%,118168.84000000001,912,731,0,,,活动中,7天无理由|蚂蚁花呗|信用卡支付|集分宝,3C数码配件,手机配件,手机数据线,,,2021-05-24,16:56:34,1天22时50分45秒,一,http://item.taobao.com/item.htm?id=624443508276,https://kandianbao.com/item/624443508276/,原装正品(2);和原装一致(3);充电速度快(8);接触灵敏度好(2);用着可以的(2);充电速度慢(2)
95,https://img.alicdn.com/imgextra/i4/2456967342/O1CN01tT3ieQ246gaYNbtcR_!!2456967342-0-lubanu-s.jpg,真无线蓝牙耳机适用苹果华为12iPhone11小米vivo运动oppo入耳式二代2原装正品7女生款x专用8大电量超长待机3,	626189592974,,106.0,136.0,399,399,34.09%,8,42800,0,372,1790,0.08%,43896.00000000001,0.20%,211220.00000000003,2904,541,0,,,活动中,7天无理由|蚂蚁花呗|信用卡支付|集分宝,影音电器,蓝牙耳机,蓝牙耳机,,,2021-05-23,16:12:58,22时7分9秒,日,http://item.taobao.com/item.htm?id=626189592974,https://kandianbao.com/item/626189592974/,耳朵不疼(2);续航能力强(19);蓝牙很稳定(2);很清晰(5);功能特方便(5);听歌快没电(3)
96,https://img.alicdn.com/imgextra/i3/2456967342/O1CN01Wxet6k246galH05mL_!!0-item_pic.jpg,安卓数据线适用小米手机红米note5高速4快充usb闪充原装正品充电器oppo华为10畅享9plus加长vivox21尼龙编织8,	563525000787,,9.9,19.8,15,25,79.20%,24,6267,0,402,70162,0.08%,5571.72,0.02%,972445.3200000001,11958,9465,1,,,活动中,7天无理由|蚂蚁花呗|信用卡支付|集分宝,3C数码配件,数码周边,数据线,,,2021-05-27,16:43:25,4天22时37分36秒,四,http://item.taobao.com/item.htm?id=563525000787,https://kandianbao.com/item/563525000787/,插口很紧(2);充电速度快(7);长度足够(6);十分耐用(5);二次回购(6);有点硬(2)
97,https://img.alicdn.com/imgextra/i4/2456967342/O1CN01ItsMVc246gZk0SFLS_!!2456967342.jpg,能适安卓数据线闪充适用手机小米红米高速快充usb快速vivo充电器线oppo华为nova3i畅想9plus加长尼龙编织短线,	616882989017,,4.9,11.9,6,22,54.09%,20,13376,0,412,11336,0.09%,3172.4000000000005,0.01%,87287.20000000001,1512,2158,0,,,活动中,7天无理由|蚂蚁花呗|信用卡支付|集分宝,3C数码配件,数码周边,数据线,,,2021-05-23,19:00:40,1天54分51秒,日,http://item.taobao.com/item.htm?id=616882989017,https://kandianbao.com/item/616882989017/,充电速度快(9);支持正品(2);长度足够(3);十分耐用(2);质量超好(30);价钱便宜(27)
98,https://img.alicdn.com/imgextra/i1/2456967342/O1CN01epmQj3246gWTef02h_!!0-item_pic.jpg,适用华为安卓数据线原装正品快充Mate8荣耀7C青春版八9I畅玩9a6X畅享8e麦芒6s手机蓝牙耳机充电线器P8闪充10,	621354143323,,6.9,17.9,10,20,89.50%,12,5070,0,541,20062,0.11%,6113.3,0.03%,226700.6,3702,3919,0,,,活动中,7天无理由|蚂蚁花呗|信用卡支付|集分宝,3C数码配件,数码周边,数据线,,,2021-05-28,22:32:28,6天4时26分39秒,五,http://item.taobao.com/item.htm?id=621354143323,https://kandianbao.com/item/621354143323/,很粗(2);原装正品(8);充电速度快(11);不硬(4);耐用性很高(3);发货物流慢(2)
99,https://img.alicdn.com/imgextra/i1/2456967342/O1CN017na6dW246gZxAd1xG_!!2456967342-0-lubanu-s.jpg,Type-c数据线适用tpyec华为6小米10红米k20k30pro8A note7快充tapyc手机typc2米tapec充电器3tapec编织tepyc9,	563699182441,,8.9,19.8,20,20,99.00%,24,9384,0,568,43853,0.12%,7531.680000000001,0.03%,581490.78,6816,6100,0,,,活动中,7天无理由|蚂蚁花呗|信用卡支付|集分宝,3C数码配件,数码周边,数据线,,,2021-05-27,17:09:57,4天23时4分8秒,四,http://item.taobao.com/item.htm?id=563699182441,https://kandianbao.com/item/563699182441/,插口合适(3);充电速度快(11);比较耐用(2);用着还不错(8);比较柔软(4);充电速度慢(4)
100,https://img.alicdn.com/imgextra/i1/2456967342/O1CN011O9t5M246gZxn9L5Y_!!2456967342.jpg,能适 多口usb充电器头安卓适用快充三孔快速插头双口iphone7三口插头苹果5v2a多8华为oppo小米9手机ipad多插,	625223219930,,29.0,29.0,69,69,42.03%,2,130,0,602,6392,0.12%,17458,0.08%,185368,5068,2179,0,,,活动中,7天无理由|蚂蚁花呗|信用卡支付|集分宝,3C数码配件,手机配件,手机充电器,,,2021-05-29,17:25:37,6天23时19分48秒,六,http://item.taobao.com/item.htm?id=625223219930,https://kandianbao.com/item/625223219930/,不会发烫(27);支持正品(9);不会松动(3);接触性很棒(11);出门携带方便(24);有点小贵(2)
101,https://img.alicdn.com/imgextra/i1/2456967342/O1CN01oU9AbY246gaV96FJF_!!0-item_pic.jpg,能适三合一数据线快充一拖二一拖三充电线适用苹果二合一安卓快速手机多功能多头汽车车载type-c三头华为加长,	572220327469,,12.9,17.9,18,25,71.60%,12,12369,0,682,53194,0.14%,10161.800000000001,0.05%,792590.6,7530,3315,0,,,活动中,7天无理由|蚂蚁花呗|信用卡支付|集分宝,3C数码配件,手机配件,手机数据线,,,2021-05-27,17:24:14,4天23时18分25秒,四,http://item.taobao.com/item.htm?id=572220327469,https://kandianbao.com/item/572220327469/,插口很紧(2);充电速度快(13);长度刚好(2);接触灵敏度好(5);跟图片一样(2);接触不好(2)
102,https://img.alicdn.com/imgextra/i4/2456967342/O1CN01zQIYqW246gaDJCNOs_!!2456967342.jpg,能适 弯头快充数据线适用iPhone苹果11充电器线6x原装12pro正品xs手机7Plus快速xr冲电msx闪充ipad8P加长max,	639845969681,,13.9,20.9,19.9,39.9,52.38%,3,191,0,754,1232,0.16%,12591.8,0.06%,20574.399999999998,242,165,0,,,活动中,7天无理由|蚂蚁花呗|信用卡支付|集分宝,3C数码配件,手机配件,手机数据线,,,2021-05-29,14:09:42,6天20时3分53秒,六,http://item.taobao.com/item.htm?id=639845969681,https://kandianbao.com/item/639845969681/,冲电很快(2);使用方便(2);很结实(2);物美价廉(6)
103,https://img.alicdn.com/imgextra/i4/2456967342/O1CN010F5P1L246gaalkFkw_!!0-item_pic.jpg,USB可充电小电风扇迷你便携式超静音学生小型大风力定制logo广告礼品diy刻字批发手拿手持随身可爱电池两用,	567913052820,,11.9,22.9,49,49,46.73%,9,3150,0,768,546137,0.16%,12518.400000000001,0.06%,8902033.1,165006,99691,2,,,活动中,7天无理由|蚂蚁花呗|信用卡支付|集分宝,3C数码配件,USB数码周边,USB风扇,,,2021-05-26,15:18:53,3天21时13分4秒,三,http://item.taobao.com/item.htm?id=567913052820,https://kandianbao.com/item/567913052820/,电量耐用(5);大风很给力(84);还会来(7);价钱便宜(41);跟图片上一样(2);风没有很大(11)
104,https://img.alicdn.com/imgextra/i3/2456967342/O1CN01OohXQ7246gZaTQE8g_!!0-item_pic.jpg,能适 iPhone12mini钢化膜11pro max适用苹果Xs手机贴膜XsMax全屏覆盖11pro/7/8plus5.5抗指纹XR高清防爆膜8p,	616981642319,,7.9,18.9,8,39,48.46%,45,48883,0,941,20341,0.19%,11574.3,0.05%,250194.3,2244,3326,0,,,活动中,7天无理由|蚂蚁花呗|信用卡支付|集分宝,3C数码配件,手机配件,手机贴膜,,,2021-05-28,18:01:20,5天23时55分31秒,五,http://item.taobao.com/item.htm?id=616981642319,https://kandianbao.com/item/616981642319/,贴上去挺适合(2);白边很贴合(2);贴膜神器(5);触感灵敏(3);很灵敏(2);质量差(13)
105,https://img.alicdn.com/imgextra/i1/2456967342/O1CN01xieV9S246gZChmJvs_!!0-item_pic.jpg,适用戴森吹风机保护套 戴森电吹风贴纸 皮套贴膜硅胶防磕碰高端外壳便携二代全包防水收纳盒三代保护壳,	609301023869,,10.9,59.0,49,69,85.51%,8,1051,0,1467,25598,0.30%,44215.380000000005,0.20%,771523.7200000001,6314,4539,0,,,活动中,7天无理由|蚂蚁花呗|信用卡支付|集分宝,3C数码配件,数码包/收纳/整理,数码收纳整理包,,,2021-05-23,12:24:19,18时18分30秒,日,http://item.taobao.com/item.htm?id=609301023869,https://kandianbao.com/item/609301023869/,防摔一流(2);操作简单(2);兔子手感很好(21);很好用(13);没有异味(11);手感不好(2)
106,https://img.alicdn.com/imgextra/i2/2456967342/O1CN012ifmBV246gabJBZiA_!!0-item_pic.jpg,三合一快充数据线液态硅胶适用苹果type-c安卓手机华为一拖三充电线器小米三头多功能3oppo车载加长vivo通用,	642736425275,,10.9,16.9,19.9,29.9,56.52%,9,683,0,1537,1563,0.32%,20442.100000000002,0.09%,20787.9,466,188,0,,,活动中,7天无理由|蚂蚁花呗|信用卡支付|集分宝,3C数码配件,手机配件,手机数据线,,,2021-05-26,15:34:17,3天21时28分28秒,三,http://item.taobao.com/item.htm?id=642736425275,https://kandianbao.com/item/642736425275/,充电速度快(2);性价比高(3);很方便(6)
107,https://img.alicdn.com/imgextra/i4/2456967342/O1CN01IXsCdl246gaVuqhxR_!!2456967342.jpg,type-c数据线弯头超级快充适用华为vivo小米p30p40tpyec手机mate荣耀9v10游戏8原装正品tapyc加长tpc2米typc,	638730490761,,13.9,17.9,20,30,59.67%,6,14713,0,1961,5351,0.40%,30395.500000000004,0.14%,82940.50000000001,2430,1480,0,,,活动中,7天无理由|蚂蚁花呗|信用卡支付|集分宝,3C数码配件,数码周边,数据线,,,2021-05-27,10:36:52,4天16时31分3秒,四,http://item.taobao.com/item.htm?id=638730490761,https://kandianbao.com/item/638730490761/,粗细一致(2);打游戏过瘾(6);不会发烫(6);充电速度快(54);支持正品(5);充电速度慢(3)
108,https://img.alicdn.com/imgextra/i1/2456967342/O1CN012ipWNf246gZtjAjxI_!!0-item_pic.jpg,能适苹果安卓通用充电器头多接口6数据线套装8x多功能快充6s小米三星乐视单头手机多口多孔双口USB插头9v5v2a,	560531628509,,12.0,29.0,15,30,96.67%,19,21612,0,2000,352809,0.41%,37600.00000000001,0.17%,6632809.200000001,54100,11410,0,,,活动中,7天无理由|蚂蚁花呗|信用卡支付|集分宝,3C数码配件,手机配件,手机充电器,,,2021-05-25,18:11:52,3天6分3秒,二,http://item.taobao.com/item.htm?id=560531628509,https://kandianbao.com/item/560531628509/,不容易发热(7);质量超好(84);价钱便宜(51);快递物流很快(37);很柔软(2);充电速度慢(3)
109,https://img.alicdn.com/imgextra/i3/2456967342/O1CN01AYshNR246galEW073_!!0-item_pic.jpg,20w双口快充适用苹果PD充电器头iphone11pro数据线XS套装手机7Plus闪充max一套8P原装正品ipad平板插头X多口,	619431524597,,39.0,59.0,59,99,59.60%,7,747,0,2071,3139,0.43%,97337,0.43%,147533,2562,811,0,,,活动中,7天无理由|蚂蚁花呗|信用卡支付|集分宝,3C数码配件,手机配件,手机充电器,,,2021-05-24,15:37:19,1天21时31分30秒,一,http://item.taobao.com/item.htm?id=619431524597,https://kandianbao.com/item/619431524597/,不会发烫(22);充电速度快(37);支持正品(12);反应迅速(2);耐用性很高(5);不值(2)
110,https://img.alicdn.com/imgextra/i1/2456967342/O1CN014M9cjW246gadT6f8u_!!0-item_pic.jpg,能适 车载aux音频线车用3.5mm公对公音响电脑手机连接汽车音箱两头双头弯头耳机音频连接线usb适用苹果type-c,	575063454270,,5.9,79.0,13,126,62.70%,24,7848,0,2185,81948,0.45%,76780.9,0.34%,2879652.72,11852,6895,0,,,活动中,7天无理由|蚂蚁花呗|信用卡支付|集分宝,3C数码配件,家电影音周边配件,视频线/音频线/AV线,,,2021-05-24,20:09:56,2天2时4分7秒,一,http://item.taobao.com/item.htm?id=575063454270,https://kandianbao.com/item/575063454270/,连接无问题(2);没有噪音(3);音质特别好(29);收音效果一流(2);声音很清晰(6);质量差(3)
111,https://img.alicdn.com/imgextra/i2/2456967342/O1CN01pFOpgH246gZt0WvH1_!!2456967342.jpg,蓝牙耳机无线双耳适用苹果iphone华为oppo小米入耳式11Xr超长续航待机7plus隐形四代通用s二代三代可爱运动12,	634927528316,,88.0,108.0,108,128,84.38%,10,3322,0,2349,9440,0.48%,225504,1.00%,906240,11810,3375,0,,,活动中,7天无理由|蚂蚁花呗|信用卡支付|集分宝,影音电器,蓝牙耳机,蓝牙耳机,,,2021-05-27,16:14:17,4天22时8分28秒,四,http://item.taobao.com/item.htm?id=634927528316,https://kandianbao.com/item/634927528316/,耳朵不疼(3);声音清晰(68);电量耐用(2);佩戴着舒服(62);低音效果很好(2);音质一般(3)
112,https://img.alicdn.com/imgextra/i4/2456967342/O1CN01tm7wVc246ga845nsO_!!0-item_pic.jpg,25w快充适用三星S8 S9 S10+ S20 s21充电器Type-c充电线note8/9/10/a8s A71手机快速数据线c9pro原装正品,	635696487145,,12.9,52.9,29,89,59.44%,9,5657,0,2770,10475,0.57%,80053,0.36%,302727.5,5184,3296,0,,,活动中,7天无理由|蚂蚁花呗|信用卡支付|集分宝,3C数码配件,手机配件,手机充电器,,,2021-05-24,13:55:07,1天19时49分18秒,一,http://item.taobao.com/item.htm?id=635696487145,https://kandianbao.com/item/635696487145/,和原装一致(26);没有延迟(2);音质音效不错(2);数据传输快(3);用着不错(34);质量差(3)
113,https://img.alicdn.com/imgextra/i3/2456967342/O1CN01Xk0ZPv246gawL1UAN_!!0-item_pic.jpg,适用于苹果耳机转接头iphone7转换器转接线充电二合一转接口se/8/x/xr/pro max手机lightning转3.5mm正品plus,	619865753885,,14.9,88.0,39,109,80.73%,9,5462,0,2773,38437,0.57%,122400.22,0.54%,1696609.18,15048,9625,0,,,活动中,7天无理由|蚂蚁花呗|信用卡支付|集分宝,3C数码配件,手机配件,手机数据线,,,2021-05-23,21:12:12,1天3时6分23秒,日,http://item.taobao.com/item.htm?id=619865753885,https://kandianbao.com/item/619865753885/,跟原装一样(7);吃鸡可以(2);没有噪音(79);不会发烫(12);没有延迟(3);接触不好(11)
114,https://img.alicdn.com/imgextra/i1/2456967342/O1CN01hv4H94246gaFXL5gy_!!2456967342-0-lubanu-s.jpg,适用iPhone快充数据线加长11苹果12pro充电器线6x原装正品xs手机7Plus快速闪充ipad平板8P1.5米七八2米3m超长,	632010136004,,12.9,23.9,19,35,68.29%,4,6364,0,2895,14340,0.60%,50083.5,0.22%,248082,3894,2974,0,,,活动中,7天无理由|蚂蚁花呗|信用卡支付|集分宝,3C数码配件,手机配件,手机数据线,,,2021-05-26,14:25:16,3天20时19分27秒,三,http://item.taobao.com/item.htm?id=632010136004,https://kandianbao.com/item/632010136004/,和原装一致(18);充电速度快(151);不卡顿(2);很稳定(5);使用方便(23);质量差(3)
115,https://img.alicdn.com/imgextra/i3/2456967342/O1CN01zraN7r246gaJt0A79_!!0-item_pic.jpg,手机支架桌面懒人直播平板电脑iPad床头万能通用支撑架折叠升降多功能伸缩可调节多机位双学生网课床头拍照,	639074599979,手机伸缩支架1,12.9,12.9,29.9,29.9,43.14%,4,2121,0,3140,4808,0.65%,40506,0.18%,62023.200000000004,1618,885,0,,,活动中,7天无理由|蚂蚁花呗|信用卡支付|集分宝,3C数码配件,手机配件,手机支架/手机座,,,2021-05-27,14:08:44,4天20时2分55秒,四,http://item.taobao.com/item.htm?id=639074599979,https://kandianbao.com/item/639074599979/,底座稳重(7);很稳固(8);安装简单(12);出门携带方便(4);使用方便(7);简易包装(2)
116,https://img.alicdn.com/imgextra/i1/2456967342/O1CN011Kq28V246gZwIiIal_!!0-item_pic.jpg,安卓数据线超长5m适用小米摄像头10米2米3充电器线8华为手机usb快充4电源线6延长线监控加长行车记录仪连接线,	606577300768,,5.9,38.9,10,69,56.38%,18,8383,0,4054,92461,0.84%,77431.40000000001,0.34%,1766005.1,18592,15732,0,,,活动中,7天无理由|蚂蚁花呗|信用卡支付|集分宝,3C数码配件,数码周边,数据线,,,2021-05-23,14:04:39,19时58分50秒,日,http://item.taobao.com/item.htm?id=606577300768,https://kandianbao.com/item/606577300768/,尺寸够(10);充电速度快(66);信号很强(3);接口接触很好(15);连接很稳(2);插头有点短(2)
117,https://img.alicdn.com/imgextra/i3/2456967342/O1CN01gRnVk3246gaWXcrXf_!!0-item_pic.jpg,适用vivo数据线x23x20双引擎闪充z5x安卓通用快充x21手机充电器线x9加长正品x7原装x6手机y67原配y66 Y93原厂,	602628102577,,7.9,98.0,15,129,75.97%,8,16782,0,4559,55835,0.94%,200322.46000000002,0.89%,2453389.9000000004,11200,12572,0,,,活动中,7天无理由|蚂蚁花呗|信用卡支付|集分宝,3C数码配件,手机配件,手机数据线,,,2021-05-23,17:43:10,23时37分21秒,日,http://item.taobao.com/item.htm?id=602628102577,https://kandianbao.com/item/602628102577/,很粗(8);还送了保护套(2);长度足够(48);出门携带方便(10);型号匹配(2);接触不良(3)
118,https://img.alicdn.com/imgextra/i4/2456967342/O1CN01dJfGFe246gZq4WURi_!!2456967342-0-lubanu-s.jpg,Type-c转接头二合一快充typc适用华为小米6x耳机8原装tpc9tapec转3.5mm线tpyec手机nova5直播转换器tapc7typc,	629359879164,,8.9,126.0,26.9,159,79.25%,12,3480,0,4960,37747,1.02%,276470.4,1.23%,2104017.7800000003,16612,9749,0,,,活动中,7天无理由|蚂蚁花呗|信用卡支付|集分宝,3C数码配件,数码周边,数据线,,,2021-05-25,16:00:46,2天21时54分57秒,二,http://item.taobao.com/item.htm?id=629359879164,https://kandianbao.com/item/629359879164/,电量耐用(2);充电速度快(157);音质特别好(231);支持正品(49);接口接触很好(29);声音变得好小(21)
119,https://img.alicdn.com/imgextra/i4/2456967342/O1CN012s3OGz246gaWjIRgb_!!0-item_pic.jpg,适用s21三星S8 S9 S10+ S20数据线Type-c充电线note9/10/a8s A71手机快速充电器线快充c9pro原装正品25w闪充,	616434860338,,12.9,98.0,29,108,90.74%,10,13311,0,5135,54596,1.06%,241036.90000000002,1.07%,2562736.24,6268,9396,0,,,活动中,7天无理由|蚂蚁花呗|信用卡支付|集分宝,3C数码配件,手机配件,手机数据线,,,2021-05-28,17:10:03,5天23时4分14秒,五,http://item.taobao.com/item.htm?id=616434860338,https://kandianbao.com/item/616434860338/,不会发烫(6);和原装一致(16);充电速度快(99);支持正品(22);接触灵敏度好(24);不会再买了(2)
120,https://img.alicdn.com/imgextra/i4/2456967342/O1CN01dyqzwa246gafNvAix_!!2456967342-0-lubanu-s.jpg,适用OPPO超级闪充r15 R11s R9s充电线R17数据线R7手机冲k5安卓快速k3快充充电器线专用原装正品type-c加长r11,	602697108390,,6.9,45.0,10,99,45.45%,13,18029,0,5914,250800,1.22%,130935.96,0.58%,5552712,45208,60993,0,,,活动中,7天无理由|蚂蚁花呗|信用卡支付|集分宝,3C数码配件,手机配件,手机数据线,,,2021-05-28,01:35:04,5天7时29分15秒,五,http://item.taobao.com/item.htm?id=602697108390,https://kandianbao.com/item/602697108390/,寿命长(2);接触很灵敏(56);电量耐用(3);充电速度快(432);接触灵敏度好(68);充不进去电(2)
121,https://img.alicdn.com/imgextra/i4/2456967342/O1CN01Drf8HJ246gZu06Wax_!!0-item_pic.jpg,双type-c数据线tapec双头pd快充ctoc适用小米华为荣耀tpc三星充电线两头typc公对公苹果笔记本电脑双向tpyec,	609572264725,,9.9,55.9,19,89,62.81%,15,5124,0,6348,119519,1.31%,179648.4,0.80%,3382387.7,20678,32524,0,,,活动中,7天无理由|蚂蚁花呗|信用卡支付|集分宝,3C数码配件,数码周边,数据线,,,2021-05-25,14:24:44,2天20时18分55秒,二,http://item.taobao.com/item.htm?id=609572264725,https://kandianbao.com/item/609572264725/,充电速度快(330);传输速度快(4);支持正品(67);接触灵敏度好(17);长度足够(89);太细(7)
122,https://img.alicdn.com/imgextra/i2/2456967342/O1CN01B5Zhod246gZokIdgf_!!2456967342-0-lubanu-s.jpg,适用iPhone快充数据线苹果11/12pro充电器线6x原装正品xs手机7Plus快速xr冲电msx闪充ipad平板8P加长max,	611169425714,,12.9,98.0,29,139,70.50%,13,8654,0,9142,128822,1.89%,429125.48000000004,1.91%,6046904.680000001,28438,26331,0,,,活动中,7天无理由|蚂蚁花呗|信用卡支付|集分宝,3C数码配件,手机配件,手机数据线,,,2021-05-23,21:11:52,1天3时6分3秒,日,http://item.taobao.com/item.htm?id=611169425714,https://kandianbao.com/item/611169425714/,杂音不伤耳膜(4);电量耐用(6);识别挺好的(2);传输速度快(2);音质特别好(10);服务不咋地(11)
123,https://img.alicdn.com/imgextra/i3/2456967342/O1CN012mCDYb246gaKdw8tm_!!2456967342-0-lubanu-s.jpg,适用小米9闪充10Type-c数据线6x快充8se5红米k20八3青春版K30原装正品note7tape充电器线mix2九pro8a2tepyc11,	583318202221,,7.9,50.0,15,60,83.33%,18,35350,0,18004,355538,3.72%,445418.96,1.98%,8796010.120000001,45064,66443,0,,,活动中,7天无理由|蚂蚁花呗|信用卡支付|集分宝,3C数码配件,数码周边,数据线,,,2021-05-23,15:12:48,21时6分59秒,日,http://item.taobao.com/item.htm?id=583318202221,https://kandianbao.com/item/583318202221/,没有噪音(2);和原装一致(58);充电速度快(582);音质清晰(5);支持正品(144);接口一般(7)
124,https://img.alicdn.com/imgextra/i4/2456967342/O1CN01XK5Jch246gaGIRYdi_!!0-item_pic.jpg,能适 耳塞适用苹果7Type-c3.5mm华为vivo小米oppo耳机8p原装正品x入耳式手机电脑有线睡眠降噪高音质久戴不痛,	632610206413,,15.9,79.9,58,98,81.53%,6,8495,0,18284,106973,3.77%,758786,3.37%,4439379.5,54198,30591,0,,,活动中,7天无理由|蚂蚁花呗|信用卡支付|集分宝,影音电器,手机耳机,手机耳机,,,2021-05-25,18:14:07,3天8分18秒,二,http://item.taobao.com/item.htm?id=632610206413,https://kandianbao.com/item/632610206413/,耳朵不疼(131);打电话清晰(15);续航能力强(8);隔音效果好(91);充电速度快(2);收音有点差(5)
125,https://img.alicdn.com/imgextra/i1/2456967342/O1CN01zgATq4246gZv3ngxG_!!2456967342-0-lubanu-s.jpg,能适 安卓数据线闪充适用华为小米oppor11快充vivox9手机5usb通用高速充电器加长2充电宝线短原装正品带头3米,	545493819271,,4.9,59.0,12,98,60.20%,32,100692,0,42690,3534810,8.81%,1132992.6,5.03%,93813857.4,468684,290678,19,,,活动中,7天无理由|蚂蚁花呗|信用卡支付|集分宝,3C数码配件,数码周边,数据线,,,2021-05-26,13:57:22,3天19时51分33秒,三,http://item.taobao.com/item.htm?id=545493819271,https://kandianbao.com/item/545493819271/,很粗(44);电量很足(5);充电速度快(900);接口接触很好(106);连接很稳(5);插口松了(23)
126,https://img.alicdn.com/imgextra/i3/2456967342/O1CN01z4MTun246gafixGRD_!!2456967342-0-lubanu-s.jpg,能适tws真无线蓝牙耳机适用苹果华为12iPhone11小米vivo运动oppo入耳式二代2原装正品7女生款x专用8超长待机3,	611874302008,,109.0,159.0,399,499,31.86%,10,29304,0,58138,455940,12.00%,7499802,33.33%,58816260,411258,121898,0,,,活动中,7天无理由|蚂蚁花呗|信用卡支付|集分宝,影音电器,蓝牙耳机,蓝牙耳机,,,2021-05-23,19:59:13,1天1时53分24秒,日,http://item.taobao.com/item.htm?id=611874302008,https://kandianbao.com/item/611874302008/,没电流声(21);不会漏音(3);耳朵不疼(239);听筒很清楚(4);使用时间长(38);外观还以(7)
127,https://img.alicdn.com/imgextra/i3/2456967342/O1CN014pSy8e246gaXOCylJ_!!2456967342-0-lubanu-s.jpg,Type-c数据线原装正品5A适用华为小米p20p30p40vivo8充电器线nova7tpyec荣耀9x手机tpc快充tapyc4typc6mate10,	539382643302,,4.9,60.0,13,100,60.00%,50,152965,0,122594,4670073,25.31%,3302682.360000001,14.68%,125811766.62000002,507398,553907,22,,,活动中,7天无理由|蚂蚁花呗|信用卡支付|集分宝,3C数码配件,数码周边,数据线,,,2021-05-28,18:54:46,6天48分57秒,五,http://item.taobao.com/item.htm?id=539382643302,https://kandianbao.com/item/539382643302/,学生党福音(2);没有噪音(2);使用寿命长(4);不容易发热(231);传输速度快(11);数据传输慢(3)
128,https://img.alicdn.com/imgextra/i1/2456967342/O1CN01hofkCY246gZtuSgok_!!2456967342-0-lubanu-s.jpg,20W快充PD充电器头iphone12pro max套装适用苹果11X手机7p快速8Plus一套6s数据线18W原装正品ipad插头5单头xr,	605547984400,,12.9,95.0,29,199,47.74%,26,41143,0,146678,1807378,30.28%,6709051.720000001,29.81%,82669469.72,228698,484305,0,,,活动中,7天无理由|蚂蚁花呗|信用卡支付|集分宝,3C数码配件,手机配件,手机充电器,,,2021-05-29,13:19:27,6天19时13分38秒,六,http://item.taobao.com/item.htm?id=605547984400,https://kandianbao.com/item/605547984400/,爸爸说不错(10);很粗(38);没有发烫(1072);没有噪音(4);接触很灵敏(249);电流声发热(6)
,,,,,,,,,,,,,30天销量总计,,,30天销售额总计,,,收藏数总计,,分享量总计,,,,,,,,,,,,,,,,
,,,,,,,,,,,,,484399,,,22504945.62,,,2367434,,61,,,,,,,,,,,,,,,,
序号,主图,标题,宝贝id,货号,销售价最低,销售价最高,原价最低,原价最高,折扣率,sku数量,库存,邮费,30天销量,总销量,占全店销量比例,30天销售额,占全店销售额比例,总销售额,收藏数,评价数,PC总分享量,宝贝促销,店铺促销,活动促销,服务保证,一级类目,二级类目,三级类目,宝贝创建时间,宝贝创建时长,下架日期,下架时间,天数,星期,宝贝地址,分析地址,评价标签
数据下载时间：2021-05-22 18:05:53 功能：看店宝【kandianbao.com】全店宝贝 相关查询网址：https://kandianbao.com/dian/能适旗舰店,,,,,,,,,,,,,,,,,,,,,,,,,,,,,,,,,,,,,