数据下载时间：2021-05-23 11:18:10 功能：看店宝【kandianbao.com】全店宝贝 相关查询网址：https://kandianbao.com/dian/美的厨房电器旗舰店,,,,,,,,,,,,,,,,,,,,,,,,,,,,,,,,,,,,,
序号,主图,标题,宝贝id,货号,销售价最低,销售价最高,原价最低,原价最高,折扣率,sku数量,库存,邮费,30天销量,总销量,占全店销量比例,30天销售额,占全店销售额比例,总销售额,收藏数,评价数,PC总分享量,宝贝促销,店铺促销,活动促销,服务保证,一级类目,二级类目,三级类目,宝贝创建时间,宝贝创建时长,下架日期,下架时间,天数,星期,宝贝地址,分析地址,评价标签
1,https://img.alicdn.com/imgextra/i3/3596295621/O1CN01FQzTIo1rOSy0MgwGA_!!0-item_pic.jpg,美的碗伴 厨房油污清洁剂 500g*2瓶,	644962057114,,99.0,99.0,99.0,99.0,100.00%,1,96,0,0,0,0,0,0,0,0,0,0,,,淘金币抵3%,7天无理由|运费险|蚂蚁花呗|信用卡支付|集分宝,大家电,大家电配件,其他大家电配件,,,2021-05-27,16:23:56,4天5时5分53秒,四,http://item.taobao.com/item.htm?id=644962057114,https://kandianbao.com/item/644962057114/, 
2,https://img.alicdn.com/imgextra/i2/3596295621/O1CN01FGDjsx1rOSxOwfdx0_!!2-item_pic.png,【美的厨房电器旗舰店】美的热水壶,	641300037802,,100,100,100.00,100.00,100.00%,0,996,0,0,1,0,0,0,100,0,0,0,,,淘金币抵3%,7天无理由|运费险|蚂蚁花呗|信用卡支付|集分宝,大家电,大家电配件,其他大家电配件,,,2021-05-25,18:09:12,2天6时51分9秒,二,http://item.taobao.com/item.htm?id=641300037802,https://kandianbao.com/item/641300037802/, 
3,https://img.alicdn.com/imgextra/i4/3596295621/O1CN01tY5SlX1rOSxqvjO20_!!0-item_pic.jpg,美的出品华凌台式消毒柜小型家用厨房立式刀具紫外线凌次元JT03,	643750335287,,1299.0,1299.0,1299.0,1299.0,100.00%,1,1,0,0,0,0,0,0,0,8,0,0,,,淘金币抵3%,7天无理由|运费险|保障速递|蚂蚁花呗|信用卡支付|集分宝,大家电,消毒柜,消毒柜,,,2021-05-29,00:00:00,5天12时41分57秒,六,http://item.taobao.com/item.htm?id=643750335287,https://kandianbao.com/item/643750335287/, 
4,https://img.alicdn.com/imgextra/i4/3596295621/O1CN01HpgWJ21rOSxiZiAaH_!!0-item_pic.jpg,美的烟灶套装T59+Q310+100Q15消毒柜燃气灶家用,	643884742709,,4099.0,4099.0,4099.0,4099.0,100.00%,1,1,0,0,0,0,0,0,0,0,0,0,,,淘金币抵3%,7天无理由|运费险|保障速递|蚂蚁花呗|信用卡支付|集分宝,大家电,整体厨电套装,整体厨电套装,,,2021-05-28,13:58:50,5天2时40分47秒,五,http://item.taobao.com/item.htm?id=643884742709,https://kandianbao.com/item/643884742709/, 
5,https://img.alicdn.com/imgextra/i2/3596295621/O1CN01EEbaxU1rOSxOJYsPj_!!0-item_pic.jpg,美的JC501油烟机灶具消毒柜洗碗机热水器套装家用厨房多件套,	641405501823,,4199.0,9299.0,4199.0,9299.0,100.00%,8,28,0,0,0,0,0,0,0,4,0,0,,,淘金币抵3%,7天无理由|运费险|保障速递|蚂蚁花呗|信用卡支付|集分宝,大家电,整体厨电套装,整体厨电套装,,,2021-05-26,21:49:50,3天10时31分47秒,三,http://item.taobao.com/item.htm?id=641405501823,https://kandianbao.com/item/641405501823/, 
6,https://img.alicdn.com/imgextra/i3/3596295621/O1CN01H2INW11rOSxcvn8EI_!!0-item_pic.jpg,美的TV703烟灶套装油烟机燃气灶消毒柜洗碗机热水器组合选购,	644013387465,,4899.0,11499.0,4899.0,11499.0,100.00%,5,116,0,0,0,0,0,0,0,8,0,0,,,淘金币抵3%,7天无理由|运费险|保障速递|蚂蚁花呗|信用卡支付|集分宝,大家电,整体厨电套装,整体厨电套装,,,2021-05-27,17:32:35,4天6时14分32秒,四,http://item.taobao.com/item.htm?id=644013387465,https://kandianbao.com/item/644013387465/, 
7,https://img.alicdn.com/imgextra/i4/3596295621/O1CN01BN0Pz91rOSs0VXE2U_!!0-item_pic.jpg,《商场同款》CXW-280-B89S 智能蒸汽洗油烟机,	612287255425,,4999.0,4999.0,4999.0,4999.0,100.00%,1,10,0,0,0,0,0,0,0,56,0,0,,,淘金币抵3%,7天无理由|运费险|蚂蚁花呗|信用卡支付|集分宝,大家电,厨房大电,油烟机,,,2021-05-26,18:22:41,3天7时4分38秒,三,http://item.taobao.com/item.htm?id=612287255425,https://kandianbao.com/item/612287255425/, 
8,https://img.alicdn.com/imgextra/i2/3596295621/O1CN01qT6K351rOSxGL6iux_!!0-item_pic.jpg,美的TV703油烟机灶具消毒柜洗碗机热水器套装家用厨房多件套,	641750742831,,5899.0,16699.0,5899.0,16699.0,100.00%,10,380,0,0,5,0,0,0,51095,4,5,0,,,淘金币抵3%,7天无理由|运费险|保障速递|蚂蚁花呗|信用卡支付|集分宝,大家电,整体厨电套装,整体厨电套装,,,2021-05-23,20:53:39,9时35分36秒,日,http://item.taobao.com/item.htm?id=641750742831,https://kandianbao.com/item/641750742831/, 
9,https://img.alicdn.com/imgextra/i1/3596295621/O1CN01CkhUHk1rOSxkuixqg_!!0-item_pic.jpg,美的集成水槽JQ91水槽消毒柜储物柜刀具烘干水槽一体机智能家电,	639908760274,,8999,8999,8999.00,8999.00,100.00%,0,7,0,0,0,0,0,0,0,50,0,0,,,淘金币抵3%,7天无理由|运费险|保障速递|蚂蚁花呗|信用卡支付|集分宝,大家电,厨房大电,水槽厨电一体机,,,2021-05-24,13:27:41,1天2时9分38秒,一,http://item.taobao.com/item.htm?id=639908760274,https://kandianbao.com/item/639908760274/, 
10,https://img.alicdn.com/imgextra/i1/3596295621/O1CN01RSU2Oc1rOSy0QJlFb_!!0-item_pic.jpg,美的变频烟机TV703烟灶套装热水器洗碗机套装天然气灶抽油烟机,	644570796993,,13888.0,13888.0,13888.0,13888.0,100.00%,1,38,0,0,0,0,0,0,0,0,0,0,,,淘金币抵3%,7天无理由|运费险|保障速递|蚂蚁花呗|信用卡支付|集分宝,大家电,整体厨电套装,整体厨电套装,,,2021-05-27,17:37:51,4天6时19分48秒,四,http://item.taobao.com/item.htm?id=644570796993,https://kandianbao.com/item/644570796993/, 
11,https://img.alicdn.com/imgextra/i2/3596295621/O1CN01ZO2v2f1rOSxmHupK6_!!0-item_pic.jpg,美的变频烟机JV703烟灶套装热水器洗碗机套装天然气灶抽油烟机,	644967521175,,13888.0,13888.0,13888.0,13888.0,100.00%,1,40,0,0,0,0,0,0,0,0,0,0,,,淘金币抵3%,7天无理由|运费险|保障速递|蚂蚁花呗|信用卡支付|集分宝,大家电,整体厨电套装,整体厨电套装,,,2021-05-29,14:54:17,6天3时36分14秒,六,http://item.taobao.com/item.htm?id=644967521175,https://kandianbao.com/item/644967521175/, 
12,https://img.alicdn.com/imgextra/i3/3596295621/O1CN01QiYYhl1rOSxrHm0eH_!!0-item_pic.jpg,美的XQ02+WX08集成灶集成水槽洗碗机一体厨电灶具整体套装,	645661631799,,19888.0,19888.0,19888.0,19888.0,100.00%,1,7,0,0,0,0,0,0,0,0,0,0,,,淘金币抵3%,7天无理由|运费险|保障速递|蚂蚁花呗|信用卡支付|集分宝,大家电,整体厨电套装,整体厨电套装,,,2021-05-27,17:40:36,4天6时22分33秒,四,http://item.taobao.com/item.htm?id=645661631799,https://kandianbao.com/item/645661631799/, 
13,https://img.alicdn.com/imgextra/i3/3596295621/O1CN01sFnV421rOSv5Nv31o_!!0-item_pic.jpg,美的CXW-110-E90-H9侧吸吸油烟机智能家电随烟感蒸汽洗大吸力,	630377650813,,19999.0,19999.0,19999.0,19999.0,100.00%,1,2,0,0,1,0,0,0,19999,18,1,0,,,淘金币抵3%,7天无理由|运费险|保障速递|蚂蚁花呗|信用卡支付|集分宝,大家电,厨房大电,油烟机,,,2021-05-28,16:05:08,5天4时47分5秒,五,http://item.taobao.com/item.htm?id=630377650813,https://kandianbao.com/item/630377650813/, 
14,https://img.alicdn.com/imgextra/i2/3596295621/O1CN010NyTnl1rOSxwkk2rX_!!0-item_pic.jpg,美的集成水槽XQ02洗碗机大容量水槽净水机集成一体机厨房智能家电,	638162118134,,19999,19999,19999.00,19999.00,100.00%,0,7,0,0,0,0,0,0,0,240,0,0,,,淘金币抵3%,7天无理由|运费险|保障速递|蚂蚁花呗|信用卡支付|集分宝,大家电,厨房大电,水槽厨电一体机,,,2021-05-28,15:44:54,5天4时26分51秒,五,http://item.taobao.com/item.htm?id=638162118134,https://kandianbao.com/item/638162118134/, 
15,https://img.alicdn.com/imgextra/i3/3596295621/O1CN01cbsoq21rOSxzEcjS6_!!0-item_pic.jpg,美的高端集成灶蒸烤箱一体油烟机燃气灶家用侧吸下排智能家电Y36,	627938991134,,24999.0,24999.0,24999.0,24999.0,100.00%,2,8,0,0,4,0,0,0,99996,178,1,0,,,淘金币抵3%,7天无理由|运费险|保障速递|蚂蚁花呗|信用卡支付|集分宝,大家电,厨房大电,集成灶,,,2021-05-27,16:23:07,4天5时5分4秒,四,http://item.taobao.com/item.htm?id=627938991134,https://kandianbao.com/item/627938991134/, 
16,https://img.alicdn.com/imgextra/i1/3596295621/O1CN01YozrJW1rOStD3oU1F_!!0-item_pic.jpg,finish 洗碗机专用 洗碗块/清洁剂套装 适用4套机型,	619349293781,,95,95,95.00,95.00,100.00%,0,79,0,1,47,0.01%,95,0.00%,4465,62,3,0,,,淘金币抵3%,7天无理由|运费险|蚂蚁花呗|信用卡支付|集分宝,大家电,大家电配件,其他大家电配件,,,2021-05-28,00:00:00,4天12时41分57秒,五,http://item.taobao.com/item.htm?id=619349293781,https://kandianbao.com/item/619349293781/, 
17,https://img.alicdn.com/imgextra/i3/3596295621/O1CN01vTtBbc1rOSxvVGrQ0_!!0-item_pic.jpg,美的D26-W智能洗碗机全自动家用小型台式嵌入式洗消烘存6套一体机,	602646943342,,2799.0,2799.0,2999,2999,93.33%,1,11,0,1,439,0.01%,2799,0.01%,1228761,4258,154,0,,,品牌钜惠|淘金币抵3%,7天无理由|运费险|保障速递|蚂蚁花呗|信用卡支付|集分宝,大家电,厨房大电,洗碗机,,,2021-05-24,17:15:45,1天5时57分42秒,一,http://item.taobao.com/item.htm?id=602646943342,https://kandianbao.com/item/602646943342/,洗的很干净(5);安装效果满意(5);容量足够用(3);安装服务很好(9);清洗的特干净(2);外观颜色好看(3)
18,https://img.alicdn.com/imgextra/i3/3596295621/O1CN01ZucFCu1rOSxnXENgt_!!0-item_pic.jpg,美的JV601油烟机家用厨房变频智能大吸力吸油烟机侧吸官方旗舰店,	618317365117,,2999.0,2999.0,2999.0,2999.0,100.00%,1,216,0,1,48,0.01%,2999,0.01%,143952,270,15,0,,,淘金币抵3%,7天无理由|运费险|保障速递|蚂蚁花呗|信用卡支付|集分宝,大家电,厨房大电,油烟机,,,2021-05-27,13:46:53,4天2时28分50秒,四,http://item.taobao.com/item.htm?id=618317365117,https://kandianbao.com/item/618317365117/, 
19,https://img.alicdn.com/imgextra/i4/3596295621/O1CN01IcHFIG1rOSxf7qEsQ_!!0-item_pic.jpg,美的烟灶套装T59P+Q59+JQ07消毒柜燃气灶家用,	644225859616,,3999.0,3999.0,3999.0,3999.0,100.00%,1,1,0,1,1,0.01%,3999,0.01%,3999,0,1,0,,,淘金币抵3%,7天无理由|运费险|保障速递|蚂蚁花呗|信用卡支付|集分宝,大家电,整体厨电套装,整体厨电套装,,,2021-05-27,15:34:31,4天4时16分28秒,四,http://item.taobao.com/item.htm?id=644225859616,https://kandianbao.com/item/644225859616/, 
20,https://img.alicdn.com/imgextra/i3/3596295621/O1CN013kn6yO1rOSxyrIO8H_!!0-item_pic.jpg,美的洗碗机全自动家用智能家电消毒烘干一体式嵌入式15/13套GX600,	628745259749,,7999.0,7999.0,7999.0,7999.0,100.00%,1,41,0,1,60,0.01%,7999,0.02%,479940,890,17,0,,,淘金币抵3%,7天无理由|运费险|保障速递|蚂蚁花呗|信用卡支付|集分宝,大家电,厨房大电,洗碗机,,,2021-05-28,13:32:47,5天2时14分44秒,五,http://item.taobao.com/item.htm?id=628745259749,https://kandianbao.com/item/628745259749/, 
21,https://img.alicdn.com/imgextra/i3/3596295621/O1CN01ggS02w1rOSxwCQtU4_!!0-item_pic.jpg,华凌新一代洗碗机XH03热风烘干集成水槽一体机可搭集成灶智能家电,	643245671418,,8999.0,8999.0,8999.0,8999.0,100.00%,1,18,0,1,1,0.01%,8999,0.02%,8999,54,0,0,,,淘金币抵3%,7天无理由|运费险|保障速递|蚂蚁花呗|信用卡支付|集分宝,大家电,厨房大电,洗碗机,,,2021-05-25,11:12:40,1天23时54分37秒,二,http://item.taobao.com/item.htm?id=643245671418,https://kandianbao.com/item/643245671418/, 
22,https://img.alicdn.com/imgextra/i2/3596295621/O1CN01UQPOc71rOSxGgChoY_!!0-item_pic.jpg,【水槽XH03配件包】内含水槽水龙头砧板沥水篮小套槽,	641721898319,,801.0,801.0,801.0,801.0,100.00%,1,26,0,2,3,0.01%,1602,0.00%,2403,8,1,0,,,淘金币抵3%,7天无理由|运费险|保障速递|蚂蚁花呗|信用卡支付|集分宝,大家电,大家电配件,其他大家电配件,,,2021-05-24,20:31:43,1天9时13分40秒,一,http://item.taobao.com/item.htm?id=641721898319,https://kandianbao.com/item/641721898319/, 
23,https://img.alicdn.com/imgextra/i1/3596295621/O1CN01qXPDxy1rOSwBAIAX7_!!3596295621.jpg,Midea/美的 C38B 厨房垃圾处理器 家用厨余食物粉碎机 静音全自动,	599047319502,,2599.0,2599.0,2599.0,2599.0,100.00%,1,8,0,2,4,0.01%,5198,0.01%,10396,28,0,0,,,淘金币抵3%,7天无理由|运费险|蚂蚁花呗|信用卡支付|集分宝,大家电,大家电配件,其他大家电配件,,,2021-05-24,21:18:59,1天10时0分56秒,一,http://item.taobao.com/item.htm?id=599047319502,https://kandianbao.com/item/599047319502/, 
24,https://img.alicdn.com/imgextra/i3/3596295621/O1CN01EvwMSI1rOSxeNh15N_!!0-item_pic.jpg,美的JV801侧吸抽油烟机家用大吸力智能家电变频厨房吸油烟机新款,	623167617875,,3999.0,3999.0,3999.0,3999.0,100.00%,1,68,0,2,11,0.01%,7998,0.02%,43989,116,4,0,,,淘金币抵3%,7天无理由|运费险|保障速递|蚂蚁花呗|信用卡支付|集分宝,大家电,厨房大电,油烟机,,,2021-05-27,13:46:28,4天2时28分25秒,四,http://item.taobao.com/item.htm?id=623167617875,https://kandianbao.com/item/623167617875/, 
25,https://img.alicdn.com/imgextra/i3/3596295621/O1CN01SW3beU1rOSxcvmakv_!!0-item_pic.jpg,美的JC501烟灶套装油烟机燃气灶消毒柜洗碗机热水器搭配选购,	643934355119,,3499.0,7499.0,3499.0,7499.0,100.00%,5,30,0,3,3,0.02%,15297,0.04%,15297,18,1,0,,,淘金币抵3%,7天无理由|运费险|保障速递|蚂蚁花呗|信用卡支付|集分宝,大家电,整体厨电套装,整体厨电套装,,,2021-05-27,17:24:49,4天6时6分46秒,四,http://item.taobao.com/item.htm?id=643934355119,https://kandianbao.com/item/643934355119/, 
26,https://img.alicdn.com/imgextra/i4/3596295621/O1CN015rIaWc1rOSxyqiTCh_!!0-item_pic.jpg,美的母婴消毒美食保温150C01家用厨房碗柜智能暖餐柜智能家电,	618719396120,,3999.0,3999.0,3999.0,3999.0,100.00%,1,4,0,3,83,0.02%,11997,0.03%,331917,848,26,0,,,淘金币抵3%,7天无理由|运费险|保障速递|蚂蚁花呗|信用卡支付|集分宝,大家电,消毒柜,消毒柜,,,2021-05-30,01:02:00,6天13时43分57秒,日,http://item.taobao.com/item.htm?id=618719396120,https://kandianbao.com/item/618719396120/, 
27,https://img.alicdn.com/imgextra/i4/3596295621/O1CN01M0mmfV1rOSxxWZz3z_!!0-item_pic.jpg,华凌集成灶WD10定时燃气灶大吸力侧吸式油烟机消毒柜智能家电,	606105714045,,4999.0,4999.0,9999,9999,49.99%,2,34,0,3,90,0.02%,14997,0.04%,449910,1200,23,0,,,优惠活动|淘金币抵3%,7天无理由|运费险|保障速递|蚂蚁花呗|信用卡支付|集分宝,大家电,厨房大电,集成灶,,,2021-05-24,19:28:49,1天8时10分46秒,一,http://item.taobao.com/item.htm?id=606105714045,https://kandianbao.com/item/606105714045/, 
28,https://img.alicdn.com/imgextra/i2/3596295621/O1CN01kerFZl1rOSxyBUOSz_!!0-item_pic.jpg,美的官方7636X洗碗机全自动家用智能家电消毒烘干刷碗一体机10套,	632832054813,,7999.0,7999.0,7999.0,7999.0,100.00%,1,63,0,3,31,0.02%,23997,0.06%,247969,552,6,0,,,淘金币抵3%,7天无理由|运费险|保障速递|蚂蚁花呗|信用卡支付|集分宝,大家电,厨房大电,洗碗机,,,2021-05-24,22:31:57,1天11时13分54秒,一,http://item.taobao.com/item.htm?id=632832054813,https://kandianbao.com/item/632832054813/, 
29,https://img.alicdn.com/imgextra/i1/3596295621/O1CN01fjPDd21rOSxpe3nrr_!!0-item_pic.jpg,Midea/美的X3S家用侧吸油烟机厨房抽烟机大吸力智能家电,	641051274087,,7999.0,7999.0,7999.0,7999.0,100.00%,1,24,0,3,3,0.02%,23997,0.06%,23997,88,0,0,,,淘金币抵3%,7天无理由|运费险|保障速递|蚂蚁花呗|信用卡支付|集分宝,大家电,厨房大电,油烟机,,,2021-05-30,08:49:03,6天21时31分0秒,日,http://item.taobao.com/item.htm?id=641051274087,https://kandianbao.com/item/641051274087/, 
30,https://img.alicdn.com/imgextra/i2/3596295621/O1CN01dbX4ob1rOSwAfifoo_!!0-item_pic.jpg,Midea/美的C38厨房垃圾处理器 家用厨余食物粉碎机 静音全自动,	604017751661,C38,999,999,1699,1699,58.80%,0,10,0,4,334,0.03%,3996,0.01%,333666,1072,63,0,,,品牌钜惠|淘金币抵3%,7天无理由|运费险|蚂蚁花呗|信用卡支付|集分宝,厨房电器,食物垃圾处理机,食物垃圾处理机,,,2021-05-26,09:34:05,2天22时16分2秒,三,http://item.taobao.com/item.htm?id=604017751661,https://kandianbao.com/item/604017751661/, 
31,https://img.alicdn.com/imgextra/i1/3596295621/O1CN01HwBFL81rOSt8qsA9R_!!0-item_pic.jpg,美的C56B厨余垃圾处理器家用厨房食物粉碎机静音全自动湿垃圾分类,	604097946257,MD1-C56B-CN,1999.0,1999.0,2299,2299,86.95%,1,56,0,4,325,0.03%,7996,0.02%,649675,1118,58,0,,,品牌钜惠|淘金币抵3%,7天无理由|运费险|蚂蚁花呗|信用卡支付|集分宝,厨房电器,食物垃圾处理机,食物垃圾处理机,,,2021-05-26,09:34:24,2天22时16分21秒,三,http://item.taobao.com/item.htm?id=604097946257,https://kandianbao.com/item/604097946257/, 
32,https://img.alicdn.com/imgextra/i4/3596295621/O1CN01bS1F5M1rOSxucCJqV_!!0-item_pic.jpg,美的高端集成灶蒸烤箱分体式自清洗侧吸油烟机燃气灶智能家电TY10,	643079818746,,19999,19999,19999.0,19999.0,100.00%,2,0,0,4,3,0.03%,79996,0.21%,59997,134,0,0,,,淘金币可抵599.97元,口碑好货|假一赔四|预约配送|送货入户|一键售后|预约安装|全国联保|极速退款|七天无理由退换|蚂蚁花呗|信用卡支付|集分宝,大家电,厨房大电,集成灶,,,2021-05-23,11:06:21,11分19秒,日,http://item.taobao.com/item.htm?id=643079818746,https://kandianbao.com/item/643079818746/, 
33,https://img.alicdn.com/imgextra/i4/3596295621/O1CN01DsLSXV1rOSxMBW61U_!!0-item_pic.jpg,美的J25油烟机灶具消毒柜洗碗机热水器套装家用厨房多件套,	641405949096,,2699.0,6896.0,2699.0,6896.0,100.00%,7,38,0,5,5,0.04%,21889,0.06%,21889,36,1,0,,,淘金币抵3%,7天无理由|运费险|保障速递|蚂蚁花呗|信用卡支付|集分宝,大家电,整体厨电套装,整体厨电套装,,,2021-05-26,21:46:23,3天10时28分20秒,三,http://item.taobao.com/item.htm?id=641405949096,https://kandianbao.com/item/641405949096/, 
34,https://img.alicdn.com/imgextra/i2/3596295621/O1CN01lVDPuY1rOSy0hHUxM_!!0-item_pic.jpg,华凌蒸箱款集成灶Z02一体灶大吸力油烟机灶具性价比优选智能家电,	642855543621,,6999.0,6999.0,6999.0,6999.0,100.00%,2,17,0,5,4,0.04%,34995,0.09%,27996,64,0,0,,,淘金币抵3%,7天无理由|运费险|保障速递|蚂蚁花呗|信用卡支付|集分宝,大家电,厨房大电,集成灶,,,2021-05-25,22:58:54,2天11时40分51秒,二,http://item.taobao.com/item.htm?id=642855543621,https://kandianbao.com/item/642855543621/, 
35,https://img.alicdn.com/imgextra/i1/3596295621/O1CN01Pg85mE1rOSxow27eY_!!0-item_pic.jpg,美的JV802侧吸抽油烟机24m³大吸力智能变频厨房吸油烟机智能家电,	625475509599,,4299.0,4299.0,4299,4299,100.00%,1,10,0,6,57,0.04%,25794,0.07%,245043,242,24,0,,,优惠活动|淘金币抵3%,7天无理由|运费险|保障速递|蚂蚁花呗|信用卡支付|集分宝,大家电,厨房大电,油烟机,,,2021-05-27,20:25:10,4天9时7分7秒,四,http://item.taobao.com/item.htm?id=625475509599,https://kandianbao.com/item/625475509599/, 
36,https://img.alicdn.com/imgextra/i1/3596295621/O1CN01O7LXz71rOSxtbCQpl_!!0-item_pic.jpg,美的JV802侧吸抽油烟机燃气灶变频大吸力厨房吸油烟机智能家电,	625476365610,,4999.0,5799.0,9999,12999,44.61%,4,91,0,6,67,0.04%,31914,0.09%,356373,262,26,0,,,优惠活动|淘金币抵3%,7天无理由|运费险|保障速递|蚂蚁花呗|信用卡支付|集分宝,大家电,厨房大电,烟灶消套装,,,2021-05-26,09:21:57,2天22时3分54秒,三,http://item.taobao.com/item.htm?id=625476365610,https://kandianbao.com/item/625476365610/, 
37,https://img.alicdn.com/imgextra/i1/3596295621/O1CN01LHAhf21rOSxwEpjLm_!!0-item_pic.jpg,美的JC503侧吸抽油烟机大吸力自动清洗天猫精灵预约智控智能家电,	630599051833,,5798.0,5798.0,5798,5798,100.00%,1,84,0,6,32,0.04%,34788,0.09%,185536,146,11,0,,,新品抢购,7天无理由|运费险|保障速递|蚂蚁花呗|信用卡支付|集分宝,大家电,厨房大电,油烟机,,,2021-05-25,09:52:38,1天22时34分35秒,二,http://item.taobao.com/item.htm?id=630599051833,https://kandianbao.com/item/630599051833/, 
38,https://img.alicdn.com/imgextra/i3/3596295621/O1CN01BfaDF81rOSxug8lNG_!!0-item_pic.jpg,美的P40洗碗机全自动家用烘干消毒一体嵌入式智能家电13套大容量,	618262245705,,7999.0,7999.0,7999.0,7999.0,100.00%,1,5,0,6,62,0.04%,47994,0.13%,495938,3572,18,0,,,淘金币抵3%,7天无理由|运费险|保障速递|蚂蚁花呗|信用卡支付|集分宝,大家电,厨房大电,洗碗机,,,2021-05-27,14:53:38,4天3时35分35秒,四,http://item.taobao.com/item.htm?id=618262245705,https://kandianbao.com/item/618262245705/, 
39,https://img.alicdn.com/imgextra/i4/3596295621/O1CN01gJAZNM1rOSxnYi9cd_!!0-item_pic.jpg,美的T39S大吸力抽油烟机燃气灶套装厨房家用自清洗烟机智能家电,	637360174615,,2599.0,2999.0,2599.0,2999.0,100.00%,6,12,0,7,10,0.05%,19313.000000000004,0.05%,27590.000000000004,20,1,0,,,淘金币抵3%,7天无理由|运费险|保障速递|蚂蚁花呗|信用卡支付|集分宝,大家电,厨房大电,烟灶消套装,,,2021-05-26,17:32:25,3天6时14分22秒,三,http://item.taobao.com/item.htm?id=637360174615,https://kandianbao.com/item/637360174615/, 
40,https://img.alicdn.com/imgextra/i3/3596295621/O1CN01Z3ne4G1rOSxl3gJO5_!!0-item_pic.jpg,美的J27抽油烟机家用厨房大吸力侧吸式小型吸油烟机,	640703877213,,2799.0,3199.0,2799.0,3199.0,100.00%,6,348,0,8,13,0.06%,23672.000000000004,0.06%,38467.00000000001,40,2,0,,,淘金币抵3%,7天无理由|运费险|保障速递|蚂蚁花呗|信用卡支付|集分宝,大家电,厨房大电,烟灶消套装,,,2021-05-25,16:12:16,2天4时54分13秒,二,http://item.taobao.com/item.htm?id=640703877213,https://kandianbao.com/item/640703877213/, 
41,https://img.alicdn.com/imgextra/i3/3596295621/O1CN01MuFqNt1rOSxsRrimH_!!0-item_pic.jpg,美的消毒柜嵌入式大容量家用消毒碗柜嵌入式臭氧智能家电100YQ1,	630206455654,,1999.0,1999.0,1999.0,1999.0,100.00%,1,3,0,9,47,0.06%,17991,0.05%,93953,132,19,0,,,淘金币抵3%,7天无理由|运费险|保障速递|蚂蚁花呗|信用卡支付|集分宝,大家电,消毒柜,消毒柜,,,2021-05-25,00:00:00,1天12时41分57秒,二,http://item.taobao.com/item.htm?id=630206455654,https://kandianbao.com/item/630206455654/,操控很方便(2);空间容量很大(2);特别大气(5);大品牌(4);物流快递很快(5);服务态度极好(4)
42,https://img.alicdn.com/imgextra/i4/3596295621/O1CN01BpRUXg1rOSwPdqDRZ_!!0-item_pic.jpg,美的JV701抽油烟机燃气灶套装烟灶消家用厨房三件套智能家电,	635427492465,,5199.0,5399.0,5199,5399,100.00%,4,10,0,9,22,0.06%,47511,0.13%,116138,42,6,0,,,优惠活动|淘金币抵3%,7天无理由|运费险|保障速递|蚂蚁花呗|信用卡支付|集分宝,大家电,厨房大电,烟灶消套装,,,2021-05-27,18:30:18,4天7时12分15秒,四,http://item.taobao.com/item.htm?id=635427492465,https://kandianbao.com/item/635427492465/, 
43,https://img.alicdn.com/imgextra/i2/3596295621/O1CN01VLMGrM1rOSxv2Hiru_!!0-item_pic.jpg,美的JC503抽油烟机厨房家用烟机灶具套装组合天猫精灵智能家电,	631243438927,,7198.0,8198.0,7198,8198,100.00%,4,191,0,9,96,0.06%,68382.00000000001,0.18%,729408.0000000001,412,37,0,,,优惠活动|淘金币抵3%,7天无理由|运费险|保障速递|蚂蚁花呗|信用卡支付|集分宝,大家电,厨房大电,烟灶消套装,,,2021-05-27,10:06:01,3天22时47分58秒,四,http://item.taobao.com/item.htm?id=631243438927,https://kandianbao.com/item/631243438927/,擦洗很方便(2);效果非常好(2);性价比不错(2);功能强大(3);包装完美(4);大小尺寸合身(5)
44,https://img.alicdn.com/imgextra/i2/3596295621/O1CN01Nr5hcQ1rOSxvrJuLC_!!0-item_pic.jpg,美的P60洗碗机全自动家用智能热风烘干消毒一体嵌入式13套大容量,	637304242016,,14999.0,14999.0,14999.0,14999.0,100.00%,1,32,0,9,23,0.06%,134991,0.36%,344977,1376,7,0,,,淘金币抵3%,7天无理由|运费险|保障速递|蚂蚁花呗|信用卡支付|集分宝,大家电,厨房大电,洗碗机,,,2021-05-29,08:28:04,5天21时10分1秒,六,http://item.taobao.com/item.htm?id=637304242016,https://kandianbao.com/item/637304242016/, 
45,https://img.alicdn.com/imgextra/i1/3596295621/O1CN01aOC74e1rOSxrsAq9Q_!!0-item_pic.jpg,美的碗伴漂洗剂500ml亮碟剂光亮剂洗碗机专用干燥,	623066734398,,39.9,39.9,39.9,39.9,100.00%,1,68,0,10,99,0.07%,399,0.00%,3950.1,48,15,0,,,淘金币抵3%,7天无理由|运费险|蚂蚁花呗|信用卡支付|集分宝,大家电,大家电配件,其他大家电配件,,,2021-05-28,16:08:52,5天4时50分49秒,五,http://item.taobao.com/item.htm?id=623066734398,https://kandianbao.com/item/623066734398/, 
46,https://img.alicdn.com/imgextra/i3/3596295621/O1CN01miIMIZ1rOSxwU1cw0_!!0-item_pic.jpg,美的X3S侧吸油烟机燃气灶套餐厨房烟灶组合变频大吸力智能家电,	641959841756,,8999.0,9999.0,8999.0,9999.0,100.00%,6,119,0,10,14,0.07%,93990,0.25%,131586,184,5,0,,,淘金币抵3%,7天无理由|运费险|保障速递|蚂蚁花呗|信用卡支付|集分宝,大家电,厨房大电,烟灶消套装,,,2021-05-23,08:49:57,2时28分55秒,日,http://item.taobao.com/item.htm?id=641959841756,https://kandianbao.com/item/641959841756/, 
47,https://img.alicdn.com/imgextra/i3/3596295621/O1CN01Es7T5T1rOSxtY9aKH_!!0-item_pic.jpg,华凌集成灶YP002一体灶侧吸下排家用油烟机燃气灶智能家电,	616316535743,,4999.0,4999.0,9999,9999,49.99%,2,16,0,12,390,0.09%,59988,0.16%,1949610,4566,122,0,,,优惠活动|淘金币抵3%,7天无理由|运费险|保障速递|蚂蚁花呗|信用卡支付|集分宝,大家电,厨房大电,集成灶,,,2021-05-24,00:00:00,12时41分57秒,一,http://item.taobao.com/item.htm?id=616316535743,https://kandianbao.com/item/616316535743/,质量材质厚实(3);多功能实用(2);性比价很高(5);售后态度很好(3);安装效果满意(3);大小尺寸合身(2)
48,https://img.alicdn.com/imgextra/i1/3596295621/O1CN01mbtZaS1rOSxsKb4iT_!!0-item_pic.jpg,Midea/美的TV701欧式顶吸油烟机智能家电变频厨房抽烟机智能家电,	602224760119,,5198.0,5198.0,5198,5198,100.00%,1,12,0,12,435,0.09%,62376,0.17%,2261130,1732,148,0,,,优惠活动|淘金币抵3%,7天无理由|运费险|保障速递|蚂蚁花呗|信用卡支付|集分宝,大家电,厨房大电,油烟机,,,2021-05-26,20:26:35,3天9时8分32秒,三,http://item.taobao.com/item.htm?id=602224760119,https://kandianbao.com/item/602224760119/,声音不大(2);非常智能(2);性比价很高(3);安装效果满意(2);外形外观漂亮(4);安装服务很好(4)
49,https://img.alicdn.com/imgextra/i4/3596295621/O1CN01jrqqtj1rOSxwfIyDn_!!0-item_pic.jpg,美的RX20洗碗机家用全自动13套嵌入式智能家电刷碗消毒烘干一体,	611529186115,,4299.0,5999.0,4299.0,5999.0,100.00%,3,18,0,13,2608,0.09%,64727,0.17%,12985232,16800,808,0,,,淘金币抵3%,7天无理由|运费险|保障速递|蚂蚁花呗|信用卡支付|集分宝,大家电,厨房大电,洗碗机,,,2021-05-27,18:27:02,4天7时8分59秒,四,http://item.taobao.com/item.htm?id=611529186115,https://kandianbao.com/item/611529186115/,效果不错(5);声音不大(2);烘干效果很好(2);很大(12);洗的很干净(18);服务态度狂差(2)
50,https://img.alicdn.com/imgextra/i4/3596295621/O1CN012hNmys1rOSxoxhT6Z_!!0-item_pic.jpg,美的ZTP240商用消毒保洁柜家用立式275升大容量厨房烘干饭店碗柜,	609148503573,,1199.0,1199.0,1199.0,1199.0,100.00%,1,1,0,14,239,0.10%,16786,0.04%,286561,596,41,0,,,淘金币抵3%,7天无理由|运费险|保障速递|蚂蚁花呗|信用卡支付|集分宝,大家电,消毒柜,消毒柜,,,2021-05-25,17:37:03,2天6时19分0秒,二,http://item.taobao.com/item.htm?id=609148503573,https://kandianbao.com/item/609148503573/, 
51,https://img.alicdn.com/imgextra/i4/3596295621/O1CN01BPeEwM1rOSxroGZhZ_!!0-item_pic.jpg,Midea/美的JV701家用侧吸油烟机变频大吸力元气套系智能家电,	602244612770,,5398.0,5398.0,5398,5398,100.00%,1,1,0,14,655,0.10%,75572,0.20%,3535690,2036,239,0,,,优惠活动|淘金币抵3%,7天无理由|运费险|保障速递|蚂蚁花呗|信用卡支付|集分宝,大家电,厨房大电,油烟机,,,2021-05-28,09:42:18,4天22时24分15秒,五,http://item.taobao.com/item.htm?id=602244612770,https://kandianbao.com/item/602244612770/,声音很小(2);安装过程顺利(6);抽烟效果很好(2);易清洗(3);师傅安装好快(9);反应不好(2)
52,https://img.alicdn.com/imgextra/i4/3596295621/O1CN01RMH6cl1rOSxdabkQ2_!!0-item_pic.jpg,美的碗伴 洗碗块去油污渍 500g/50个,	632532955442,,119.9,119.9,119.9,119.9,100.00%,1,792,0,15,71,0.11%,1798.5,0.00%,8512.9,56,11,0,,,淘金币抵3%,7天无理由|运费险|蚂蚁花呗|信用卡支付|集分宝,大家电,大家电配件,其他大家电配件,,,2021-05-27,09:48:07,3天22时30分4秒,四,http://item.taobao.com/item.htm?id=632532955442,https://kandianbao.com/item/632532955442/, 
53,https://img.alicdn.com/imgextra/i4/3596295621/O1CN01lER7fX1rOSxumfi9b_!!0-item_pic.jpg,华凌WD23集成灶家用一体灶油烟机燃气灶消毒柜自清洗智能家电,	614147470588,,5599.0,5599.0,9999,9999,56.00%,2,128,0,15,110,0.11%,83985,0.22%,615890,1070,39,0,,,优惠活动|淘金币抵3%,7天无理由|运费险|保障速递|蚂蚁花呗|信用卡支付|集分宝,大家电,厨房大电,集成灶,,,2021-05-29,16:10:28,6天4时52分25秒,六,http://item.taobao.com/item.htm?id=614147470588,https://kandianbao.com/item/614147470588/,抽烟效果很好(4);售后保障久(4);包装严实(2);物超所值(2);相信品牌(4);物流快递很快(2)
54,https://img.alicdn.com/imgextra/i3/3596295621/O1CN01HTbuBn1rOSxxWCxVi_!!0-item_pic.jpg,美的集成灶一体灶家用蒸箱一体灶油烟机燃气灶套装智能家电Z06,	614399735136,,11999.0,11999.0,19999,19999,60.00%,2,48,0,15,377,0.11%,179985,0.48%,4523623,4816,160,0,,,优惠活动|淘金币抵3%,7天无理由|运费险|保障速递|蚂蚁花呗|信用卡支付|集分宝,大家电,厨房大电,集成灶,,,2021-05-27,20:06:14,4天8时48分11秒,四,http://item.taobao.com/item.htm?id=614399735136,https://kandianbao.com/item/614399735136/,性比价很高(8);大品牌(12);大小尺寸合身(3);安装服务很好(12);小型很漂亮(9);安装效率很棒(10)
55,https://img.alicdn.com/imgextra/i2/3596295621/O1CN019ye2ZE1rOSxuPA9qT_!!0-item_pic.jpg,美的消毒柜家用嵌入式大容量高温消毒柜厨房碗柜智能家电120HQ3,	632664582171,,2499.0,2499.0,2499.0,2499.0,100.00%,1,1,0,16,37,0.11%,39984,0.11%,92463,164,6,0,,,淘金币抵3%,7天无理由|运费险|保障速递|蚂蚁花呗|信用卡支付|集分宝,大家电,消毒柜,消毒柜,,,2021-05-23,11:43:42,25分39秒,日,http://item.taobao.com/item.htm?id=632664582171,https://kandianbao.com/item/632664582171/, 
56,https://img.alicdn.com/imgextra/i3/3596295621/O1CN01n5NFtO1rOSxqDYfWH_!!0-item_pic.jpg,美的集成灶元气WX08蒸烤箱一体自清洗侧吸油烟机燃气灶智能家电,	627133465772,,12999.0,12999.0,14998,14998,86.67%,2,76,0,16,91,0.11%,207984,0.55%,1182909,1308,18,0,,,优惠促销|淘金币抵3%,7天无理由|运费险|保障速递|蚂蚁花呗|信用卡支付|集分宝,大家电,厨房大电,集成灶,,,2021-05-25,14:04:49,2天2时46分46秒,二,http://item.taobao.com/item.htm?id=627133465772,https://kandianbao.com/item/627133465772/, 
57,https://img.alicdn.com/imgextra/i1/3596295621/O1CN01EE15DK1rOSxglZUgQ_!!0-item_pic.jpg,Midea/美的Q330燃气灶天然气双灶家用台式液化气煤气灶具台嵌两用,	630196954966,,1599.0,1599.0,1599.0,1599.0,100.00%,2,21,0,18,60,0.13%,28782,0.08%,95940,270,14,0,,,淘金币抵3%,7天无理由|运费险|保障速递|蚂蚁花呗|信用卡支付|集分宝,大家电,厨房大电,燃气灶,,,2021-05-24,09:25:15,22时7分12秒,一,http://item.taobao.com/item.htm?id=630196954966,https://kandianbao.com/item/630196954966/, 
58,https://img.alicdn.com/imgextra/i4/3596295621/O1CN01nV8Ge41rOSxsRb8ft_!!0-item_pic.jpg,美的消毒柜家用立式厨房小型台式高温消毒商用大容量消毒碗柜XC66,	611616684765,,799.0,799.0,799.0,799.0,100.00%,1,13,0,19,68,0.14%,15181,0.04%,54332,126,10,0,,,淘金币抵3%,7天无理由|运费险|保障速递|蚂蚁花呗|信用卡支付|集分宝,大家电,消毒柜,消毒柜,,,2021-05-26,09:15:52,2天21时57分49秒,三,http://item.taobao.com/item.htm?id=611616684765,https://kandianbao.com/item/611616684765/, 
59,https://img.alicdn.com/imgextra/i2/3596295621/O1CN01DF0M3h1rOSxyB7EMS_!!0-item_pic.jpg,美的消毒柜家用嵌入式小型厨房碗柜高温消毒烘干智能家电110YQ2,	641905731225,,2999.0,2999.0,2999.0,2999.0,100.00%,1,1,0,19,21,0.14%,56981,0.15%,62979,78,4,0,,,淘金币抵3%,7天无理由|运费险|保障速递|蚂蚁花呗|信用卡支付|集分宝,大家电,消毒柜,消毒柜,,,2021-05-24,20:20:36,1天9时2分33秒,一,http://item.taobao.com/item.htm?id=641905731225,https://kandianbao.com/item/641905731225/, 
60,https://img.alicdn.com/imgextra/i3/3596295621/O1CN017p208E1rOSxuQeOwO_!!0-item_pic.jpg,美的洗碗机全自动家用热风烘干消毒除菌台式嵌入式8套/10套V3,	642413878464,,5999.0,5999.0,5999.0,5999.0,100.00%,1,4,0,19,19,0.14%,113981,0.30%,113981,132,1,0,,,淘金币抵3%,7天无理由|运费险|保障速递|蚂蚁花呗|信用卡支付|集分宝,大家电,厨房大电,洗碗机,,,2021-05-24,12:18:38,1天1时0分35秒,一,http://item.taobao.com/item.htm?id=642413878464,https://kandianbao.com/item/642413878464/, 
61,https://img.alicdn.com/imgextra/i3/3596295621/O1CN01gIQlLl1rOSxpHqODl_!!0-item_pic.jpg,美的T39S大吸力抽油烟机厨房家用自清洗顶吸烟机智能家电,	636605308383,,2199.0,2199.0,2199.0,2199.0,100.00%,1,1,0,21,36,0.15%,46179,0.12%,79164,132,11,0,,,淘金币抵3%,7天无理由|运费险|保障速递|蚂蚁花呗|信用卡支付|集分宝,大家电,厨房大电,油烟机,,,2021-05-23,12:07:21,49分18秒,日,http://item.taobao.com/item.htm?id=636605308383,https://kandianbao.com/item/636605308383/, 
62,https://img.alicdn.com/imgextra/i2/3596295621/O1CN01LU8ADi1rOSxeNbe4X_!!0-item_pic.jpg,美的T59P顶吸式抽油烟机吸油机欧式抽烟机厨房用自动清洗智能家电,	597780921701,,3399.0,3399.0,3399,3399,100.00%,1,1,0,21,299,0.15%,71379,0.19%,1016301,812,126,0,,,优惠活动|淘金币抵3%,7天无理由|运费险|保障速递|蚂蚁花呗|信用卡支付|集分宝,大家电,厨房大电,油烟机,,,2021-05-28,13:05:43,5天1时47分40秒,五,http://item.taobao.com/item.htm?id=597780921701,https://kandianbao.com/item/597780921701/,声音小(2);清洁方便(2);大风很给力(3);安装师傅负责(9);吸引力很大(7);多功能实用(2)
63,https://img.alicdn.com/imgextra/i3/3596295621/O1CN016qZef51rOSxtJAHoE_!!0-item_pic.jpg,美的碗伴洗碗盐2kg软化水质专用预防水垢洗碗盐,	623343283657,,29.9,29.9,29.90,29.90,100.00%,0,294,0,22,212,0.16%,657.8,0.00%,6338.799999999999,88,20,0,,,淘金币抵3%,7天无理由|运费险|蚂蚁花呗|信用卡支付|集分宝,大家电,大家电配件,其他大家电配件,,,2021-05-29,17:44:50,6天6时26分47秒,六,http://item.taobao.com/item.htm?id=623343283657,https://kandianbao.com/item/623343283657/, 
64,https://img.alicdn.com/imgextra/i3/3596295621/O1CN01qf0HYn1rOSxnSZ5zC_!!0-item_pic.jpg,Midea/美的 ZTP300-02消毒保洁柜家用立式碗柜商用大容量300升L,	611635876529,,1499.0,1499.0,1499.0,1499.0,100.00%,1,9,0,22,89,0.16%,32978,0.09%,133411,146,11,0,,,淘金币抵3%,7天无理由|运费险|保障速递|蚂蚁花呗|信用卡支付|集分宝,大家电,消毒柜,消毒柜,,,2021-05-26,16:44:59,3天5时26分56秒,三,http://item.taobao.com/item.htm?id=611635876529,https://kandianbao.com/item/611635876529/, 
65,https://img.alicdn.com/imgextra/i3/3596295621/O1CN01CfP6LY1rOSy031lpS_!!0-item_pic.jpg,华凌集成水槽XH03热风烘干洗碗机水槽一体机智能家电可搭集成灶,	639416631602,,8999,8999,8999.00,8999.00,100.00%,0,18,0,22,49,0.16%,197978,0.53%,440951,1302,8,0,,,淘金币抵3%,7天无理由|运费险|保障速递|蚂蚁花呗|信用卡支付|集分宝,大家电,厨房大电,水槽厨电一体机,,,2021-05-28,17:21:14,5天6时3分11秒,五,http://item.taobao.com/item.htm?id=639416631602,https://kandianbao.com/item/639416631602/, 
66,https://img.alicdn.com/imgextra/i2/3596295621/O1CN01zofVlN1rOSxwMBacP_!!0-item_pic.jpg,美的Q59燃气灶台嵌式家用厨房灶具天然气煤气灶5.0kW六脚炉具双灶,	604082185593,,2599.0,2599.0,3999,3999,64.99%,4,14,0,25,1515,0.18%,64975,0.17%,3937485,4448,530,0,,,优惠活动|淘金币抵3%,7天无理由|运费险|保障速递|蚂蚁花呗|信用卡支付|集分宝,大家电,厨房大电,燃气灶,,,2021-05-28,15:32:25,5天4时14分22秒,五,http://item.taobao.com/item.htm?id=604082185593,https://kandianbao.com/item/604082185593/,火焰很大(2);加热效果不错(2);容易清洗(4);大火很棒(12);特别大气(3);价格高(2)
67,https://img.alicdn.com/imgextra/i1/3596295621/O1CN01KVN1Ap1rOSxkYOeO4_!!0-item_pic.jpg,美的洗碗机全自动家用台式免安装迷你小型消毒存储一体智能4套M10,	642068222471,,2999.0,2999.0,2999.0,2999.0,100.00%,1,28,0,26,36,0.19%,77974,0.21%,107964,324,11,0,,,淘金币抵3%,7天无理由|运费险|保障速递|蚂蚁花呗|信用卡支付|集分宝,大家电,厨房大电,洗碗机,,,2021-05-26,08:47:50,2天21时29分47秒,三,http://item.taobao.com/item.htm?id=642068222471,https://kandianbao.com/item/642068222471/, 
68,https://img.alicdn.com/imgextra/i4/3596295621/O1CN01c7Bkzw1rOSxwMEg0z_!!0-item_pic.jpg,美的Q81燃气灶煤气炉蜂窝炭火炉天然气灶具家用大火力厨房旗舰店,	618576202529,,1999.0,1999.0,1999.0,1999.0,100.00%,1,92,0,27,132,0.19%,53973,0.14%,263868,676,44,0,,,淘金币抵3%,7天无理由|运费险|保障速递|蚂蚁花呗|信用卡支付|集分宝,大家电,厨房大电,燃气灶,,,2021-05-25,20:58:16,2天9时40分13秒,二,http://item.taobao.com/item.htm?id=618576202529,https://kandianbao.com/item/618576202529/,大火很棒(2);发货送货迅速(2);老板人很好(2);非常好打理(2);态度很有问题(2)
69,https://img.alicdn.com/imgextra/i1/3596295621/O1CN015heQaX1rOSwYa3vT4_!!0-item_pic.jpg,美的JC501油烟机灶具消毒柜套装烟灶消家用厨房三件套智能家电,	633676513873,,4798.0,4998.0,4798,4998,100.00%,4,58,0,27,172,0.19%,131706,0.35%,839016,328,43,0,,,新品抢购|淘金币抵3%,7天无理由|运费险|保障速递|蚂蚁花呗|信用卡支付|集分宝,大家电,厨房大电,烟灶消套装,,,2021-05-26,15:17:12,3天3时59分9秒,三,http://item.taobao.com/item.htm?id=633676513873,https://kandianbao.com/item/633676513873/,大小尺寸适合(3);安装服务很好(3);物流快递很快(6);品牌值得信任(2)
70,https://img.alicdn.com/imgextra/i1/3596295621/O1CN01i7hyTZ1rOSxiJ9JK5_!!0-item_pic.jpg,美的碗伴洗碗粉 1kg去油污渍洗洁洗碗剂 洗碗机专用,	623066558392,,69.9,69.9,69.90,69.90,100.00%,0,317,0,30,242,0.21%,2097,0.01%,16915.800000000003,118,30,0,,,淘金币抵3%,7天无理由|运费险|蚂蚁花呗|信用卡支付|集分宝,大家电,大家电配件,其他大家电配件,,,2021-05-29,17:44:04,6天6时26分1秒,六,http://item.taobao.com/item.htm?id=623066558392,https://kandianbao.com/item/623066558392/, 
71,https://img.alicdn.com/imgextra/i2/3596295621/O1CN01XnZS7I1rOSxepaX1M_!!0-item_pic.jpg,美的100K03消毒柜家用立式小型高温消毒双门不锈钢碗柜除菌烘干,	591585326581,,699.0,699.0,699.0,699.0,100.00%,1,52,0,33,1763,0.24%,23067,0.06%,1232337,2640,445,0,,,淘金币抵3%,7天无理由|运费险|保障速递|蚂蚁花呗|信用卡支付|集分宝,大家电,消毒柜,消毒柜,,,2021-05-24,00:00:00,12时41分57秒,一,http://item.taobao.com/item.htm?id=591585326581,https://kandianbao.com/item/591585326581/,不大不小(3);很便宜(4);消毒很好(3);相信品牌(2);操作简单(3);外形外观漂亮(7)
72,https://img.alicdn.com/imgextra/i1/3596295621/O1CN01xG5C2M1rOSxwT6MNs_!!0-item_pic.jpg,美的GX1000洗碗机家用全自动变频热风烘干16/13套智能家电嵌入式,	627397992347,,9999.0,9999.0,9999.0,9999.0,100.00%,1,48,0,35,137,0.25%,349965,0.93%,1369863,1786,44,0,,,淘金币抵3%,7天无理由|运费险|保障速递|蚂蚁花呗|信用卡支付|集分宝,大家电,厨房大电,洗碗机,,,2021-05-28,17:25:23,5天6时7分20秒,五,http://item.taobao.com/item.htm?id=627397992347,https://kandianbao.com/item/627397992347/,烘干效果很好(2);洗的很干净(4);挺安静的(2);空间容量很大(2);安装效果满意(2);卖家态度友好(6)
73,https://img.alicdn.com/imgextra/i1/3596295621/O1CN01KOndBW1rOSxoFvDmS_!!0-item_pic.jpg,美的J18P油烟机燃气灶套餐厨房家用自清洗油烟机灶具套装智能家电,	604124377010,,3399.0,3799.0,3399.0,3799.0,100.00%,6,17,0,36,662,0.26%,128124.00000000001,0.34%,2356058.0000000005,1598,231,0,,,淘金币抵3%,7天无理由|运费险|保障速递|蚂蚁花呗|信用卡支付|集分宝,大家电,厨房大电,烟灶消套装,,,2021-05-28,21:41:01,5天10时22分58秒,五,http://item.taobao.com/item.htm?id=604124377010,https://kandianbao.com/item/604124377010/,便宜多了(4);吸引力很大(4);特别大气(4);安装效果满意(4);物流快递很快(8);师傅技术很好(7)
74,https://img.alicdn.com/imgextra/i4/3596295621/O1CN018osMt11rOSxn1bz6m_!!0-item_pic.jpg,美的T39P欧式顶吸油烟机燃气灶套餐21m³大吸力烟灶套装智能家电,	609075434189,,4099,4399,4099,4399,100.00%,6,0,0,38,514,0.27%,160322,0.43%,2168566,1714,177,0,,,优惠活动|淘金币抵3%,7天无理由|运费险|保障速递|蚂蚁花呗|信用卡支付|集分宝,大家电,厨房大电,烟灶消套装,,,2021-05-24,16:39:03,1天5时21分0秒,一,http://item.taobao.com/item.htm?id=609075434189,https://kandianbao.com/item/609075434189/,吸引力很大(2);很便宜(5);安装效果满意(4);款式颜色好看(5);大小尺寸合身(3);物流快递很快(6)
75,https://img.alicdn.com/imgextra/i4/3596295621/O1CN01g4dSoG1rOSxqn1LUp_!!0-item_pic.jpg,美的TV701欧式变频顶吸抽油烟机燃气灶套餐烟机灶具组合智能家电,	602246236240,,4099.0,4299.0,4099,4299,100.00%,5,33,0,39,797,0.28%,162981,0.43%,3330663,2258,273,0,,,优惠活动|淘金币抵3%,7天无理由|运费险|保障速递|蚂蚁花呗|信用卡支付|集分宝,大家电,厨房大电,烟灶消套装,,,2021-05-25,10:18:35,1天23时0分32秒,二,http://item.taobao.com/item.htm?id=602246236240,https://kandianbao.com/item/602246236240/,使用正常(2);吸引力很大(4);师傅安装好快(9);风力特别足(2);大品牌(3);安装效果满意(6)
76,https://img.alicdn.com/imgextra/i2/3596295621/O1CN01KGjXEA1rOSxjYHQbF_!!0-item_pic.jpg,Midea/美的100Q33嵌入式高温消毒柜紫外线消毒家用碗柜,	606970022464,,1399.0,1399.0,1399.0,1399.0,100.00%,1,5,0,40,1699,0.29%,55960,0.15%,2376901,3698,440,0,,,淘金币抵3%,7天无理由|运费险|保障速递|蚂蚁花呗|信用卡支付|集分宝,大家电,消毒柜,消毒柜,,,2021-05-25,15:12:53,2天3时54分50秒,二,http://item.taobao.com/item.htm?id=606970022464,https://kandianbao.com/item/606970022464/,外观看着大气(11);消毒功能良好(3);大小尺寸适合(7);大品牌(5);安装效果满意(7);服务态度极好(5)
77,https://img.alicdn.com/imgextra/i1/3596295621/O1CN01n6Ao1C1rOSxnYWgnT_!!0-item_pic.jpg,美的出品华凌洗碗机全自动家用智能烘干消毒除菌Vie6嵌入式台式,	596074195005,,2499.0,2499.0,2499.0,2499.0,100.00%,1,12,0,41,1883,0.29%,102459,0.27%,4705617,10468,587,0,,,淘金币抵3%,7天无理由|运费险|保障速递|蚂蚁花呗|信用卡支付|集分宝,大家电,厨房大电,洗碗机,,,2021-05-28,09:56:48,4天22时38分45秒,五,http://item.taobao.com/item.htm?id=596074195005,https://kandianbao.com/item/596074195005/,干净多了(3);洗的很干净(16);大小尺寸适合(2);性比价很高(7);安装效果满意(13);安装服务很好(17)
78,https://img.alicdn.com/imgextra/i3/3596295621/O1CN01nUgx0g1rOSxnYpwM7_!!0-item_pic.jpg,美的T36S顶吸抽油烟机燃气灶套餐厨房家用套烟灶消套装智能家电,	563285388578,,3399.0,3599.0,3399,3599,100.00%,4,24,0,44,9605,0.31%,153076.00000000003,0.41%,33415795.000000004,25846,1546,8,,,优惠活动|淘金币抵3%,7天无理由|运费险|保障速递|蚂蚁花呗|信用卡支付|集分宝,大家电,厨房大电,烟灶消套装,,,2021-05-25,10:06:38,1天22时48分35秒,二,http://item.taobao.com/item.htm?id=563285388578,https://kandianbao.com/item/563285388578/,声音不是太大(3);安装效果很好(17);吸引力很大(6);抽烟效果很好(4);师傅安装好快(24);性比价很高(12)
79,https://img.alicdn.com/imgextra/i1/3596295621/O1CN016c6Ipk1rOSxkU0MhE_!!0-item_pic.jpg,Midea/美的 J57侧吸大吸力抽油烟机家用厨房小型油烟机智能家电,	607875200345,,2699.0,2699.0,2699,2699,100.00%,1,20,0,48,267,0.34%,129552,0.35%,720633,670,97,0,,,优惠活动|淘金币抵3%,7天无理由|运费险|保障速递|蚂蚁花呗|信用卡支付|集分宝,大家电,厨房大电,油烟机,,,2021-05-29,17:17:18,6天5时59分15秒,六,http://item.taobao.com/item.htm?id=607875200345,https://kandianbao.com/item/607875200345/,大风很给力(3);吸引力很大(2);抽烟效果很好(3);操作方便(2);售后态度很好(5);安装效果满意(5)
80,https://img.alicdn.com/imgextra/i1/3596295621/O1CN01rxfvt91rOSxulBKvA_!!0-item_pic.jpg,美的仙味控温燃气灶定时关火煤气灶双灶家用天然气灶防干烧XQ2S,	614007494849,,2999.0,2999.0,2999.0,2999.0,100.00%,1,16,0,52,514,0.37%,155948,0.42%,1541486,2812,195,0,,,淘金币抵3%,7天无理由|运费险|保障速递|蚂蚁花呗|信用卡支付|集分宝,大家电,厨房大电,燃气灶,,,2021-05-29,11:01:31,5天23时43分28秒,六,http://item.taobao.com/item.htm?id=614007494849,https://kandianbao.com/item/614007494849/,操控很方便(4);大小尺寸适合(4);性比价很高(5);很上档次(4);安装效果满意(7);猛火很快(6)
81,https://img.alicdn.com/imgextra/i4/3596295621/O1CN01caaKIT1rOSxieYHaf_!!0-item_pic.jpg,美的J15抽油烟机燃气灶套餐烟灶套装家用厨房大吸力烟机,	640331104896,,1999.0,2399.0,1999.0,2399.0,100.00%,6,32,0,57,76,0.41%,123063,0.33%,164084,138,16,0,,,淘金币抵3%,7天无理由|运费险|保障速递|蚂蚁花呗|信用卡支付|集分宝,大家电,厨房大电,烟灶消套装,,,2021-05-25,16:29:37,2天5时11分34秒,二,http://item.taobao.com/item.htm?id=640331104896,https://kandianbao.com/item/640331104896/, 
82,https://img.alicdn.com/imgextra/i2/3596295621/O1CN011PXj751rOSxmD0WfA_!!0-item_pic.jpg,美的碗伴洗涤套装 1kg洗碗粉+500ml漂洗剂+1kg洗碗盐 洗碗机专用,	623343991579,,139.0,139.0,139.0,139.0,100.00%,1,960,0,59,675,0.42%,8201,0.02%,93825,362,79,0,,,淘金币抵3%,7天无理由|运费险|蚂蚁花呗|信用卡支付|集分宝,大家电,大家电配件,其他大家电配件,,,2021-05-28,15:48:16,5天4时30分13秒,五,http://item.taobao.com/item.htm?id=623343991579,https://kandianbao.com/item/623343991579/,洗的很干净(2);顺丰快递快速(2)
83,https://img.alicdn.com/imgextra/i3/3596295621/O1CN01IC47qh1rOSxsC2oyC_!!0-item_pic.jpg,美的T36S欧式顶吸抽油烟机厨房家用自动清洗吸油烟机智能家电,	605888821082,,2599.0,2599.0,2599,2599,100.00%,1,6,0,61,1527,0.44%,158539,0.42%,3968673,4034,613,0,,,优惠活动|淘金币抵3%,7天无理由|运费险|保障速递|蚂蚁花呗|信用卡支付|集分宝,大家电,厨房大电,油烟机,,,2021-05-27,15:31:57,4天4时13分54秒,四,http://item.taobao.com/item.htm?id=605888821082,https://kandianbao.com/item/605888821082/,能自动清洗(2);声音小(2);大风很给力(5);吸引力很大(14);吸烟效果很好(7);爱理不理的(3)
84,https://img.alicdn.com/imgextra/i2/3596295621/O1CN01Lrmk2D1rOSxynsuPo_!!0-item_pic.jpg,美的油烟机燃气灶套餐元气套系厨房两件套组合智能家电JV701,	602869043500,,4099.0,4599.0,4099,4599,100.00%,5,57,0,66,1277,0.47%,283734,0.76%,5489823,3664,442,0,,,优惠活动|淘金币抵3%,7天无理由|运费险|保障速递|蚂蚁花呗|信用卡支付|集分宝,大家电,厨房大电,烟灶消套装,,,2021-05-24,18:05:28,1天6时47分25秒,一,http://item.taobao.com/item.htm?id=602869043500,https://kandianbao.com/item/602869043500/,声音很小(2);大风很给力(2);吸引力很大(6);炒菜非常快捷(2);大火很棒(3);性比价很高(6)
85,https://img.alicdn.com/imgextra/i3/3596295621/O1CN01Czknkx1rOSxmdyqrG_!!0-item_pic.jpg,美的出品华凌台式洗碗机全自动家用免安装小型消毒智能刷碗Vie1,	610136367034,,1299.0,1299.0,1299.0,1299.0,100.00%,1,2,0,69,1047,0.49%,89631,0.24%,1360053,8560,286,0,,,淘金币抵3%,7天无理由|运费险|保障速递|蚂蚁花呗|信用卡支付|集分宝,大家电,厨房大电,洗碗机,,,2021-05-27,09:56:50,3天22时38分47秒,四,http://item.taobao.com/item.htm?id=610136367034,https://kandianbao.com/item/610136367034/,完美操作(2);声音很小(3);价钱便宜(7);洗的很干净(12);操控很方便(8);容量不是很大(3)
86,https://img.alicdn.com/imgextra/i3/3596295621/O1CN01FyIVgp1rOSxr9wSgB_!!0-item_pic.jpg,美的J18P抽油烟机家用厨房大吸力自动清洗侧吸油烟机抽烟智能家电,	592582678425,,1499.0,1499.0,1499.0,1499.0,100.00%,1,2,0,70,3731,0.50%,104930,0.28%,5592769,8906,1411,0,,,淘金币抵3%,7天无理由|运费险|保障速递|蚂蚁花呗|信用卡支付|集分宝,大家电,厨房大电,油烟机,,,2021-05-29,10:02:11,5天22时44分8秒,六,http://item.taobao.com/item.htm?id=592582678425,https://kandianbao.com/item/592582678425/,效果不错(5);大风很给力(3);吸引力很大(11);太好用了(3);送货上门(13);声音很大(4)
87,https://img.alicdn.com/imgextra/i3/3596295621/O1CN01wviMUz1rOSxeO1Ucm_!!0-item_pic.jpg,美的T39P欧式顶吸大吸力油烟机厨房家用自动清洗抽烟机智能家电,	608578236067,,2699,2699,2699,2699,100.00%,1,0,0,70,1257,0.50%,188930,0.50%,3392643,3588,437,0,,,优惠活动|淘金币抵3%,7天无理由|运费险|保障速递|蚂蚁花呗|信用卡支付|集分宝,大家电,厨房大电,油烟机,,,2021-05-25,10:23:20,1天23时5分17秒,二,http://item.taobao.com/item.htm?id=608578236067,https://kandianbao.com/item/608578236067/,声音不大(2);大风很给力(4);抽风效果满意(4);性比价很高(8);整体效果很好(4);声音很大(2)
88,https://img.alicdn.com/imgextra/i4/3596295621/O1CN01pkh9Gv1rOSxlQ5bDt_!!0-item_pic.jpg,美的出品华凌洗碗机全自动刷碗消毒存储一体6套台式嵌入两用3602,	599047075614,,1599.0,1599.0,1599.0,1599.0,100.00%,1,10,0,72,1311,0.51%,115128,0.31%,2096289,10712,392,0,,,淘金币抵3%,7天无理由|运费险|保障速递|蚂蚁花呗|信用卡支付|集分宝,大家电,厨房大电,洗碗机,,,2021-05-26,00:00:00,2天12时41分57秒,三,http://item.taobao.com/item.htm?id=599047075614,https://kandianbao.com/item/599047075614/,洗的很干净(26);方便(8);送货到家(10);空间容量很大(10);性比价很高(11);问题答非所问(2)
89,https://img.alicdn.com/imgextra/i3/3596295621/O1CN01OqD0dL1rOSxysbQ5G_!!0-item_pic.jpg,美的GX600P洗碗机全自动家用烘干消毒一体式独立式嵌入式16套智能,	627408226124,,9999.0,9999.0,9999.0,9999.0,100.00%,1,105,0,72,141,0.51%,719928,1.92%,1409859,1738,22,0,,,淘金币抵3%,7天无理由|运费险|保障速递|蚂蚁花呗|信用卡支付|集分宝,大家电,厨房大电,洗碗机,,,2021-05-28,13:32:18,5天2时14分15秒,五,http://item.taobao.com/item.htm?id=627408226124,https://kandianbao.com/item/627408226124/, 
90,https://img.alicdn.com/imgextra/i4/3596295621/O1CN01VAoCLU1rOSxzgXBvh_!!0-item_pic.jpg,美的消毒柜嵌入式家用大容量三层厨房碗柜家用智能家电120BX10,	613923900273,,2999.0,2999.0,2999.0,2999.0,100.00%,1,2,0,73,1709,0.52%,218927,0.58%,5125291,5206,531,0,,,淘金币抵3%,7天无理由|运费险|保障速递|蚂蚁花呗|信用卡支付|集分宝,大家电,消毒柜,消毒柜,,,2021-05-23,10:12:10,1时5分8秒,日,http://item.taobao.com/item.htm?id=613923900273,https://kandianbao.com/item/613923900273/,跟图片一致(3);消毒效果一流(8);操控很方便(7);安装简单(13);外包装很精细(16);使用起来不稳(2)
91,https://img.alicdn.com/imgextra/i3/3596295621/O1CN01m803vr1rOSxbniO6n_!!0-item_pic.jpg,美的T33吸抽油烟机燃气灶套餐家用厨房烟机灶具套装旗舰店智能,	596634995571,,1799.0,1999.0,1799.0,1999.0,100.00%,4,3,0,79,509,0.56%,148441,0.40%,956411,1220,133,0,,,淘金币抵3%,7天无理由|运费险|保障速递|蚂蚁花呗|信用卡支付|集分宝,大家电,厨房大电,烟灶消套装,,,2021-05-25,15:21:43,2天4时3分40秒,二,http://item.taobao.com/item.htm?id=596634995571,https://kandianbao.com/item/596634995571/,大品牌(2);安装效果满意(9);物流快递很快(8);售后安装好快(8);样式漂亮(4);解答很有耐心(5)
92,https://img.alicdn.com/imgextra/i4/3596295621/O1CN01E8J97R1rOSxv1G5GH_!!0-item_pic.jpg,美的DQ3三眼燃气灶定时嵌入多眼灶家用大面板天然气煤气灶三头灶,	633819358479,,3599.0,3599.0,3599.0,3599.0,100.00%,1,120,0,82,210,0.58%,295118,0.79%,755790,3580,47,0,,,淘金币抵3%,7天无理由|运费险|保障速递|蚂蚁花呗|信用卡支付|集分宝,大家电,厨房大电,燃气灶,,,2021-05-23,20:56:23,9时38分20秒,日,http://item.taobao.com/item.htm?id=633819358479,https://kandianbao.com/item/633819358479/,货物发得超快(2);各项功能齐全(2);大品牌(4);售后态度很好(3);火力足(4);大小尺寸合身(4)
93,https://img.alicdn.com/imgextra/i4/3596295621/O1CN01KlXPA51rOSxwF4Z9g_!!0-item_pic.jpg,美的JV703家用侧吸油烟机变频厨房抽烟机大吸力智能家电元气套系,	637660660322,,3999.0,3999.0,3999,3999,100.00%,1,59,0,85,135,0.61%,339915,0.91%,539865,612,39,0,,,新品促销|淘金币抵3%,7天无理由|运费险|保障速递|蚂蚁花呗|信用卡支付|集分宝,大家电,厨房大电,油烟机,,,2021-05-28,20:56:41,5天9时38分38秒,五,http://item.taobao.com/item.htm?id=637660660322,https://kandianbao.com/item/637660660322/,噪声可以接受(2);抽力够大(8);耐心讲解(2);师傅安装好快(2);各项功能齐全(2);非常漂亮(4)
94,https://img.alicdn.com/imgextra/i2/3596295621/O1CN011cKCtS1rOSx59RnRY_!!0-item_pic.jpg,美的烟灶消套装抽油烟机燃气灶套餐厨房三件套组合智能家电J25,	633854938513,,3798.0,3998.0,3798,3998,100.00%,4,60,0,87,401,0.62%,337386,0.90%,1555078,1098,90,0,,,优惠活动|淘金币抵3%,7天无理由|运费险|保障速递|蚂蚁花呗|信用卡支付|集分宝,大家电,厨房大电,烟灶消套装,,,2021-05-24,21:51:01,1天10时32分58秒,一,http://item.taobao.com/item.htm?id=633854938513,https://kandianbao.com/item/633854938513/,效果良好(2);师傅安装好快(8);面板很平(2);安装效果满意(4);小型很漂亮(5);声音很大(2)
95,https://img.alicdn.com/imgextra/i3/3596295621/O1CN01E8RhX41rOSxsejLbA_!!0-item_pic.jpg,美的油烟机官方旗舰店欧式抽油烟机家用厨房大吸力抽烟机商用T33,	624627717807,,1999.0,1999.0,1999.0,1999.0,100.00%,1,1,0,88,656,0.63%,175912,0.47%,1311344,1316,194,0,,,淘金币抵3%,7天无理由|运费险|保障速递|蚂蚁花呗|信用卡支付|集分宝,大家电,厨房大电,油烟机,,,2021-05-24,19:44:32,1天8时26分29秒,一,http://item.taobao.com/item.htm?id=624627717807,https://kandianbao.com/item/624627717807/,声音不大(2);吸引力很大(5);很便宜(6);师傅安装好快(25);抽油效果很好(5);整体效果很好(2)
96,https://img.alicdn.com/imgextra/i1/3596295621/O1CN01bezzHu1rOSqpu4xus_!!0-item_pic.jpg,美的油烟机烟管装饰罩油烟机防油罩 搭配抽油烟机咨询领券立减100,	605644953039,,200.0,200.0,200.0,200.0,100.00%,3,468,0,90,1004,0.64%,18000,0.05%,200800,600,187,0,,,淘金币抵3%,7天无理由|运费险|蚂蚁花呗|信用卡支付|集分宝,大家电,大家电配件,烟机灶具配件,,,2021-05-28,14:03:05,5天2时45分2秒,五,http://item.taobao.com/item.htm?id=605644953039,https://kandianbao.com/item/605644953039/,很好看(3);安装师傅细致(2);太贵了(4)
97,https://img.alicdn.com/imgextra/i4/3596295621/O1CN01p9Fbmt1rOSxizo0I0_!!0-item_pic.jpg,美的燃气灶官方旗舰店不锈钢煤气灶双灶家用天然气灶液化气灶Q219,	611639928330,,1498.0,1498.0,1498.0,1498.0,100.00%,2,513,0,90,2704,0.64%,134820,0.36%,4050592,4722,919,0,,,淘金币抵3%,7天无理由|运费险|保障速递|蚂蚁花呗|信用卡支付|集分宝,大家电,厨房大电,燃气灶,,,2021-05-24,13:39:02,1天2时20分59秒,一,http://item.taobao.com/item.htm?id=611639928330,https://kandianbao.com/item/611639928330/,火力大小好调(37);很大(8);火焰很大(5);加热效果不错(4);炒菜很方便(8);打火容易瞎火(2)
98,https://img.alicdn.com/imgextra/i4/3596295621/O1CN010wQqEG1rOSxt78DK1_!!0-item_pic.jpg,美的XC60立式二星级消毒柜 家用小型厨房消毒碗柜大容量独立控制,	612369879824,,1099.0,1599.0,1099.0,1599.0,100.00%,2,7,0,95,421,0.68%,123405,0.33%,546879,824,83,0,,,淘金币抵3%,7天无理由|运费险|保障速递|蚂蚁花呗|信用卡支付|集分宝,大家电,消毒柜,消毒柜,,,2021-05-27,10:08:06,3天22时50分3秒,四,http://item.taobao.com/item.htm?id=612369879824,https://kandianbao.com/item/612369879824/,价格很美丽(2);大品牌(3);质感非常好(2);德邦物流给力(6);样式漂亮(7)
99,https://img.alicdn.com/imgextra/i4/3596295621/O1CN01MZZqXb1rOSwrdCTpT_!!0-item_pic.jpg,美的T39智能一键自清洗大吸力家用厨房抽油烟机吸油烟机智能家电,	632912663369,,1999.0,1999.0,1999.0,1999.0,100.00%,1,1,0,102,283,0.73%,203898,0.54%,565717,694,81,0,,,淘金币抵3%,7天无理由|运费险|保障速递|蚂蚁花呗|信用卡支付|集分宝,大家电,厨房大电,油烟机,,,2021-05-25,16:40:38,2天5时22分35秒,二,http://item.taobao.com/item.htm?id=632912663369,https://kandianbao.com/item/632912663369/,能自动清洗(2);吸引力很大(4);安装效果满意(11);款式颜色好看(3);安装师傅细致(9);实惠(5)
100,https://img.alicdn.com/imgextra/i4/3596295621/O1CN01x1w6gK1rOSxx8PPVJ_!!2-item_pic.png,【61开门红消毒柜0.1元预定】（该链接拍下不发货）,	645307390051,,0.1,0.1,0.1,0.1,100.00%,4,697,0,103,101,0.73%,10.3,0.00%,10.100000000000001,0,0,0,,,淘金币抵3%,7天无理由|运费险|蚂蚁花呗|信用卡支付|集分宝,大家电,大家电配件,其他大家电配件,,,2021-05-27,15:14:39,4天3时56分36秒,四,http://item.taobao.com/item.htm?id=645307390051,https://kandianbao.com/item/645307390051/, 
101,https://img.alicdn.com/imgextra/i2/3596295621/O1CN01AmYRFD1rOSxtlCHsL_!!0-item_pic.jpg,【618预售】0.1元预约抢好礼（预约链接，单拍不发货）,	644998957529,,0.1,0.1,0.1,0.1,100.00%,8,691,0,107,107,0.76%,10.700000000000001,0.00%,10.700000000000001,2,0,0,,,淘金币抵3%,7天无理由|运费险|蚂蚁花呗|信用卡支付|集分宝,大家电,大家电配件,其他大家电配件,,,2021-05-28,01:35:12,4天14时17分9秒,五,http://item.taobao.com/item.htm?id=644998957529,https://kandianbao.com/item/644998957529/, 
102,https://img.alicdn.com/imgextra/i1/3596295621/O1CN01JIknn91rOSxu3qD1o_!!0-item_pic.jpg,美的集成灶一体灶家用大吸力油烟机二星消毒柜燃气灶智能家电D28,	628018552734,,6999.0,6999.0,7399,7399,94.59%,2,16,0,107,436,0.76%,748893,1.99%,3051564,4418,133,0,,,优惠促销|淘金币抵3%,7天无理由|运费险|保障速递|蚂蚁花呗|信用卡支付|集分宝,大家电,厨房大电,集成灶,,,2021-05-27,11:18:28,4天0分25秒,四,http://item.taobao.com/item.htm?id=628018552734,https://kandianbao.com/item/628018552734/,挺重的(2);抽油效果很好(2);特别大气(11);价格实惠(8);安装效果满意(6);质感非常好(3)
103,https://img.alicdn.com/imgextra/i2/3596295621/O1CN01rWpSjK1rOSxv4Gmlz_!!0-item_pic.jpg,美的抽油烟机燃气灶套餐顶吸大吸力厨房烟机灶具套装智能家电T59P,	563448018621,,5598.0,6498.0,5598,6498,100.00%,10,50,0,117,1843,0.83%,697086.0000000001,1.86%,10980594.000000002,6372,699,0,,,优惠活动|淘金币抵3%,7天无理由|运费险|保障速递|蚂蚁花呗|信用卡支付|集分宝,大家电,厨房大电,烟灶消套装,,,2021-05-24,15:13:38,1天3时55分35秒,一,http://item.taobao.com/item.htm?id=563448018621,https://kandianbao.com/item/563448018621/,有赠品(2);大火非常快(8);烧菜很好(2);抽油效果有效(13);清洗效果好评(2);风格独特(2)
104,https://img.alicdn.com/imgextra/i4/3596295621/O1CN01STrbbZ1rOSxv8kaCc_!!0-item_pic.jpg,美的TV703双变频顶吸油烟机厨房家用大吸力抽油烟机官方智能家电,	637289462857,,3999.0,3999.0,3999.0,3999.0,100.00%,1,39,0,118,317,0.84%,471882,1.26%,1267683,1656,106,0,,,淘金币抵3%,7天无理由|运费险|保障速递|蚂蚁花呗|信用卡支付|集分宝,大家电,厨房大电,油烟机,,,2021-05-27,17:38:28,4天6时20分25秒,四,http://item.taobao.com/item.htm?id=637289462857,https://kandianbao.com/item/637289462857/,功率非常大(2);风力比较大(4);吸引力很大(8);方便(8);效果非常好(3);抽油效果很好(6)
105,https://img.alicdn.com/imgextra/i2/3596295621/O1CN01zkyJrH1rOSy0E23gd_!!0-item_pic.jpg,美的油烟机燃气灶套餐JV703变频大吸力厨房侧吸元气套装智能家电,	638223881732,,4999.0,6199.0,4999,6199,100.00%,12,189,0,126,279,0.90%,690354,1.84%,1528641,1330,78,0,,,优惠促销|淘金币抵3%,7天无理由|运费险|保障速递|蚂蚁花呗|信用卡支付|集分宝,大家电,厨房大电,烟灶消套装,,,2021-05-24,22:03:48,1天10时45分45秒,一,http://item.taobao.com/item.htm?id=638223881732,https://kandianbao.com/item/638223881732/,性价比之王(6);清洗非常好(2);吸风强力(8);火力大小好调(7);操控很方便(6);加热效果不错(2)
106,https://img.alicdn.com/imgextra/i4/3596295621/O1CN01bm91Nc1rOSxu6ZIC1_!!0-item_pic.jpg,美的油烟机小型抽油烟机家用厨房大吸力吸油机小尺寸智能家电J27,	612759199534,,1999.0,1999.0,1999.0,1999.0,100.00%,1,81,0,134,1184,0.96%,267866,0.71%,2366816,3106,426,0,,,淘金币抵3%,7天无理由|运费险|保障速递|蚂蚁花呗|信用卡支付|集分宝,大家电,厨房大电,油烟机,,,2021-05-24,10:57:44,23时39分41秒,一,http://item.taobao.com/item.htm?id=612759199534,https://kandianbao.com/item/612759199534/,声音不大(7);大风很给力(4);吸引力很大(20);清洗起来方便(2);小巧(13);安装费劲(2)
107,https://img.alicdn.com/imgextra/i4/3596295621/O1CN01BNFtCd1rOSxtLOI3u_!!0-item_pic.jpg,美的燃气灶双灶家用煤气灶猛火液化气灶具台式天然气灶嵌入式Q70,	636414187086,,1599.0,1599.0,1599.0,1599.0,100.00%,2,69,0,138,446,0.98%,220662,0.59%,713154,914,156,0,,,淘金币抵3%,7天无理由|运费险|保障速递|蚂蚁花呗|信用卡支付|集分宝,大家电,厨房大电,燃气灶,,,2021-05-24,13:24:21,1天2时6分18秒,一,http://item.taobao.com/item.htm?id=636414187086,https://kandianbao.com/item/636414187086/,火力大小好调(17);信赖品牌(3);加热很快(3);容易清洗(2);超级方便(2);会回购(2)
108,https://img.alicdn.com/imgextra/i3/3596295621/O1CN01YZaYEa1rOSxoheaIF_!!0-item_pic.jpg,美的防干烧燃气灶360度猛火嵌入式天然气灶台煤气灶双灶家用Q36S,	641866662314,,1099.0,1099.0,1099.0,1099.0,100.00%,1,138,0,154,216,1.10%,169246,0.45%,237384,870,49,0,,,淘金币抵3%,7天无理由|运费险|保障速递|蚂蚁花呗|信用卡支付|集分宝,大家电,厨房大电,燃气灶,,,2021-05-26,14:01:32,3天2时43分29秒,三,http://item.taobao.com/item.htm?id=641866662314,https://kandianbao.com/item/641866662314/,性比价很高(2);相信品牌(3);大小尺寸合身(2);服务态度极好(4);安装师傅细致(5);外观包装很好(2)
109,https://img.alicdn.com/imgextra/i4/3596295621/O1CN01s9IGsN1rOSxuYzZL6_!!0-item_pic.jpg,美的消毒柜家用小型消毒柜立式迷你消毒碗柜厨房台式消毒柜80K03,	594911075137,,549.0,699.0,549.0,699.0,100.00%,2,75,0,156,5539,1.11%,95004,0.25%,3373251,7858,1406,0,,,淘金币抵3%,7天无理由|运费险|保障速递|蚂蚁花呗|信用卡支付|集分宝,大家电,消毒柜,消毒柜,,,2021-05-26,14:02:23,3天2时44分20秒,三,http://item.taobao.com/item.htm?id=594911075137,https://kandianbao.com/item/594911075137/,师傅很守约(2);温度挺高的(2);送货上门(48);容量大小刚好(3);材质优良(3);有点味道(2)
110,https://img.alicdn.com/imgextra/i1/3596295621/O1CN017NHkHk1rOSxyrPuIn_!!0-item_pic.jpg,美的K1洗碗机全自动家用智能家电热风烘干消毒除菌刷碗一体10/8套,	582512429452,,3999.0,3999.0,3999.0,3999.0,100.00%,1,78,0,177,14850,1.26%,707823,1.89%,59385150,78570,4822,0,,,淘金币抵3%,7天无理由|运费险|保障速递|蚂蚁花呗|信用卡支付|集分宝,大家电,厨房大电,洗碗机,,,2021-05-27,11:07:41,3天23时49分38秒,四,http://item.taobao.com/item.htm?id=582512429452,https://kandianbao.com/item/582512429452/,用料不俗(2);烘干效果很好(10);水箱容量挺大(40);性比价很高(63);整体效果很好(23);店家太恶心(12)
111,https://img.alicdn.com/imgextra/i4/3596295621/O1CN01VW8qru1rOSxvqDMc2_!!0-item_pic.jpg,美的洗碗机全自动家用消毒烘干嵌入式独立式一体式15/13套RX50,	618065329997,,6999.0,6999.0,6999.0,6999.0,100.00%,1,6,0,184,4025,1.31%,1287816,3.43%,28170975,22408,0,0,,,淘金币抵3%,7天无理由|运费险|保障速递|蚂蚁花呗|信用卡支付|集分宝,大家电,厨房大电,洗碗机,,,2021-05-24,17:15:28,1天5时57分25秒,一,http://item.taobao.com/item.htm?id=618065329997,https://kandianbao.com/item/618065329997/, 
112,https://img.alicdn.com/imgextra/i3/3596295621/O1CN01uR5KWC1rOSxpovQch_!!0-item_pic.jpg,【618现货】0.1元预约抢好礼（预约链接，单拍不发货）,	644601440537,,0.1,0.1,0.1,0.1,100.00%,8,987,0,185,191,1.32%,18.5,0.00%,19.1,20,0,0,,,淘金币抵3%,7天无理由|运费险|蚂蚁花呗|信用卡支付|集分宝,大家电,大家电配件,其他大家电配件,,,2021-05-28,01:26:07,4天14时8分4秒,五,http://item.taobao.com/item.htm?id=644601440537,https://kandianbao.com/item/644601440537/, 
113,https://img.alicdn.com/imgextra/i2/3596295621/O1CN01mU70ql1rOSxtbMq4r_!!0-item_pic.jpg,美的J15油烟机小型家用厨房大吸力抽烟机侧吸抽油烟机官方旗舰店,	640961843258,,1299.0,1299.0,1299.0,1299.0,100.00%,1,5,0,185,289,1.32%,240315,0.64%,375411,720,80,0,,,淘金币抵3%,7天无理由|运费险|保障速递|蚂蚁花呗|信用卡支付|集分宝,大家电,厨房大电,油烟机,,,2021-05-26,19:47:17,3天8时29分14秒,三,http://item.taobao.com/item.htm?id=640961843258,https://kandianbao.com/item/640961843258/,大风很给力(5);吸引力很好(6);抽烟效果很好(4);大小尺寸适合(2);清洗起来方便(4);师傅安装好快(7)
114,https://img.alicdn.com/imgextra/i3/3596295621/O1CN01gzD8IF1rOSxrdFAM3_!!0-item_pic.jpg,华凌抽油烟机家用厨房大吸力抽烟机顶吸式吸油烟机H2S,	615716379702,,1399.0,1399.0,1399.0,1399.0,100.00%,1,5,0,192,1737,1.37%,268608,0.72%,2430063,3354,570,0,,,淘金币抵3%,7天无理由|运费险|保障速递|蚂蚁花呗|信用卡支付|集分宝,大家电,厨房大电,油烟机,,,2021-05-26,20:54:54,3天9时36分51秒,三,http://item.taobao.com/item.htm?id=615716379702,https://kandianbao.com/item/615716379702/,声音很小(3);加热效果不错(2);师傅安装好快(41);抽油效果很好(9);物超所值(11);店家服务一般(2)
115,https://img.alicdn.com/imgextra/i2/3596295621/O1CN012aOAQi1rOSxv1qfWF_!!0-item_pic.jpg,美的油烟机官方旗舰店侧吸抽油烟机家用厨房大吸力智能家电JC501,	611002070618,,4398.0,4398.0,4999,4999,87.98%,1,8,0,196,2229,1.40%,862008,2.30%,9803142,4566,897,0,,,优惠活动|淘金币抵3%,7天无理由|运费险|保障速递|蚂蚁花呗|信用卡支付|集分宝,大家电,厨房大电,油烟机,,,2021-05-28,16:58:01,5天5时39分58秒,五,http://item.taobao.com/item.htm?id=611002070618,https://kandianbao.com/item/611002070618/,赠品给力(2);噪音可接受(12);能自动清洗(3);大风很给力(10);吸引力很大(39);有噪音(5)
116,https://img.alicdn.com/imgextra/i4/3596295621/O1CN017y5ygW1rOSxrPdAcE_!!0-item_pic.jpg,美的消毒柜家用嵌入式小型厨房碗柜高温消毒烘干智能家电90Q15S,	563381765506,,999.0,999.0,999.0,999.0,100.00%,1,94,0,202,6428,1.44%,201798,0.54%,6421572,11362,913,0,,,淘金币抵3%,7天无理由|运费险|保障速递|蚂蚁花呗|信用卡支付|集分宝,大家电,消毒柜,消毒柜,,,2021-05-29,11:00:00,5天23时41分57秒,六,http://item.taobao.com/item.htm?id=563381765506,https://kandianbao.com/item/563381765506/,不影响使用(2);大品牌(6);师傅很专业(3);安装效果满意(7);多功能很不错(2);大小尺寸合身(4)
117,https://img.alicdn.com/imgextra/i4/3596295621/O1CN01o50eBN1rOSxlctL4T_!!0-item_pic.jpg,美的燃气灶防干烧天然气灶煤气灶双灶家用液化气灶定时灶台Q216B,	564684144048,,549.0,1099.0,549.0,1099.0,100.00%,17,498,0,209,9637,1.49%,160721,0.43%,7410853,12084,1194,1,,,淘金币抵3%,7天无理由|运费险|保障速递|蚂蚁花呗|信用卡支付|集分宝,大家电,厨房大电,燃气灶,,,2021-05-27,20:08:49,4天8时50分46秒,四,http://item.taobao.com/item.htm?id=564684144048,https://kandianbao.com/item/564684144048/,方便了很多(4);加热效果不错(4);大火很棒(14);性比价很高(8);材质质量很棒(2);店家态度差劲(2)
118,https://img.alicdn.com/imgextra/i2/3596295621/O1CN01Sg28pI1rOSxuYu8Nt_!!0-item_pic.jpg,美的消毒柜厨房家用立式台式商用小型消毒柜消毒碗柜XC65/XC66,	610367713015,,649.0,799.0,649.0,799.0,100.00%,2,26,0,289,3004,2.06%,204901,0.55%,2129836,4240,673,0,,,淘金币抵3%,7天无理由|运费险|保障速递|蚂蚁花呗|信用卡支付|集分宝,大家电,消毒柜,消毒柜,,,2021-05-27,15:45:32,4天4时27分29秒,四,http://item.taobao.com/item.htm?id=610367713015,https://kandianbao.com/item/610367713015/,适合老人用(3);操控很方便(5);大小尺寸适合(8);消毒很好(4);水箱容量挺大(12);客服回答很慢(4)
119,https://img.alicdn.com/imgextra/i3/3596295621/O1CN01PgrJjE1rOSxy9drZQ_!!2-item_pic.png,【61开门红洗碗机0.1元预定】（该链接拍下不发货）,	644556812613,,0.1,0.1,0.1,0.1,100.00%,6,11696,0,302,305,2.15%,30.200000000000003,0.00%,30.5,6,0,0,,,淘金币抵3%,7天无理由|运费险|蚂蚁花呗|信用卡支付|集分宝,大家电,大家电配件,其他大家电配件,,,2021-05-27,15:04:49,4天3时46分46秒,四,http://item.taobao.com/item.htm?id=644556812613,https://kandianbao.com/item/644556812613/, 
120,https://img.alicdn.com/imgextra/i3/3596295621/O1CN01kdv2Uh1rOSxdctJ0p_!!0-item_pic.jpg,购物金【多充多省 618可用】,	629765952882,,1000.0,1000.0,1000.0,1000.0,100.00%,1,8690,0,308,1932,2.20%,308000,0.82%,1932000,92,0,0,,,淘金币抵3%,7天无理由|运费险|蚂蚁花呗|信用卡支付|集分宝,购物金,消费电子购物金,大家电购物金,,,2021-05-23,14:31:36,3时13分33秒,日,http://item.taobao.com/item.htm?id=629765952882,https://kandianbao.com/item/629765952882/, 
121,https://img.alicdn.com/imgextra/i1/3596295621/O1CN01mMJEY01rOSxxXwExF_!!0-item_pic.jpg,美的TV703智能变频抽油烟机燃气灶套餐烟机灶具套装组合智能家电,	637179199816,,4999.0,6398.0,4999,6398,100.00%,10,334,0,325,523,2.32%,1806545.0000000002,4.81%,2907147.8000000003,1448,97,0,,,新品上新|淘金币抵3%,7天无理由|运费险|保障速递|蚂蚁花呗|信用卡支付|集分宝,大家电,厨房大电,烟灶消套装,,,2021-05-23,21:04:11,9时46分8秒,日,http://item.taobao.com/item.htm?id=637179199816,https://kandianbao.com/item/637179199816/,自动清洗(2);吸引力很大(7);价格很美丽(8);操控很方便(2);师傅安装好快(14);抽油效果很好(5)
122,https://img.alicdn.com/imgextra/i4/3596295621/O1CN01MtYi8W1rOSxxOWMkB_!!0-item_pic.jpg,美的J25抽油烟机燃气灶套餐花生套装家用厨房大吸力烟机智能家电,	615146353788,,2199.0,2599.0,2199,2599,100.00%,6,57,0,377,2264,2.69%,889343,2.37%,5340776,4286,664,0,,,优惠活动|淘金币抵3%,7天无理由|运费险|保障速递|蚂蚁花呗|信用卡支付|集分宝,大家电,厨房大电,烟灶消套装,,,2021-05-24,16:41:21,1天5时23分18秒,一,http://item.taobao.com/item.htm?id=615146353788,https://kandianbao.com/item/615146353788/,永远支持美的(2);火力非常猛(3);声音不大(3);非常智能(5);大风很给力(7);吸引力很大(15)
123,https://img.alicdn.com/imgextra/i1/3596295621/O1CN01hLOgI91rOSxrovzyt_!!0-item_pic.jpg,美的出品华凌消毒柜家用嵌入式大容量高温消毒碗柜小型厨房JQ07,	623643093988,,1099.0,1099.0,1099.0,1099.0,100.00%,1,15,0,413,9507,2.95%,453887,1.21%,10448193,18620,2472,0,,,淘金币抵3%,7天无理由|运费险|保障速递|蚂蚁花呗|信用卡支付|集分宝,大家电,消毒柜,消毒柜,,,2021-05-27,11:02:26,3天23时44分23秒,四,http://item.taobao.com/item.htm?id=623643093988,https://kandianbao.com/item/623643093988/,消毒效果一流(16);跟图片上一样(6);师傅安装好快(69);容量大小刚好(5);容量足够用(41);不好用(2)
124,https://img.alicdn.com/imgextra/i4/3596295621/O1CN01JnqUAn1rOSxlAxylN_!!0-item_pic.jpg,美的洗碗机全自动家用烘干消毒一体式智能家电嵌入式台式10套V5,	628883503262,,7999.0,7999.0,7999.0,7999.0,100.00%,1,18,0,434,3153,3.10%,3471566,9.25%,25220847,18986,1001,0,,,淘金币抵3%,7天无理由|运费险|保障速递|蚂蚁花呗|信用卡支付|集分宝,大家电,厨房大电,洗碗机,,,2021-05-24,00:14:00,12时55分57秒,一,http://item.taobao.com/item.htm?id=628883503262,https://kandianbao.com/item/628883503262/,声音小(16);没失望(4);语音控制方便(5);洗的很干净(61);操控很方便(34);洗不干净(2)
125,https://img.alicdn.com/imgextra/i3/3596295621/O1CN01l20ORn1rOSxtpuaLc_!!0-item_pic.jpg,美的洗碗机全自动家用烘干消毒独立一体式嵌入式智能家电16套BX2,	634865111556,,9999.0,9999.0,9999.0,9999.0,100.00%,1,1,0,459,877,3.27%,4589541,12.23%,8769123,10230,161,0,,,淘金币抵3%,7天无理由|运费险|保障速递|蚂蚁花呗|信用卡支付|集分宝,大家电,厨房大电,洗碗机,,,2021-05-25,11:06:54,1天23时48分51秒,二,http://item.taobao.com/item.htm?id=634865111556,https://kandianbao.com/item/634865111556/,声音很小(4);不管是面板(2);烘干效果很好(2);洗的很干净(6);水箱容量挺大(9);多功能实用(5)
126,https://img.alicdn.com/imgextra/i3/3596295621/O1CN01ICqtWI1rOSxjYCSOt_!!0-item_pic.jpg,美的消毒柜家用嵌入式小型厨房碗筷柜高温消毒烘干智能家电100Q15,	598247396240,,1299.0,1299.0,1299.0,1299.0,100.00%,1,24,0,463,2608,3.30%,601437,1.60%,3387792,6110,572,0,,,淘金币抵3%,7天无理由|运费险|保障速递|蚂蚁花呗|信用卡支付|集分宝,大家电,消毒柜,消毒柜,,,2021-05-24,11:07:20,23时49分17秒,一,http://item.taobao.com/item.htm?id=598247396240,https://kandianbao.com/item/598247396240/,第三次回购(7);衣服效果不错(7);方便(6);消毒很好(3);特别大气(13);空间容量很大(2)
127,https://img.alicdn.com/imgextra/i3/3596295621/O1CN0168OgbW1rOSxtciQVA_!!0-item_pic.jpg,美的燃气灶天然气灶双灶家用煤气灶智能定时液化气灶具嵌入式Q300,	617681069404,,1299.0,1299.0,1299.0,1299.0,100.00%,2,42,0,606,9918,4.32%,787194,2.10%,12883482,17790,3571,0,,,淘金币抵3%,7天无理由|运费险|保障速递|蚂蚁花呗|信用卡支付|集分宝,大家电,厨房大电,燃气灶,,,2021-05-24,13:38:53,1天2时20分50秒,一,http://item.taobao.com/item.htm?id=617681069404,https://kandianbao.com/item/617681069404/,功率太强大了(2);面板非常容易(6);适合老人用(8);很节能(2);特别大气(31);火焰有点大(2)
128,https://img.alicdn.com/imgextra/i4/3596295621/O1CN01BTfg1k1rOSxpdMQuP_!!0-item_pic.jpg,美的JC501油烟机燃气灶套餐厨房三件套抽油烟机灶具套装智能家电,	610972670322,,5198.0,6298.0,5198,6298,100.00%,8,86,0,828,12731,5.91%,4668264.000000001,12.43%,71777378.00000001,35276,4815,0,,,优惠活动|淘金币抵3%,7天无理由|运费险|保障速递|蚂蚁花呗|信用卡支付|集分宝,大家电,厨房大电,烟灶消套装,,,2021-05-25,15:16:58,2天3时58分55秒,二,http://item.taobao.com/item.htm?id=610972670322,https://kandianbao.com/item/610972670322/,风速特别大(2);声音小(38);大风很给力(38);火力大小好调(64);吸引力很大(133);安装出了问题(2)
129,https://img.alicdn.com/imgextra/i3/3596295621/O1CN016usnv51rOSxxBz1Ej_!!0-item_pic.jpg,美的J25抽油烟机家用厨房大吸力侧吸自清洗吸油烟机花生智能家电,	615149737399,,1999.0,1999.0,1999.0,1999.0,100.00%,1,30,0,1494,15740,10.66%,2986506,7.96%,31464260,28790,5546,0,,,淘金币抵3%,7天无理由|运费险|保障速递|蚂蚁花呗|信用卡支付|集分宝,大家电,厨房大电,油烟机,,,2021-05-26,10:17:18,2天22时59分15秒,三,http://item.taobao.com/item.htm?id=615149737399,https://kandianbao.com/item/615149737399/,声音不大(76);能自动清洗(11);功率大小蛮好(5);师傅安装好快(424);适合家用(6);赠送不到位(4)
130,https://img.alicdn.com/imgextra/i4/3596295621/O1CN011tSKoG1rOSy0EZ1fM_!!0-item_pic.jpg,美的燃气灶Q218B煤气灶双灶家用嵌入式燃气灶天然气液化气灶台式,	609038810890,,799.0,799.0,799.0,799.0,100.00%,4,61,0,2453,40911,17.50%,1959947,5.22%,32687889,58272,13366,0,,,淘金币抵3%,7天无理由|运费险|保障速递|蚂蚁花呗|信用卡支付|集分宝,大家电,厨房大电,燃气灶,,,2021-05-25,08:58:13,1天21时40分10秒,二,http://item.taobao.com/item.htm?id=609038810890,https://kandianbao.com/item/609038810890/,煮东西更方便(2);没差异(2);大风很给力(2);火力大小好调(532);省气(17);使用感受不好(2)
,,,,,,,,,,,,,30天销量总计,,,30天销售额总计,,,收藏数总计,,分享量总计,,,,,,,,,,,,,,,,
,,,,,,,,,,,,,14018,,,37542234,,,538802,,9,,,,,,,,,,,,,,,,
序号,主图,标题,宝贝id,货号,销售价最低,销售价最高,原价最低,原价最高,折扣率,sku数量,库存,邮费,30天销量,总销量,占全店销量比例,30天销售额,占全店销售额比例,总销售额,收藏数,评价数,PC总分享量,宝贝促销,店铺促销,活动促销,服务保证,一级类目,二级类目,三级类目,宝贝创建时间,宝贝创建时长,下架日期,下架时间,天数,星期,宝贝地址,分析地址,评价标签
数据下载时间：2021-05-23 11:18:10 功能：看店宝【kandianbao.com】全店宝贝 相关查询网址：https://kandianbao.com/dian/美的厨房电器旗舰店,,,,,,,,,,,,,,,,,,,,,,,,,,,,,,,,,,,,,