数据下载时间：2021-05-23 12:53:02 功能：看店宝【kandianbao.com】全店宝贝 相关查询网址：https://kandianbao.com/dian/博朗生活电器旗舰店,,,,,,,,,,,,,,,,,,,,,,,,,,,,,,,,,,,,,
序号,主图,标题,宝贝id,货号,销售价最低,销售价最高,原价最低,原价最高,折扣率,sku数量,库存,邮费,30天销量,总销量,占全店销量比例,30天销售额,占全店销售额比例,总销售额,收藏数,评价数,PC总分享量,宝贝促销,店铺促销,活动促销,服务保证,一级类目,二级类目,三级类目,宝贝创建时间,宝贝创建时长,下架日期,下架时间,天数,星期,宝贝地址,分析地址,评价标签
1,https://img.alicdn.com/imgextra/i3/1911588863/O1CN01AtyIuX2FLIqCcMyPI_!!1911588863.jpg,Braun 德国博朗 MQ50WH 果蔬泥配件 MQ5系配件,	535907196648,MQ50H,299,299,299.00,299.00,100.00%,0,2,0,0,50,0,0,0,14950,242,0,0,,,淘金币抵3%,7天无理由|运费险|蚂蚁花呗|信用卡支付|集分宝,厨房电器,厨房家电配件,其它厨房家电配件,,,2021-05-23,14:15:22,1时22分23秒,日,http://item.taobao.com/item.htm?id=535907196648,https://kandianbao.com/item/535907196648/, 
2,https://img.alicdn.com/imgextra/i4/1911588863/O1CN015VJMHa2FLIzMTZmV5_!!1911588863.jpg,Braun/博朗 KF3120咖啡机小型滴滤全自动咖啡机,	591976502007,,499.0,499.0,499.0,499.0,100.00%,1,222,0,0,117,0,0,0,58383,1466,23,0,,,淘金币抵3%,7天无理由|运费险|蚂蚁花呗|信用卡支付|集分宝,厨房电器,咖啡机,咖啡机,,,2021-05-24,18:03:36,1天5时10分37秒,一,http://item.taobao.com/item.htm?id=591976502007,https://kandianbao.com/item/591976502007/, 
3,https://img.alicdn.com/imgextra/i4/1911588863/O1CN016LxhKF2FLIzPNItWz_!!1911588863.jpg,德国 Braun/博朗 CJ3000BK 电动榨橙汁机 柳橙机 进口大功率 插电,	595150038646,,499.0,499.0,499.0,499.0,100.00%,1,30,0,0,63,0,0,0,31437,284,13,0,,,淘金币抵3%,7天无理由|运费险|蚂蚁花呗|信用卡支付|集分宝,厨房电器,榨汁机/原汁机,榨汁机/原汁机,,,2021-05-28,10:38:36,4天21时45分37秒,五,http://item.taobao.com/item.htm?id=595150038646,https://kandianbao.com/item/595150038646/, 
4,https://img.alicdn.com/imgextra/i2/1911588863/O1CN01i8Dh7U2FLIzJQv8IM_!!1911588863.jpg,Braun/博朗 TS535TP  家用蒸汽电熨斗手持式迷你小型高温消毒杀菌,	40481120730,,799.0,799.0,869,869,91.94%,1,6,0,0,217,0,0,0,173383,256,11,0,,,爆款促销|淘金币抵3%,7天无理由|运费险|蚂蚁花呗|信用卡支付|集分宝,生活电器,电熨斗,电熨斗,,,2021-05-25,11:24:38,1天22时31分39秒,二,http://item.taobao.com/item.htm?id=40481120730,https://kandianbao.com/item/40481120730/, 
5,https://img.alicdn.com/imgextra/i3/1911588863/O1CN01lWECmr2FLJ0eb2rmu_!!1911588863-0-lubanu-s.jpg,博朗AC7030 负离子空气净化器家用除甲醛雾霾异味PM2.5办公室,	561312363371,,1200.0,1200.0,2000,2000,60.00%,2,3,0,0,4,0,0,0,4800,120,0,0,,,爆款促销|淘金币抵3%,7天无理由|运费险|蚂蚁花呗|信用卡支付|集分宝,生活电器,空气净化器,空气净化器,,,2021-05-26,14:55:34,3天2时2分35秒,三,http://item.taobao.com/item.htm?id=561312363371,https://kandianbao.com/item/561312363371/, 
6,https://img.alicdn.com/imgextra/i4/1911588863/O1CN01JqfcIW2FLJ0giqeQ9_!!1911588863-0-lubanu-s.jpg,博朗7系百年升级款 多功能婴儿家用手持料理棒辅食机研磨搅拌机器,	641756541792,,1299.0,1299.0,1299.0,1299.0,100.00%,1,300,0,0,0,0,0,0,0,8,0,0,,,淘金币抵3%,7天无理由|运费险|蚂蚁花呗|信用卡支付|集分宝,厨房电器,搅拌/料理机,搅拌/料理机,,,2021-05-25,11:03:45,1天22时10分46秒,二,http://item.taobao.com/item.htm?id=641756541792,https://kandianbao.com/item/641756541792/, 
7,https://img.alicdn.com/imgextra/i3/1911588863/O1CN01rs55FI2FLIzMTJXEW_!!1911588863.jpg,Braun/博朗 MQ100 多功能料理棒 进口家用搅拌料理机研磨机,	532675012729,,399.0,399.0,399.0,399.0,100.00%,1,9,0,1,319,0.01%,399,0.01%,127281,2434,30,0,,,淘金币抵3%,7天无理由|运费险|蚂蚁花呗|信用卡支付|集分宝,厨房电器,电动辅食料理棒,电动辅食料理棒,,,2021-05-24,10:10:57,21时17分58秒,一,http://item.taobao.com/item.htm?id=532675012729,https://kandianbao.com/item/532675012729/, 
8,https://img.alicdn.com/imgextra/i1/1911588863/O1CN01KFrRgv2FLIzFaHqj0_!!1911588863.jpg,Braun/博朗 MQ125 多功能研磨料理棒婴儿辅食手持小型家用进口,	601489585248,,469.0,469.0,599,599,78.30%,1,24,0,1,599,0.01%,469,0.01%,280931,5040,88,0,,,爆款促销|淘金币抵3%,7天无理由|运费险|蚂蚁花呗|信用卡支付|集分宝,厨房电器,电动辅食料理棒,电动辅食料理棒,,,2021-05-24,10:08:23,21时15分24秒,一,http://item.taobao.com/item.htm?id=601489585248,https://kandianbao.com/item/601489585248/, 
9,https://img.alicdn.com/imgextra/i3/1911588863/O1CN01jMgpFV2FLIypfPXKN_!!0-item_pic.jpg,Braun/博朗德国 MQ70BK 多功能食物研磨杯料理碗 MQ7系配件,	534624727451,MQ70BK,668,668,668.00,668.00,100.00%,0,11,0,1,65,0.01%,668,0.02%,43420,626,1,0,,,淘金币抵3%,7天无理由|运费险|蚂蚁花呗|信用卡支付|集分宝,厨房电器,厨房家电配件,其它厨房家电配件,,,2021-05-28,13:50:28,5天57分29秒,五,http://item.taobao.com/item.htm?id=534624727451,https://kandianbao.com/item/534624727451/, 
10,https://img.alicdn.com/imgextra/i2/1911588863/O1CN01uRtwnd2FLIzAtHPrC_!!1911588863.jpg,Braun/博朗 KF7125 家用办公室滴滤式多功能 美式咖啡机,	592052194077,,1299.0,1299.0,1299.0,1299.0,100.00%,1,5,0,1,31,0.01%,1299,0.03%,40269,512,6,0,,,淘金币抵3%,7天无理由|运费险|蚂蚁花呗|信用卡支付|集分宝,厨房电器,咖啡机,咖啡机,,,2021-05-26,18:50:39,3天5时57分40秒,三,http://item.taobao.com/item.htm?id=592052194077,https://kandianbao.com/item/592052194077/, 
11,https://img.alicdn.com/imgextra/i3/1911588863/O1CN018FQCMC2FLIytCMbAn_!!1911588863.jpg,STP7 博朗7系蒸汽熨斗丝毛织物保护底板 高温消毒杀菌,	42858229160,STP7,299,299,299.00,299.00,100.00%,0,4,0,2,203,0.03%,598,0.02%,60697,304,13,0,,,淘金币抵3%,7天无理由|运费险|蚂蚁花呗|信用卡支付|集分宝,生活电器,生活家电配件,清洁/挂烫机/电熨斗配件,,,2021-05-24,10:46:07,21时53分8秒,一,http://item.taobao.com/item.htm?id=42858229160,https://kandianbao.com/item/42858229160/, 
12,https://img.alicdn.com/imgextra/i1/1911588863/O1CN01vKt2u02FLIzhooYgK_!!1911588863.jpg,德国Braun/博朗MQ505 多功能料理棒手持研磨家用搅拌机进口料理机,	41622565855,,429.0,429.0,699,699,61.37%,1,15,0,2,1508,0.03%,858,0.02%,646932,4320,62,1,,,爆款促销|淘金币抵3%,7天无理由|运费险|蚂蚁花呗|信用卡支付|集分宝,厨房电器,电动辅食料理棒,电动辅食料理棒,,,2021-05-24,10:09:25,21时16分26秒,一,http://item.taobao.com/item.htm?id=41622565855,https://kandianbao.com/item/41622565855/, 
13,https://img.alicdn.com/imgextra/i2/1911588863/O1CN01JgEiEl2FLJ0gQfaBV_!!1911588863-0-lubanu-s.jpg,博朗5025Plus料理棒小型婴儿宝宝多功能辅食搅拌机手持绞肉料理机,	644875101111,,569.0,569.0,569.0,569.0,100.00%,1,19,0,2,1,0.03%,1138,0.03%,569,10,0,0,,,淘金币抵3%,7天无理由|运费险|蚂蚁花呗|信用卡支付|集分宝,厨房电器,电动辅食料理棒,电动辅食料理棒,,,2021-05-28,16:04:41,5天3时11分42秒,五,http://item.taobao.com/item.htm?id=644875101111,https://kandianbao.com/item/644875101111/, 
14,https://img.alicdn.com/imgextra/i2/1911588863/O1CN01961OWu2FLIzJQjito_!!1911588863.jpg,Braun/博朗 JM3013 家用迷你学生便携式全自动果蔬多功能果汁机,	567876470964,,599.0,599.0,599.0,599.0,100.00%,1,222,0,2,51,0.03%,1198,0.03%,30549,492,7,0,,,淘金币抵3%,7天无理由|运费险|蚂蚁花呗|信用卡支付|集分宝,厨房电器,搅拌/料理机,搅拌/料理机,,,2021-05-26,09:46:49,2天20时53分50秒,三,http://item.taobao.com/item.htm?id=567876470964,https://kandianbao.com/item/567876470964/, 
15,https://img.alicdn.com/imgextra/i1/1911588863/O1CN01FGbcsN2FLJ0gZQbd2_!!1911588863-0-lubanu-s.jpg,博朗AC7031负离子空气净化器家用除烟味卧室除雾霾异味PM2.5,	561079125018,,1200.0,1200.0,2000,2000,60.00%,3,11,0,2,566,0.03%,2400,0.06%,679200,1938,6,1,,,爆款促销|淘金币抵3%,7天无理由|运费险|蚂蚁花呗|信用卡支付|集分宝,生活电器,空气净化器,空气净化器,,,2021-05-25,17:17:17,2天4时24分18秒,二,http://item.taobao.com/item.htm?id=561079125018,https://kandianbao.com/item/561079125018/, 
16,https://img.alicdn.com/imgextra/i3/1911588863/O1CN01boa0Mv2FLIzJFAGAB_!!1911588863.jpg,Braun/博朗JB7192破壁沙冰料理机小型家用多功能自动智能静音榨汁,	560532579772,JB7192,1990.0,1990.0,1990.0,2690.0,73.98%,2,14,0,2,246,0.03%,3980,0.10%,489540,2324,2,0,,,淘金币抵3%,7天无理由|运费险|蚂蚁花呗|信用卡支付|集分宝,厨房电器,破壁机,破壁机,,,2021-05-27,14:54:04,4天2时1分5秒,四,http://item.taobao.com/item.htm?id=560532579772,https://kandianbao.com/item/560532579772/, 
17,https://img.alicdn.com/imgextra/i2/1911588863/O1CN01xaZb8m2FLIzJF3HJZ_!!1911588863.jpg,Braun/博朗 电熨斗IS3022 智能蒸汽挂烫机家用压力式手持电熨斗,	560566486718,,2490.0,2490.0,3690,3690,67.48%,1,4,0,2,47,0.03%,4980,0.13%,117030,458,7,0,,,爆款促销|淘金币抵3%,7天无理由|运费险|蚂蚁花呗|信用卡支付|集分宝,生活电器,电熨斗,电熨斗,,,2021-05-28,11:44:49,4天22时51分50秒,五,http://item.taobao.com/item.htm?id=560566486718,https://kandianbao.com/item/560566486718/, 
18,https://img.alicdn.com/imgextra/i3/1911588863/O1CN01vhVeOy2FLJ09kE7FE_!!1911588863.jpg,Braun/博朗 电熨斗IS5043  智能蒸汽挂烫机家用压力高温消毒杀菌,	535967394641,,3990.0,3990.0,3990.0,3990.0,100.00%,1,1,0,2,195,0.03%,7980,0.21%,778050,1122,6,0,,,淘金币抵3%,7天无理由|运费险|蚂蚁花呗|信用卡支付|集分宝,生活电器,电熨斗,电熨斗,,,2021-05-24,09:52:17,20时59分18秒,一,http://item.taobao.com/item.htm?id=535967394641,https://kandianbao.com/item/535967394641/, 
19,https://img.alicdn.com/imgextra/i4/1911588863/O1CN01N1pKOC2FLIzlpw7h7_!!1911588863.jpg,德国 Braun/博朗 MPZ9 电动 榨橙汁机 柳橙机 进口大功率 插电,	584049719839,,499.0,499.0,599,599,83.31%,1,211,0,3,98,0.04%,1497,0.04%,48902,252,10,0,,,爆款促销|淘金币抵3%,7天无理由|运费险|蚂蚁花呗|信用卡支付|集分宝,厨房电器,榨汁机/原汁机,榨汁机/原汁机,,,2021-05-24,18:04:00,1天5时11分1秒,一,http://item.taobao.com/item.htm?id=584049719839,https://kandianbao.com/item/584049719839/, 
20,https://img.alicdn.com/imgextra/i2/1911588863/O1CN01Z2VwCa2FLJ0DVl0ER_!!1911588863.jpg,Braun/博朗 电熨斗IS3044 智能蒸汽挂烫机家用压力式手持电熨斗,	554955199397,,3990.0,3990.0,3990.0,3990.0,100.00%,1,2,0,3,254,0.04%,11970,0.31%,1013460,1484,12,0,,,淘金币抵3%,7天无理由|运费险|蚂蚁花呗|信用卡支付|集分宝,生活电器,电熨斗,电熨斗,,,2021-05-28,11:42:16,4天22时49分17秒,五,http://item.taobao.com/item.htm?id=554955199397,https://kandianbao.com/item/554955199397/, 
21,https://img.alicdn.com/imgextra/i1/1911588863/O1CN01Nq5xYc2FLIzHTFmJn_!!1911588863.jpg,Braun/博朗 WK3000 电热水壶 自动断电烧开水壶 防烫煮水壶,	560622842501,,299.0,299.0,798,798,37.47%,1,203,0,4,307,0.05%,1196,0.03%,91793,2622,45,0,,,爆款促销|淘金币抵3%,7天无理由|运费险|蚂蚁花呗|信用卡支付|集分宝,厨房电器,电热水壶,电热水壶,,,2021-05-24,10:26:25,21时33分26秒,一,http://item.taobao.com/item.htm?id=560622842501,https://kandianbao.com/item/560622842501/, 
22,https://img.alicdn.com/imgextra/i2/1911588863/O1CN01qv6hRN2FLIztT99Fk_!!1911588863-0-lubanu-s.jpg,Braun 德国博朗MQ60研磨杯手持式搅拌机配件,	581904119245,MQ60,499,499,499.00,499.00,100.00%,0,117,0,4,625,0.05%,1996,0.05%,311875,1274,63,0,,,淘金币抵3%,7天无理由|运费险|蚂蚁花呗|信用卡支付|集分宝,厨房电器,厨房家电配件,豆浆/搅拌/研磨机配件,,,2021-05-26,09:48:18,2天20时55分19秒,三,http://item.taobao.com/item.htm?id=581904119245,https://kandianbao.com/item/581904119245/, 
23,https://img.alicdn.com/imgextra/i3/1911588863/O1CN01yLzJS82FLIzyhxv6v_!!1911588863-0-lubanu-s.jpg,Braun/博朗 TS765EA 家用蒸汽电熨斗 手持式迷你小型烫衣服电烫斗,	41066815582,,999.0,999.0,1299,1299,76.91%,1,6,0,4,166,0.05%,3996,0.10%,165834,278,14,0,,,爆款促销|淘金币抵3%,7天无理由|运费险|蚂蚁花呗|信用卡支付|集分宝,生活电器,电熨斗,电熨斗,,,2021-05-24,16:12:50,1天3时19分51秒,一,http://item.taobao.com/item.htm?id=41066815582,https://kandianbao.com/item/41066815582/, 
24,https://img.alicdn.com/imgextra/i2/1911588863/O1CN01HtoOE72FLIzknmzc4_!!1911588863-0-lubanu-s.jpg,Braun/博朗  MQ30WH 研磨杯馅料碗 MQ5系配件,	43055965900,MQ30WH,299,299,299.00,299.00,100.00%,0,91,0,5,479,0.07%,1495,0.04%,143221,1008,19,0,,,淘金币抵3%,7天无理由|运费险|蚂蚁花呗|信用卡支付|集分宝,厨房电器,厨房家电配件,豆浆/搅拌/研磨机配件,,,2021-05-28,21:13:13,5天8时20分14秒,五,http://item.taobao.com/item.htm?id=43055965900,https://kandianbao.com/item/43055965900/, 
25,https://img.alicdn.com/imgextra/i1/1911588863/O1CN01AAE6Xi2FLJ0Gqipyv_!!1911588863-0-lubanu-s.jpg,Braun/博朗SI3030蒸汽熨斗大功率手持式烫衣服小型家用电熨斗烫斗,	624034745987,,299.0,299.0,399,399,74.94%,1,18,0,5,68,0.07%,1495,0.04%,20332,118,11,0,,,爆款促销|淘金币抵3%,7天无理由|运费险|蚂蚁花呗|信用卡支付|集分宝,生活电器,电熨斗,电熨斗,,,2021-05-29,19:16:43,6天6时23分44秒,六,http://item.taobao.com/item.htm?id=624034745987,https://kandianbao.com/item/624034745987/, 
26,https://img.alicdn.com/imgextra/i4/1911588863/O1CN01YIz0AH2FLIzlNBdZW_!!1911588863.jpg,Braun/博朗MQ3000+MQ60套组多功能进口辅食研磨家用搅拌料理棒,	618201523779,MQ3000+MQ60,429,429,699,699,61.37%,0,21,0,7,115,0.10%,3003,0.08%,49335,304,13,0,,,爆款促销|淘金币抵3%,7天无理由|运费险|蚂蚁花呗|信用卡支付|集分宝,厨房电器,其它厨房家电,其它厨房家电,,,2021-05-27,17:50:33,4天4时57分34秒,四,http://item.taobao.com/item.htm?id=618201523779,https://kandianbao.com/item/618201523779/, 
27,https://img.alicdn.com/imgextra/i1/1911588863/O1CN01cEv9mR2FLIzGqAIAb_!!1911588863.jpg,Braun/博朗WK600电热水壶不锈钢家用烧水壶便携自动断电开水壶,	39962984614,,699.0,699.0,999,999,69.97%,1,4,0,7,1089,0.10%,4893,0.13%,761211,1558,93,2,,,爆款促销|淘金币抵3%,7天无理由|运费险|蚂蚁花呗|信用卡支付|集分宝,厨房电器,电热水壶,电热水壶,,,2021-05-25,11:00:12,1天22时7分13秒,二,http://item.taobao.com/item.htm?id=39962984614,https://kandianbao.com/item/39962984614/, 
28,https://img.alicdn.com/imgextra/i2/1911588863/O1CN01F6OPjw2FLIzOTtcmc_!!1911588863.jpg,Braun/博朗 MQ9087X多功能进口料理机辅食研磨手持家用搅拌料理棒,	537600918545,,2290.0,2290.0,2490,2490,91.97%,1,99,0,8,977,0.11%,18320,0.48%,2237330,5842,92,0,,,爆款促销|淘金币抵3%,7天无理由|运费险|蚂蚁花呗|信用卡支付|集分宝,厨房电器,电动辅食料理棒,电动辅食料理棒,,,2021-05-24,10:04:49,21时11分50秒,一,http://item.taobao.com/item.htm?id=537600918545,https://kandianbao.com/item/537600918545/, 
29,https://img.alicdn.com/imgextra/i3/1911588863/O1CN01JFEkCK2FLIzAtNf0z_!!1911588863.jpg,德国 Braun/博朗 CJ3000 电动榨橙汁机 进口大功率插电柳橙机,	540494282650,,369.0,369.0,499,499,73.95%,1,212,0,11,1822,0.15%,4059,0.11%,672318,3312,124,0,,,爆款促销|淘金币抵3%,7天无理由|运费险|蚂蚁花呗|信用卡支付|集分宝,厨房电器,榨汁机/原汁机,榨汁机/原汁机,,,2021-05-28,10:39:34,4天21时46分35秒,五,http://item.taobao.com/item.htm?id=540494282650,https://kandianbao.com/item/540494282650/,榨汁效果很好(3);清洗起来方便(3);较方便使用(2);拆卸简便(2)
30,https://img.alicdn.com/imgextra/i4/1911588863/O1CN01sbvvXf2FLIzrodXIq_!!1911588863.jpg,Braun/博朗 TS725 家用蒸汽电熨斗 手持式电烫斗  高温消毒杀菌,	559334287172,,699.0,699.0,899,899,77.75%,1,204,0,13,176,0.18%,9087,0.24%,123024,356,20,0,,,爆款促销|淘金币抵3%,7天无理由|运费险|蚂蚁花呗|信用卡支付|集分宝,生活电器,电熨斗,电熨斗,,,2021-05-24,10:50:31,21时57分32秒,一,http://item.taobao.com/item.htm?id=559334287172,https://kandianbao.com/item/559334287172/, 
31,https://img.alicdn.com/imgextra/i4/1911588863/O1CN01duDhZW2FLIyppre8I_!!1911588863-0-lubanu-s.jpg,Braun/博朗MQ545多功能料理棒搅拌棒进口手持研磨家用搅拌料理机,	41636832732,,599.0,599.0,1099,1099,54.50%,1,19,0,14,3148,0.19%,8386,0.22%,1885652,6488,59,1,,,爆款促销|淘金币抵3%,7天无理由|运费险|蚂蚁花呗|信用卡支付|集分宝,厨房电器,搅拌/料理机,搅拌/料理机,,,2021-05-24,10:55:53,22时2分54秒,一,http://item.taobao.com/item.htm?id=41636832732,https://kandianbao.com/item/41636832732/, 
32,https://img.alicdn.com/imgextra/i1/1911588863/O1CN01OPorIS2FLIzPruRt8_!!1911588863.jpg,德国 Braun/博朗 wk300 电热水壶 自动断电烧开水壶 防烫煮水壶,	39950361813,,239.0,239.0,749,749,31.91%,2,215,0,17,558,0.23%,4063,0.11%,133362,776,85,1,,,爆款促销|淘金币抵3%,7天无理由|运费险|蚂蚁花呗|信用卡支付|集分宝,厨房电器,电热水壶,电热水壶,,,2021-05-27,09:44:57,3天20时51分58秒,四,http://item.taobao.com/item.htm?id=39950361813,https://kandianbao.com/item/39950361813/, 
33,https://img.alicdn.com/imgextra/i1/1911588863/O1CN01UR53Jr2FLJ0GEaNQd_!!1911588863.jpg,博朗MQ7087多功能家用料理棒打泥绞肉和面料理机搅拌榨汁料理机,	639088048996,,1699.0,1699.0,2499,2499,67.99%,1,37,0,17,60,0.23%,28883,0.76%,101940,320,15,0,,,爆款促销|淘金币抵3%,7天无理由|运费险|蚂蚁花呗|信用卡支付|集分宝,厨房电器,电动辅食料理棒,电动辅食料理棒,,,2021-05-24,10:05:56,21时12分57秒,一,http://item.taobao.com/item.htm?id=639088048996,https://kandianbao.com/item/639088048996/, 
34,https://img.alicdn.com/imgextra/i3/1911588863/O1CN01lf2scD2FLJ0GJaGpP_!!1911588863.jpg,Braun/博朗HM1010电动家用小型大功率手持打蛋器烘焙蛋糕搅拌器,	618774405371,,269.0,269.0,369,369,72.90%,1,739,0,20,3189,0.27%,5380,0.14%,857841,3784,452,0,,,爆款促销|淘金币抵3%,7天无理由|运费险|蚂蚁花呗|信用卡支付|集分宝,厨房电器,电动打蛋器,电动打蛋器,,,2021-05-25,11:54:26,1天23时1分27秒,二,http://item.taobao.com/item.htm?id=618774405371,https://kandianbao.com/item/618774405371/,包装非常精致(3);声音小(22);打发蛋白很快(6);基本静音(2);功率大小蛮好(2);性比价很高(2)
35,https://img.alicdn.com/imgextra/i3/1911588863/O1CN01n70LfD2FLIzbjKhvQ_!!1911588863.jpg,Braun/博朗 MQ3000多功能进口料理机婴儿辅食 研磨家用搅拌料理棒,	557516444556,,369.0,369.0,499,499,73.95%,1,29,0,21,2345,0.29%,7749,0.20%,865305,6430,150,4,,,爆款促销|淘金币抵3%,7天无理由|运费险|蚂蚁花呗|信用卡支付|集分宝,厨房电器,电动辅食料理棒,电动辅食料理棒,,,2021-05-24,10:07:32,21时14分33秒,一,http://item.taobao.com/item.htm?id=557516444556,https://kandianbao.com/item/557516444556/,声音很小(3)
36,https://img.alicdn.com/imgextra/i4/1911588863/O1CN01ehHZma2FLJ0CvTh5x_!!1911588863.jpg,Braun/博朗MQ5064小型辅食电动研磨料理机家用轻食手持搅拌料理棒,	599535442818,,699.0,699.0,1099,1099,63.60%,1,54,0,23,1637,0.32%,16077,0.42%,1144263,5310,285,0,,,爆款促销|淘金币抵3%,7天无理由|运费险|蚂蚁花呗|信用卡支付|集分宝,厨房电器,电动辅食料理棒,电动辅食料理棒,,,2021-05-25,16:05:40,2天3时12分41秒,二,http://item.taobao.com/item.htm?id=599535442818,https://kandianbao.com/item/599535442818/,声音小(4);组装很方便(2);功率大小蛮好(2);空间容量很大(2);易清洗(4);功能很全(5)
37,https://img.alicdn.com/imgextra/i2/1911588863/O1CN01Dt94qK2FLIztTNujx_!!1911588863-0-lubanu-s.jpg,Braun德国博朗MQ20WH切碎碗 MQ5025系配件 博朗研磨料理棒/机配件,	531689661001,MQ20WH,228,228,228.00,228.00,100.00%,0,37,0,26,931,0.36%,5928,0.16%,212268,1160,46,0,,,淘金币抵3%,7天无理由|运费险|蚂蚁花呗|信用卡支付|集分宝,厨房电器,厨房家电配件,豆浆/搅拌/研磨机配件,,,2021-05-25,11:20:07,1天22时27分8秒,二,http://item.taobao.com/item.htm?id=531689661001,https://kandianbao.com/item/531689661001/, 
38,https://img.alicdn.com/imgextra/i1/1911588863/O1CN01p6FNSo2FLJ0bzfRA8_!!1911588863-0-lubanu-s.jpg,Braun/博朗TS775ETP家用蒸汽电熨斗电烫斗 高温消毒杀菌,	41888193999,,1299.0,1299.0,1699,1699,76.46%,1,204,0,28,1427,0.38%,36372,0.95%,1853673,1622,80,2,,,爆款促销|淘金币抵3%,7天无理由|运费险|蚂蚁花呗|信用卡支付|集分宝,生活电器,电熨斗,电熨斗,,,2021-05-24,13:50:46,1天57分47秒,一,http://item.taobao.com/item.htm?id=41888193999,https://kandianbao.com/item/41888193999/, 
39,https://img.alicdn.com/imgextra/i3/1911588863/O1CN01276K3U2FLIznfUpsV_!!0-item_pic.jpg,Braun 德国博朗 MQ40WH 果汁碎冰杯 MQ5系配件,	43025106544,MQ40WH,499,499,499.00,499.00,100.00%,0,91,0,52,587,0.71%,25948,0.68%,292913,746,57,0,,,淘金币抵3%,7天无理由|运费险|蚂蚁花呗|信用卡支付|集分宝,厨房电器,厨房家电配件,豆浆/搅拌/研磨机配件,,,2021-05-24,10:54:03,22时1分4秒,一,http://item.taobao.com/item.htm?id=43025106544,https://kandianbao.com/item/43025106544/, 
40,https://img.alicdn.com/imgextra/i3/1911588863/O1CN01dBpuMV2FLJ0E41Zr8_!!1911588863.jpg,Braun/博朗IS2043家用电熨斗智能恒温强压力高温消毒杀菌蒸汽烫斗,	599086345522,,1690.0,1690.0,3990,3990,42.36%,1,94,0,56,2180,0.77%,94640,2.48%,3684200,7686,378,0,,,爆款促销|淘金币抵3%,7天无理由|运费险|蚂蚁花呗|信用卡支付|集分宝,生活电器,电熨斗,电熨斗,,,2021-05-26,13:32:45,3天39分46秒,三,http://item.taobao.com/item.htm?id=599086345522,https://kandianbao.com/item/599086345522/,拿着不重(2);蒸汽十分大(13);很大(14);整体效果很好(15);方便(10);性价比太低了(3)
41,https://img.alicdn.com/imgextra/i4/1911588863/O1CN01D5Ylhu2FLIzJFPput_!!1911588863.jpg,Braun/博朗TS525A/505蒸汽电熨斗家用手持式电烫斗 高温消毒杀菌,	41066555902,,499.0,499.0,769,769,64.89%,2,210,0,65,1363,0.89%,32435,0.85%,680137,1620,168,0,,,爆款促销|淘金币抵3%,7天无理由|运费险|蚂蚁花呗|信用卡支付|集分宝,生活电器,电熨斗,电熨斗,,,2021-05-25,13:36:18,2天43分19秒,二,http://item.taobao.com/item.htm?id=41066555902,https://kandianbao.com/item/41066555902/,造型满意(3);水汽很大(3);加热速度很快(2);熨烫自如(2)
42,https://img.alicdn.com/imgextra/i3/1911588863/O1CN01pNTcCj2FLJ0fxa55N_!!1911588863-0-lubanu-s.jpg,博朗绞肉机 家用电动小型搅拌机全自动料理棒多功能榨汁机辅食机,	636155819384,,399.0,399.0,799,799,49.94%,2,223,0,120,569,1.65%,47880,1.26%,227031,1646,123,0,,,爆款促销|淘金币抵3%,7天无理由|运费险|蚂蚁花呗|信用卡支付|集分宝,厨房电器,绞肉/碎肉/绞菜机,绞肉/碎肉/绞菜机,,,2021-05-24,11:38:07,22时45分8秒,一,http://item.taobao.com/item.htm?id=636155819384,https://kandianbao.com/item/636155819384/,做辅食很好(2);声音不大(9);打的很细(2);刀很锋利(3);空间容量很大(2);包装质量差劲(2)
43,https://img.alicdn.com/imgextra/i1/1911588863/O1CN01SxFE9y2FLJ0aasyTB_!!1911588863.jpg,博朗7系多功能升级款婴儿家用手持料理棒破壁辅食机研磨搅拌机器,	626082648007,,899.0,899.0,1299,1299,69.21%,1,698,0,173,2510,2.37%,155527,4.08%,2256490,6002,368,0,,,爆款促销|淘金币抵3%,7天无理由|运费险|蚂蚁花呗|信用卡支付|集分宝,厨房电器,搅拌/料理机,搅拌/料理机,,,2021-05-25,09:51:31,1天20时58分32秒,二,http://item.taobao.com/item.htm?id=626082648007,https://kandianbao.com/item/626082648007/,不大不小(2);声音小(15);手柄不沉(2);打的很细(2);手感不错(5);包装很差(4)
44,https://img.alicdn.com/imgextra/i3/1911588863/O1CN01WFHYpz2FLJ0XhokJL_!!1911588863.jpg,Braun/博朗SI3042蒸汽熨斗大功率便携手持式小型家用电熨斗烫斗,	597662154776,,299.0,299.0,399,399,74.94%,2,107,0,235,7309,3.22%,70265,1.84%,2185391,8234,1394,0,,,爆款促销|淘金币抵3%,7天无理由|运费险|蚂蚁花呗|信用卡支付|集分宝,生活电器,电熨斗,电熨斗,,,2021-05-23,12:51:30,1分32秒,日,http://item.taobao.com/item.htm?id=597662154776,https://kandianbao.com/item/597662154776/,牌子超亲切(9);效果不错(31);熨烫效果很好(23);功率大小蛮好(10);功能强大(3);外壳碎裂了(2)
45,https://img.alicdn.com/imgextra/i1/1911588863/O1CN01Ci81aO2FLJ0Gil5AZ_!!1911588863.jpg,Braun/博朗 HT3005多士炉烤面包机家用全自动早餐机小型烤吐司机,	598097097453,,299.0,299.0,569,569,52.55%,1,477,0,289,15958,3.96%,86411,2.27%,4771442,21176,3054,0,,,爆款促销|淘金币抵3%,7天无理由|运费险|蚂蚁花呗|信用卡支付|集分宝,厨房电器,多士炉/早餐机,多士炉/早餐机,,,2021-05-26,13:29:35,3天36分36秒,三,http://item.taobao.com/item.htm?id=598097097453,https://kandianbao.com/item/598097097453/,档位很多(6);有份量(3);加热很快(4);操作简单(36);极力推荐(2);味道很大(2)
46,https://img.alicdn.com/imgextra/i1/1911588863/O1CN01pdbgxv2FLJ098vdbT_!!1911588863.jpg,Braun/博朗电动家用小型打蛋器手持和面机烘焙搅拌器奶油打发机器,	525349304324,4644,299.0,299.0,499,499,59.92%,2,863,0,416,40055,5.70%,124384,3.26%,11976445,43714,3658,10,,,爆款促销|淘金币抵3%,7天无理由|运费险|蚂蚁花呗|信用卡支付|集分宝,厨房电器,电动打蛋器,电动打蛋器,,,2021-05-25,14:54:05,2天2时1分6秒,二,http://item.taobao.com/item.htm?id=525349304324,https://kandianbao.com/item/525349304324/,声音小(76);打发蛋白很快(39);没让我失望(2);推荐推荐(2);容易清洗(5);和面有点滑(2)
47,https://img.alicdn.com/imgextra/i2/1911588863/O1CN01iFGpHP2FLJ0OnsQTS_!!1911588863.jpg,博朗MQ3035多功能婴儿辅食搅拌料理棒电动手持小型家用破壁辅食机,	557354771763,,399.0,399.0,799,799,49.94%,2,70,0,1334,64986,18.29%,532266,13.95%,25929414,104062,7700,6,,,爆款促销|淘金币抵3%,7天无理由|运费险|蚂蚁花呗|信用卡支付|集分宝,厨房电器,电动辅食料理棒,电动辅食料理棒,,,2021-05-28,10:27:17,4天21时34分18秒,五,http://item.taobao.com/item.htm?id=557354771763,https://kandianbao.com/item/557354771763/,适合老人用(4);手柄很好抓(3);声音小(138);打泥超级细腻(23);没让我失望(14);不适合打蛋(3)
48,https://img.alicdn.com/imgextra/i4/1911588863/O1CN01Wiv1MG2FLJ0hA5YEb_!!1911588863-0-lubanu-s.jpg,博朗5025Plus料理棒小型婴儿宝宝多功能辅食搅拌机手持绞肉料理机,	556204999061,,569.0,569.0,569.0,569.0,100.00%,2,729,0,4293,473895,58.86%,2442717,64.04%,269646255,533478,53809,12,,,淘金币抵3%,7天无理由|运费险|保障速递|蚂蚁花呗|信用卡支付|集分宝,厨房电器,电动辅食料理棒,电动辅食料理棒,,,2021-05-28,16:36:37,5天3时43分38秒,五,http://item.taobao.com/item.htm?id=556204999061,https://kandianbao.com/item/556204999061/,绞肉很不错(54);适合老人用(9);没有一点味道(16);声音很小(652);没差异(4);少一个接头(2)
,,,,,,,,,,,,,30天销量总计,,,30天销售额总计,,,收藏数总计,,分享量总计,,,,,,,,,,,,,,,,
,,,,,,,,,,,,,7293,,,3814285,,,794618,,40,,,,,,,,,,,,,,,,
序号,主图,标题,宝贝id,货号,销售价最低,销售价最高,原价最低,原价最高,折扣率,sku数量,库存,邮费,30天销量,总销量,占全店销量比例,30天销售额,占全店销售额比例,总销售额,收藏数,评价数,PC总分享量,宝贝促销,店铺促销,活动促销,服务保证,一级类目,二级类目,三级类目,宝贝创建时间,宝贝创建时长,下架日期,下架时间,天数,星期,宝贝地址,分析地址,评价标签
数据下载时间：2021-05-23 12:53:02 功能：看店宝【kandianbao.com】全店宝贝 相关查询网址：https://kandianbao.com/dian/博朗生活电器旗舰店,,,,,,,,,,,,,,,,,,,,,,,,,,,,,,,,,,,,,