数据下载时间：2021-05-24 13:26:58 功能：看店宝【kandianbao.com】全店宝贝 相关查询网址：https://kandianbao.com/dian/都顿旗舰店,,,,,,,,,,,,,,,,,,,,,,,,,,,,,,,,,,,,,
序号,主图,标题,宝贝id,货号,销售价最低,销售价最高,原价最低,原价最高,折扣率,sku数量,库存,邮费,30天销量,总销量,占全店销量比例,30天销售额,占全店销售额比例,总销售额,收藏数,评价数,PC总分享量,宝贝促销,店铺促销,活动促销,服务保证,一级类目,二级类目,三级类目,宝贝创建时间,宝贝创建时长,下架日期,下架时间,天数,星期,宝贝地址,分析地址,评价标签
1,https://img.alicdn.com/imgextra/i1/2208289813364/O1CN01GQWYNv1aikydq1LkL_!!0-item_pic.jpg,创意多插孔独立开关插座接插线板智能排插学生宿舍分控拖线板多功能插线面板多孔可爬墙家用USB手机充电排插,	622554988066,,16.8,58.8,33.6,117.6,50.00%,24,23994,0,0,6,0,0,0,201.60000000000002,6,3,0,,,超值优惠|淘金币抵3%,7天无理由|运费险|公益宝贝|蚂蚁花呗|信用卡支付|集分宝,智能设备,智能家庭,智能排插,,,2021-05-31,02:19:00,6天12时52分5秒,一,http://item.taobao.com/item.htm?id=622554988066,https://kandianbao.com/item/622554988066/, 
2,https://img.alicdn.com/imgextra/i2/2208289813364/O1CN01O0Remk1aikyQupxe7_!!0-item_pic.jpg,智能插排带独立开关多功能办公室接线板家用插座板多孔家用分控插线板带长线拖线板贴墙学生宿舍充电usb排插,	622589804745,,16.8,53.8,33.6,107.6,50.00%,24,23967,0,0,32,0,0,0,1011.2,14,12,0,,,超值优惠|淘金币抵3%,7天无理由|运费险|公益宝贝|蚂蚁花呗|信用卡支付|集分宝,智能设备,智能家庭,智能排插,,,2021-05-24,14:41:00,1时14分5秒,一,http://item.taobao.com/item.htm?id=622589804745,https://kandianbao.com/item/622589804745/, 
3,https://img.alicdn.com/imgextra/i2/2208289813364/O1CN01wlqvzk1aikzCAtNKq_!!0-item_pic.jpg,多功能usb插座宿舍面板多孔插板带线卡通个性圆形插排接拖插线板长线家用固定墙上贴排插可爱少女心短线扦座,	626658965867,,18.8,51.8,37.6,103.6,50.00%,24,23965,0,0,35,0,0,0,1120,16,17,0,,,超值优惠|淘金币抵3%,7天无理由|运费险|公益宝贝|蚂蚁花呗|信用卡支付|集分宝,智能设备,智能家庭,智能排插,,,2021-05-26,04:10:00,1天14时43分5秒,三,http://item.taobao.com/item.htm?id=626658965867,https://kandianbao.com/item/626658965867/, 
4,https://img.alicdn.com/imgextra/i1/2208289813364/O1CN01lG9PUv1aikzfCzKP6_!!0-item_pic.jpg,独立开关插板分控多位插座面板多孔多功能可爱插排带开关扦座家用爬墙拖线板固定墙上贴带线卡通个性接插线板,	629452671291,,19.8,50.8,39.6,101.6,50.00%,24,23968,0,0,33,0,0,0,1062.6000000000001,8,14,0,,,超值优惠|淘金币抵3%,7天无理由|运费险|公益宝贝|蚂蚁花呗|信用卡支付|集分宝,智能设备,智能家庭,智能排插,,,2021-05-27,05:00:00,2天15时33分5秒,四,http://item.taobao.com/item.htm?id=629452671291,https://kandianbao.com/item/629452671291/, 
5,https://img.alicdn.com/imgextra/i3/2208289813364/O1CN01paDPl41ail14AGm1a_!!0-item_pic.jpg,智能LED台灯插座一体式多功能带USB接插线板家用排插学生舍床上用喂奶小夜灯创意转换器无线多功能拖线板扦座,	635128444190,,21.9,58.8,43.8,117.6,50.00%,9,17880,0,0,120,0,0,0,4399.2,42,30,0,,,超值优惠|淘金币抵3%,7天无理由|运费险|公益宝贝|蚂蚁花呗|信用卡支付|集分宝,智能设备,智能家庭,智能排插,,,2021-05-24,04:00:00,9时26分6秒,一,http://item.taobao.com/item.htm?id=635128444190,https://kandianbao.com/item/635128444190/, 
6,https://img.alicdn.com/imgextra/i3/2208289813364/O1CN01H1BIDA1aikz6j8vMB_!!0-item_pic.jpg,多功能插线板宿舍插排usb学生插板带线台灯插座一体式充电多接口家用排插长线面板多孔创意拖线板可爱插电板,	625992190905,,22.8,48.8,45.6,97.6,50.00%,16,15946,0,0,52,0,0,0,1726.4,44,17,0,,,超值优惠|淘金币抵3%,7天无理由|运费险|公益宝贝|蚂蚁花呗|信用卡支付|集分宝,智能设备,智能家庭,智能排插,,,2021-05-25,02:34:00,13时7分5秒,二,http://item.taobao.com/item.htm?id=625992190905,https://kandianbao.com/item/625992190905/, 
7,https://img.alicdn.com/imgextra/i1/2208289813364/O1CN01KlG5861aikz5eIM2D_!!0-item_pic.jpg,多用插线板家用创意带长线拖线板多接口充电usb插座学生宿舍面板多孔电插板可贴墙排插圆形插排多功能接线板,	626610611055,,23.8,53.8,47.6,107.6,50.00%,24,23958,0,0,42,0,0,0,1503.6,20,16,0,,,超值优惠|淘金币抵3%,7天无理由|运费险|公益宝贝|蚂蚁花呗|信用卡支付|集分宝,智能设备,智能家庭,智能排插,,,2021-05-30,02:12:00,5天12时45分5秒,日,http://item.taobao.com/item.htm?id=626610611055,https://kandianbao.com/item/626610611055/, 
8,https://img.alicdn.com/imgextra/i3/2208289813364/O1CN01XrzZMg1aikztkexbT_!!0-item_pic.jpg,创意卡通可爱少女心扦座带usb插排多功能插座面板多孔拖线板带安全板插板带线宿舍学生用固定墙上贴接插线板,	630366221205,,23.8,54.8,47.6,109.6,50.00%,24,23942,0,0,57,0,0,0,2063.4,8,17,0,,,超值优惠|淘金币抵3%,7天无理由|运费险|公益宝贝|蚂蚁花呗|信用卡支付|集分宝,智能设备,智能家庭,智能排插,,,2021-05-25,05:35:00,16时8分5秒,二,http://item.taobao.com/item.htm?id=630366221205,https://kandianbao.com/item/630366221205/, 
9,https://img.alicdn.com/imgextra/i4/2208289813364/O1CN011Kfz6r1aikzHzD2VU_!!0-item_pic.jpg,创意宿舍学生艺术开关扦座插排多功能插座面板多孔带usb排插带线家用插板固定墙上贴长线插线板接线拖线插板,	627018498872,,24.8,43.8,49.6,87.6,50.00%,15,14956,0,0,43,0,0,0,1393.2,24,16,0,,,超值优惠|淘金币抵3%,7天无理由|运费险|公益宝贝|蚂蚁花呗|信用卡支付|集分宝,智能设备,智能家庭,智能排插,,,2021-05-27,04:13:00,2天14时46分5秒,四,http://item.taobao.com/item.htm?id=627018498872,https://kandianbao.com/item/627018498872/, 
10,https://img.alicdn.com/imgextra/i1/2208289813364/O1CN0198ZnHq1aikzKfFH1H_!!0-item_pic.jpg,人体感应led小夜灯过道家用安全插座usb充电智能插排学生宿舍寝室一插转多换器多功能转换插头插板家用接线板,	627796367885,,24.8,24.8,49.6,49.6,50.00%,2,1978,0,0,21,0,0,0,520.8000000000001,10,10,0,,,超值优惠|淘金币抵3%,7天无理由|运费险|公益宝贝|蚂蚁花呗|信用卡支付|集分宝,智能设备,智能家庭,智能排插,,,2021-05-26,01:49:24,1天12时22分29秒,三,http://item.taobao.com/item.htm?id=627796367885,https://kandianbao.com/item/627796367885/, 
11,https://img.alicdn.com/imgextra/i4/2208289813364/O1CN01lqU9Kn1aikztl34n3_!!0-item_pic.jpg,多功能卡通接插线板宿舍插排usb学生插板带线一体式台灯护眼插座家用排插长线面板多孔创意可爱少女粉拖线板,	630535626537,,24.8,59.8,49.6,119.6,50.00%,24,23924,0,0,72,0,0,0,2793.6,36,23,0,,,超值优惠|淘金币抵3%,7天无理由|运费险|公益宝贝|蚂蚁花呗|信用卡支付|集分宝,智能设备,智能家庭,智能排插,,,2021-05-30,03:37:00,5天14时10分5秒,日,http://item.taobao.com/item.htm?id=630535626537,https://kandianbao.com/item/630535626537/, 
12,https://img.alicdn.com/imgextra/i3/2208289813364/O1CN01r8w5L31aikyfuuA09_!!1-item_pic.gif,多功能插座台灯不闪屏LED护眼学生书桌台灯一体式插座多功能USB充电插板家用学生宿舍面板多孔插排插拖接线板,	623987513728,,26.8,42.3,53.6,84.6,50.00%,5,4988,0,0,9,0,0,0,297,8,5,0,,,超值优惠|淘金币抵3%,7天无理由|运费险|公益宝贝|蚂蚁花呗|信用卡支付|集分宝,智能设备,智能家庭,智能排插,,,2021-05-26,02:50:08,1天13时23分13秒,三,http://item.taobao.com/item.htm?id=623987513728,https://kandianbao.com/item/623987513728/, 
13,https://img.alicdn.com/imgextra/i3/2208289813364/O1CN01uGeY0k1aikzJprKvo_!!0-item_pic.jpg,创意智能LED护眼台灯插座转换器带USB排插多功能一转二三多孔面板家用插板不带线插排卧室床头婴儿喂奶小夜灯,	627606366920,,26.8,26.8,53.6,53.6,50.00%,2,9971,0,0,101,0,0,0,2706.8,60,27,0,,,超值优惠|淘金币抵3%,7天无理由|运费险|公益宝贝|蚂蚁花呗|信用卡支付|集分宝,智能设备,智能家庭,智能排插,,,2021-05-27,02:06:00,2天12时39分5秒,四,http://item.taobao.com/item.htm?id=627606366920,https://kandianbao.com/item/627606366920/, 
14,https://img.alicdn.com/imgextra/i3/2208289813364/O1CN019Z0WG11aikyXQDwQW_!!0-item_pic.jpg,带usb充电塔式插排多功能家用创意立体仙人掌插线板接拖线板塔型多用万能多孔面板立式插座带过载保护智能,	623289594129,,29.8,80.8,59.6,161.6,50.00%,24,23964,0,0,36,0,0,0,1807.2,44,15,0,,,超值优惠|淘金币抵3%,7天无理由|运费险|公益宝贝|蚂蚁花呗|信用卡支付|集分宝,智能设备,智能家庭,智能排插,,,2021-05-25,02:00:00,12时33分5秒,二,http://item.taobao.com/item.htm?id=623289594129,https://kandianbao.com/item/623289594129/, 
15,https://img.alicdn.com/imgextra/i4/2208289813364/O1CN01BpeP5J1aikywImxey_!!0-item_pic.jpg,家用办公可爬墙插座面板多孔多功能带USB转换充电排插插头分插器长线创意多用学生宿舍插线板接线拖线板插板,	625033480056,,8.8,45.8,17.6,91.6,50.00%,24,23950,0,1,49,0.01%,23.6,0.01%,1156.4,40,20,0,,,超值优惠|淘金币抵3%,7天无理由|运费险|公益宝贝|蚂蚁花呗|信用卡支付|集分宝,智能设备,智能家庭,智能排插,,,2021-05-27,03:48:00,2天14时21分5秒,四,http://item.taobao.com/item.htm?id=625033480056,https://kandianbao.com/item/625033480056/, 
16,https://img.alicdn.com/imgextra/i3/2208289813364/O1CN01y2PNNy1aikyTBc8Dm_!!0-item_pic.jpg,创意桌面带线接插线板迷你圆形可爱少女插座面板多孔多功能学生宿舍可爬墙插排家用智能USB充电拖线板插板,	621831956033,,10.8,48.8,21.6,97.6,50.00%,24,23878,0,1,121,0.01%,26,0.01%,3146,70,38,0,,,超值优惠|淘金币抵3%,7天无理由|运费险|公益宝贝|蚂蚁花呗|信用卡支付|集分宝,智能设备,智能家庭,智能排插,,,2021-05-29,02:35:00,4天13时8分5秒,六,http://item.taobao.com/item.htm?id=621831956033,https://kandianbao.com/item/621831956033/, 
17,https://img.alicdn.com/imgextra/i3/2208289813364/O1CN01NePSJY1ail0NsiDdP_!!2208289813364.jpg,创意学生宿舍插板少女心床上可爱排插卡通带USB接插线板迷你小型粉色多用功能带线拖线板固定墙上粘家用插排,	632442208939,,10.8,43.8,21.6,87.6,50.00%,24,23917,0,1,73,0.01%,24,0.01%,1752,32,15,0,,,超值优惠|淘金币抵3%,7天无理由|运费险|公益宝贝|蚂蚁花呗|信用卡支付|集分宝,智能设备,智能家庭,智能排插,,,2021-05-25,04:00:00,14时33分5秒,二,http://item.taobao.com/item.htm?id=632442208939,https://kandianbao.com/item/632442208939/, 
18,https://img.alicdn.com/imgextra/i4/2208289813364/O1CN01wqpeiz1aikyUHwgfV_!!0-item_pic.jpg,多功能水果柠檬插座面板多孔插板带线USB插排家用自带一转三可伸缩充电线拖线板学生宿舍创意智能接插线板,	622774817177,,12.8,60.8,25.6,121.6,50.00%,15,14769,0,1,222,0.01%,32,0.01%,7104,92,47,0,,,超值优惠|淘金币抵3%,7天无理由|运费险|公益宝贝|蚂蚁花呗|信用卡支付|集分宝,智能设备,智能家庭,智能排插,,,2021-05-29,13:30:00,5天3分5秒,六,http://item.taobao.com/item.htm?id=622774817177,https://kandianbao.com/item/622774817177/, 
19,https://img.alicdn.com/imgextra/i4/2208289813364/O1CN01cs0ehD1ail1cYykEr_!!0-item_pic.jpg,智能插板带线创意宿舍学生小型圆形插座面板多孔usb卡通拖线板小插排多功能个性可爱接插线板固定墙上贴扦座,	637831944717,,17.8,45.8,35.6,91.6,50.00%,24,47924,0,1,75,0.01%,29.000000000000004,0.01%,2175.0000000000005,16,37,0,,,超值优惠|淘金币抵3%,7天无理由|运费险|公益宝贝|蚂蚁花呗|信用卡支付|集分宝,智能设备,智能家庭,智能排插,,,2021-05-24,03:00:00,10时26分6秒,一,http://item.taobao.com/item.htm?id=637831944717,https://kandianbao.com/item/637831944717/,控制开关迟钝(2);性比价极高(11);质量很好(7);响应速度极快(2);方便(4);物流包装很好(3)
20,https://img.alicdn.com/imgextra/i1/2208289813364/O1CN01oxWPM41aikyo4S6YQ_!!1-item_pic.gif,创意多功能接插线板LED护眼台灯USB插座充电插电一体排插少女心床头灯学生宿舍面板多孔台灯插座带遥控小夜灯,	623755596813,,19.8,60.8,39.6,121.6,50.00%,24,22019,0,1,173,0.01%,36.2,0.01%,6262.6,214,40,0,,,超值优惠|淘金币抵3%,7天无理由|运费险|公益宝贝|蚂蚁花呗|信用卡支付|集分宝,智能设备,智能家庭,智能排插,,,2021-05-27,02:24:00,2天12时57分5秒,四,http://item.taobao.com/item.htm?id=623755596813,https://kandianbao.com/item/623755596813/, 
21,https://img.alicdn.com/imgextra/i4/2208289813364/O1CN01zel1lS1ail16YTdlV_!!0-item_pic.jpg,圆形卡通自然光台灯插座创意喂奶灯智能插排家用插电式台灯护眼学生宿舍个性接插线板USB可爱少女拖线板扦座,	636463015076,,24.8,43.8,49.6,87.6,50.00%,20,19937,0,1,60,0.01%,32.4,0.01%,1944,10,15,0,,,超值优惠|淘金币抵3%,7天无理由|运费险|公益宝贝|蚂蚁花呗|信用卡支付|集分宝,智能设备,智能家庭,智能排插,,,2021-05-28,05:00:00,3天15时33分5秒,五,http://item.taobao.com/item.htm?id=636463015076,https://kandianbao.com/item/636463015076/, 
22,https://img.alicdn.com/imgextra/i2/2208289813364/O1CN01Rp0jC41aikzYoMven_!!0-item_pic.jpg,网关智能插座家用电器蓝牙连接控制APP手机远程控制定时开关排插带线接插拖线板扦座面板多孔插排带护眼台灯,	629228111277,,43.8,83.8,87.6,167.6,50.00%,6,5971,0,1,25,0.01%,59.8,0.01%,1495,38,4,0,,,超值优惠|淘金币抵3%,7天无理由|运费险|公益宝贝|蚂蚁花呗|信用卡支付|集分宝,智能设备,智能家庭,智能排插,,,2021-05-30,02:25:00,5天12时58分5秒,日,http://item.taobao.com/item.htm?id=629228111277,https://kandianbao.com/item/629228111277/, 
23,https://img.alicdn.com/imgextra/i2/2208289813364/O1CN017KJKbh1ail09JPRxr_!!0-item_pic.jpg,无线台灯转换器扦座喂奶小夜灯插座面板多孔多功能宿舍学生usb插板家用一插转多换器不带线接插线板,	632280503030,,5.1,30.8,10.2,61.6,50.00%,7,6592,0,2,408,0.01%,30.759999999999998,0.01%,6275.04,340,42,0,,,超值优惠|淘金币抵3%,7天无理由|运费险|公益宝贝|蚂蚁花呗|信用卡支付|集分宝,智能设备,智能家庭,智能排插,,,2021-05-24,06:00:00,7时26分6秒,一,http://item.taobao.com/item.htm?id=632280503030,https://kandianbao.com/item/632280503030/,实惠(7);使用起来方便(2);细节做的很好(2);材质不错(2);外观好(2);线的质量很好(4)
24,https://img.alicdn.com/imgextra/i3/2208289813364/O1CN01PjYfhg1aikzKjwMRQ_!!0-item_pic.jpg,创意USB接线板粉少女心可爱小型排插家用个性扦座多功能带线插座面板多孔多用插板宿舍学生爬墙圆盘拖插线板,	627396529907,,9.8,42.8,19.6,85.6,50.00%,24,23934,0,2,65,0.01%,46,0.01%,1495,34,22,0,,,超值优惠|淘金币抵3%,7天无理由|运费险|公益宝贝|蚂蚁花呗|信用卡支付|集分宝,智能设备,智能家庭,智能排插,,,2021-05-28,02:20:00,3天12时53分5秒,五,http://item.taobao.com/item.htm?id=627396529907,https://kandianbao.com/item/627396529907/, 
25,https://img.alicdn.com/imgextra/i2/2208289813364/O1CN01q8Ezge1aikz1eRMQh_!!0-item_pic.jpg,桌面插座面板多孔卡通创意接插线板USB插板带线插座爬墙排插多功能家用个性插排长线智能学生宿舍可爱拖线板,	625935506707,,12.8,38.8,25.6,77.6,50.00%,21,20692,0,2,293,0.01%,46.400000000000006,0.01%,6797.600000000001,338,75,0,,,超值优惠|淘金币抵3%,7天无理由|运费险|公益宝贝|蚂蚁花呗|信用卡支付|集分宝,智能设备,智能家庭,智能排插,,,2021-05-24,04:29:00,8时57分6秒,一,http://item.taobao.com/item.htm?id=625935506707,https://kandianbao.com/item/625935506707/,质量好(5);有赠品(2);很实用(2);客服超级好(2)
26,https://img.alicdn.com/imgextra/i1/2208289813364/O1CN01peyRt81aikzFBcESq_!!0-item_pic.jpg,多功能插座面板多孔带线usb柠檬智能排插圆形创意爬墙插排电源转换器家用固定墙上贴拖线板插接线板学生宿舍,	626863865765,,17.9,37.9,35.8,75.8,50.00%,16,15862,0,2,130,0.01%,51.8,0.01%,3367,52,34,0,,,超值优惠|淘金币抵3%,7天无理由|运费险|公益宝贝|蚂蚁花呗|信用卡支付|集分宝,智能设备,智能家庭,智能排插,,,2021-05-29,03:00:00,4天13时33分5秒,六,http://item.taobao.com/item.htm?id=626863865765,https://kandianbao.com/item/626863865765/, 
27,https://img.alicdn.com/imgextra/i4/2208289813364/O1CN01FOm7lx1aikzLdmVeF_!!0-item_pic.jpg,创意独立开关插座面板多孔插线板家用圆形分控插板自带小夜灯排插usb学生宿舍多功能固定墙上贴带线接拖线板,	626983294000,,18.8,52.8,37.6,105.6,50.00%,24,23977,0,2,23,0.01%,64.8,0.01%,745.1999999999999,12,9,0,,,超值优惠|淘金币抵3%,7天无理由|运费险|公益宝贝|蚂蚁花呗|信用卡支付|集分宝,智能设备,智能家庭,智能排插,,,2021-05-31,02:20:00,6天12时53分5秒,一,http://item.taobao.com/item.htm?id=626983294000,https://kandianbao.com/item/626983294000/, 
28,https://img.alicdn.com/imgextra/i2/2208289813364/O1CN01zE2Fg71ail1g497Km_!!0-item_pic.jpg,可爱插座面板多孔创意带usb插板学生宿舍插线板长线插排个性排插家用接线板多功能拖线板带线固定墙上贴扦座,	638530082355,,26.8,36.8,53.6,73.6,50.00%,15,29917,0,2,83,0.01%,61.6,0.01%,2556.4,18,29,0,,,超值优惠|淘金币抵3%,7天无理由|运费险|公益宝贝|蚂蚁花呗|信用卡支付|集分宝,智能设备,智能家庭,智能排插,,,2021-05-28,04:00:00,3天14时33分5秒,五,http://item.taobao.com/item.htm?id=638530082355,https://kandianbao.com/item/638530082355/, 
29,https://img.alicdn.com/imgextra/i3/2208289813364/O1CN01WNZ82R1ail2EBVjxe_!!0-item_pic.jpg,多功能插座面板多孔多用插排usb插板带线扩展学生宿舍插板长线厨房排插可爱接插线板卧室智能拖线板家用电源,	641320362844,,7.2,38.8,14.4,77.6,50.00%,24,47943,0,3,57,0.02%,59.52000000000001,0.01%,1130.88,8,17,0,,,超值优惠|淘金币抵3%,7天无理由|运费险|公益宝贝|蚂蚁花呗|信用卡支付|集分宝,智能设备,智能家庭,智能排插,,,2021-05-28,03:00:00,3天13时33分5秒,五,http://item.taobao.com/item.htm?id=641320362844,https://kandianbao.com/item/641320362844/, 
30,https://img.alicdn.com/imgextra/i4/2208289813364/O1CN010KTBla1ail0MRA0CF_!!0-item_pic.jpg,可爱个性多功能小型插板固定墙上贴带线桌面圆形插座面板多孔创意带usb圆盘排插学生宿舍接插线板智能拖线板,	632714457005,,12.8,43.8,25.6,87.6,50.00%,24,47895,0,3,103,0.02%,75.60000000000001,0.02%,2595.6000000000004,20,21,0,,,超值优惠|淘金币抵3%,7天无理由|运费险|公益宝贝|蚂蚁花呗|信用卡支付|集分宝,智能设备,智能家庭,智能排插,,,2021-05-24,05:05:00,8时21分6秒,一,http://item.taobao.com/item.htm?id=632714457005,https://kandianbao.com/item/632714457005/, 
31,https://img.alicdn.com/imgextra/i4/2208289813364/O1CN01nM0GR41ail279fG9s_!!0-item_pic.jpg,创意排插办公插座智能过载保护面板多孔USB充电拖线板多功能插排家用厨房大功率插板墙上固定贴电脑接插线板,	640592125194,,16.8,43.8,33.6,87.6,50.00%,24,47859,0,3,140,0.02%,82.80000000000001,0.02%,3864,14,43,0,,,超值优惠|淘金币抵3%,7天无理由|运费险|公益宝贝|蚂蚁花呗|信用卡支付|集分宝,智能设备,智能家庭,智能排插,,,2021-05-30,04:00:00,5天14时33分5秒,日,http://item.taobao.com/item.htm?id=640592125194,https://kandianbao.com/item/640592125194/, 
32,https://img.alicdn.com/imgextra/i4/2208289813364/O1CN01nrVcN91aikzOpBSqt_!!0-item_pic.jpg,创意usb插座小型插排多孔面板排插多功能圆形卡通扦座便携家用插线板学生宿舍可爱少女心带线插板盘拖接线板,	628153982867,,7.8,36.8,15.6,73.6,50.00%,24,47956,0,4,41,0.03%,77.6,0.02%,795.4,8,16,0,,,超值优惠|淘金币抵3%,7天无理由|运费险|公益宝贝|蚂蚁花呗|信用卡支付|集分宝,智能设备,智能家庭,智能排插,,,2021-05-27,04:44:00,2天15时17分5秒,四,http://item.taobao.com/item.htm?id=628153982867,https://kandianbao.com/item/628153982867/, 
33,https://img.alicdn.com/imgextra/i3/2208289813364/O1CN01784VRn1aikz7k7u9T_!!0-item_pic.jpg,多功能插座USB插板带线面板多孔家用接线板智能插线板宿舍学生长线拖线板桌面多用插排爬墙寝室创意黑色排插,	626403598232,,9.8,38.8,19.6,77.6,50.00%,24,23891,0,4,105,0.03%,85.6,0.02%,2247,46,26,0,,,超值优惠|淘金币抵3%,7天无理由|运费险|公益宝贝|蚂蚁花呗|信用卡支付|集分宝,智能设备,智能家庭,智能排插,,,2021-05-24,14:33:00,1时6分5秒,一,http://item.taobao.com/item.htm?id=626403598232,https://kandianbao.com/item/626403598232/, 
34,https://img.alicdn.com/imgextra/i2/2208289813364/O1CN01Yl9mg91aikzUoOKqg_!!0-item_pic.jpg,创意彩绘usb插座面板多孔卡通插排个性圆形接插线板桌面艺术开关插头扦座小型可爱插板带线固定墙上贴拖线板,	628785966044,,12.8,45.8,25.6,91.6,50.00%,24,23947,0,4,51,0.03%,104.00000000000001,0.02%,1326.0000000000002,28,16,0,,,超值优惠|淘金币抵3%,7天无理由|运费险|公益宝贝|蚂蚁花呗|信用卡支付|集分宝,智能设备,智能家庭,智能排插,,,2021-05-27,03:25:00,2天13时58分5秒,四,http://item.taobao.com/item.htm?id=628785966044,https://kandianbao.com/item/628785966044/, 
35,https://img.alicdn.com/imgextra/i1/2208289813364/O1CN01BO8MAP1aikygQ2B0J_!!0-item_pic.jpg,创意圆盘插座少女心卡通可爱艺术插排多功能学生宿舍插座面板多孔usb插板带线个性插板固定墙上贴小型插板线,	623174232657,,14.8,44.8,29.6,89.6,50.00%,24,23867,0,4,129,0.03%,107.20000000000002,0.02%,3457.2000000000007,96,28,0,,,超值优惠|淘金币抵3%,7天无理由|运费险|公益宝贝|蚂蚁花呗|信用卡支付|集分宝,智能设备,智能家庭,智能排插,,,2021-05-25,03:35:00,14时8分5秒,二,http://item.taobao.com/item.htm?id=623174232657,https://kandianbao.com/item/623174232657/, 
36,https://img.alicdn.com/imgextra/i2/2208289813364/O1CN01RoASoF1ail06XG7oN_!!0-item_pic.jpg,多功能usb接插线板床头灯排插宿舍学生插电式护眼小夜灯插座面板多孔遥控台灯一体式插排家用学习带线拖线板,	631106389990,,23.8,44.8,47.6,89.6,50.00%,8,7891,0,4,105,0.03%,128.8,0.03%,3381.0000000000005,46,26,0,,,超值优惠|淘金币抵3%,7天无理由|运费险|公益宝贝|蚂蚁花呗|信用卡支付|集分宝,智能设备,智能家庭,智能排插,,,2021-05-29,03:24:00,4天13时57分5秒,六,http://item.taobao.com/item.htm?id=631106389990,https://kandianbao.com/item/631106389990/, 
37,https://img.alicdn.com/imgextra/i2/2208289813364/O1CN01VBQPeC1aikzWIh2lI_!!0-item_pic.jpg,多功能usb充电家用夜灯插排可移动爬墙插座面板多孔创意个性拖线板卡通插板带线可爱粉色小型少女心接插线板,	628608515580,,25.8,49.8,51.6,99.6,50.00%,24,23907,0,4,86,0.03%,141.6,0.03%,3044.4,62,23,0,,,超值优惠|淘金币抵3%,7天无理由|运费险|公益宝贝|蚂蚁花呗|信用卡支付|集分宝,智能设备,智能家庭,智能排插,,,2021-05-29,03:21:00,4天13时54分5秒,六,http://item.taobao.com/item.htm?id=628608515580,https://kandianbao.com/item/628608515580/, 
38,https://img.alicdn.com/imgextra/i3/2208289813364/O1CN01mtfin61aikz3rqROe_!!0-item_pic.jpg,带小夜灯转换插头插座转换器多功能家用电源插板不带线一转多孔带USB无线插座带独立控制学生多用电源拖线板,	625597524012,,7.8,28.8,15.6,57.6,50.00%,18,35624,0,5,458,0.03%,81.00000000000001,0.02%,7419.600000000001,66,54,0,,,超值优惠|淘金币抵3%,7天无理由|运费险|公益宝贝|蚂蚁花呗|信用卡支付|集分宝,智能设备,智能家庭,智能排插,,,2021-05-28,04:00:00,3天14时33分5秒,五,http://item.taobao.com/item.htm?id=625597524012,https://kandianbao.com/item/625597524012/, 
39,https://img.alicdn.com/imgextra/i2/2208289813364/O1CN01S45VdF1aikzsouUxA_!!0-item_pic.jpg,家用厨房智能可爬墙插座面板多孔多功带USB充电排插创意带线多用电脑接插线板宿舍学生固定墙上贴长线拖线板,	630773067200,,7.9,42.8,15.8,85.6,50.00%,24,23849,0,5,142,0.03%,109.3,0.02%,3104.12,60,32,0,,,超值优惠|淘金币抵3%,7天无理由|运费险|公益宝贝|蚂蚁花呗|信用卡支付|集分宝,智能设备,智能家庭,智能排插,,,2021-05-29,05:00:00,4天15时33分5秒,六,http://item.taobao.com/item.htm?id=630773067200,https://kandianbao.com/item/630773067200/, 
40,https://img.alicdn.com/imgextra/i1/2208289813364/O1CN01F1I6IM1aikyU7PJej_!!0-item_pic.jpg,移动接线板学生宿舍智能插排插座面板多孔创意小夜灯多功能插座USB插板带线可爱少女心插电板长线家用可爬墙,	622177758358,,12.8,46.8,25.6,93.6,50.00%,24,23833,0,5,160,0.03%,132,0.03%,4224,122,58,0,,,超值优惠|淘金币抵3%,7天无理由|运费险|公益宝贝|蚂蚁花呗|信用卡支付|集分宝,智能设备,智能家庭,智能排插,,,2021-05-25,15:04:12,1天1时37分17秒,二,http://item.taobao.com/item.htm?id=622177758358,https://kandianbao.com/item/622177758358/,充电很快(2);质量好(8);如描述一样好(2);方便(2);商家服务很好(2);实用性特别赞(2)
41,https://img.alicdn.com/imgextra/i1/2208289813364/O1CN01G4jy7f1aikzVqD1RP_!!0-item_pic.jpg,多功能接插线板学生宿舍可爱usb插排带长线一体式台灯护眼LED自然光插座家用个性排插面板多孔创意卡通拖线板,	629325771865,,24.8,43.8,49.6,87.6,50.00%,20,19197,0,5,772,0.03%,162,0.04%,25012.8,494,165,0,,,超值优惠|淘金币抵3%,7天无理由|运费险|公益宝贝|蚂蚁花呗|信用卡支付|集分宝,智能设备,智能家庭,智能排插,,,2021-05-25,01:18:12,11时51分17秒,二,http://item.taobao.com/item.htm?id=629325771865,https://kandianbao.com/item/629325771865/,大头圆饼设计(2);性比价极高(7);质量很好(8);很实用(4);很可爱(3);很好看(6)
42,https://img.alicdn.com/imgextra/i4/2208289813364/O1CN01OuasHa1ail0GcSwGz_!!0-item_pic.jpg,小型插座面板多孔usb迷你智能插排床头充电移动式数字时钟扦座学生宿舍可爱少女接插线板带线便携旅行拖线板,	632567546039,,38.8,54.8,77.6,109.6,50.00%,8,7895,0,5,106,0.03%,225.99999999999997,0.05%,4791.2,142,30,0,,,超值优惠|淘金币抵3%,7天无理由|运费险|公益宝贝|蚂蚁花呗|信用卡支付|集分宝,智能设备,智能家庭,智能排插,,,2021-05-25,05:00:00,15时33分5秒,二,http://item.taobao.com/item.htm?id=632567546039,https://kandianbao.com/item/632567546039/, 
43,https://img.alicdn.com/imgextra/i2/2208289813364/O1CN018QZb8q1aikyt9lZe3_!!0-item_pic.jpg,多功能创意可移动爬墙插座面板多孔排插USB充电插板带线少女卡通多用电源插线板5米接拖线板桌面可爱插排家用,	624123704007,,49.9,64.9,99.8,129.8,50.00%,6,5897,0,5,101,0.03%,279.5,0.06%,5645.900000000001,78,16,0,,,超值优惠|淘金币抵3%,7天无理由|运费险|公益宝贝|蚂蚁花呗|信用卡支付|集分宝,智能设备,智能家庭,智能排插,,,2021-05-26,03:11:00,1天13时44分5秒,三,http://item.taobao.com/item.htm?id=624123704007,https://kandianbao.com/item/624123704007/, 
44,https://img.alicdn.com/imgextra/i2/2208289813364/O1CN01zQlmia1ail2BSYTTt_!!0-item_pic.jpg,可爱插座面板多孔多用排插智能带usb充电插板大功率家用接拖线板学生宿舍安全卡通创意插线板多功能贴墙插排,	641404786058,,7.5,36.8,15,73.6,50.00%,24,47856,0,6,143,0.04%,115.32,0.03%,2748.46,20,36,0,,,超值优惠|淘金币抵3%,7天无理由|运费险|公益宝贝|蚂蚁花呗|信用卡支付|集分宝,智能设备,智能家庭,智能排插,,,2021-05-29,05:00:00,4天15时33分5秒,六,http://item.taobao.com/item.htm?id=641404786058,https://kandianbao.com/item/641404786058/, 
45,https://img.alicdn.com/imgextra/i1/2208289813364/O1CN01i1VlG91aikyzGl33I_!!0-item_pic.jpg,移动接线板学生宿舍智能插排插座面板多孔创意多功能插座USB插板带线可爱少女小型迷你插电板长线家用可爬墙,	624961828822,,9.8,42.8,19.6,85.6,50.00%,24,47604,0,6,368,0.04%,138,0.03%,8464,220,93,0,,,超值优惠|淘金币抵3%,7天无理由|运费险|公益宝贝|蚂蚁花呗|信用卡支付|集分宝,智能设备,智能家庭,智能排插,,,2021-05-26,02:50:36,1天13时23分41秒,三,http://item.taobao.com/item.htm?id=624961828822,https://kandianbao.com/item/624961828822/, 
46,https://img.alicdn.com/imgextra/i3/2208289813364/O1CN01bWsPZk1ail0PqqXy0_!!0-item_pic.jpg,创意插板带线插排多功能usb插座面板多孔绕线插盘接插线板小型可爱排插拖线板多用长线可收纳插藏线爬墙扦座,	632404817768,,15.8,45.8,31.6,91.6,50.00%,24,47815,0,6,171,0.04%,166.8,0.04%,4753.8,84,36,0,,,超值优惠|淘金币抵3%,7天无理由|运费险|公益宝贝|蚂蚁花呗|信用卡支付|集分宝,智能设备,智能家庭,智能排插,,,2021-05-27,05:00:00,2天15时33分5秒,四,http://item.taobao.com/item.htm?id=632404817768,https://kandianbao.com/item/632404817768/, 
47,https://img.alicdn.com/imgextra/i2/2208289813364/O1CN019V3dZc1ail06v69on_!!0-item_pic.jpg,智能卡通插排插座台灯护眼灯节能卧室小夜灯插头转换器学生宿舍无线可爱个性接插线板多功能带USB家用拖线板,	631722435787,,16.8,48.8,33.6,97.6,50.00%,20,19926,0,6,72,0.04%,177.60000000000002,0.04%,2131.2000000000003,30,15,0,,,超值优惠|淘金币抵3%,7天无理由|运费险|公益宝贝|蚂蚁花呗|信用卡支付|集分宝,智能设备,智能家庭,智能排插,,,2021-05-29,05:32:00,4天16时5分5秒,六,http://item.taobao.com/item.htm?id=631722435787,https://kandianbao.com/item/631722435787/, 
48,https://img.alicdn.com/imgextra/i1/2208289813364/O1CN01GfjXEj1aikytsAQ28_!!2-item_pic.png,便携智能插排创意手机无线充电插座USB多口多功能插座带线接线板多孔排插家用拖线板插线板插排面板学生宿舍,	624499105536,,29.0,68.0,58,136,50.00%,20,19854,0,6,133,0.04%,267.6,0.06%,5931.800000000001,238,30,0,,,超值优惠|淘金币抵3%,7天无理由|运费险|公益宝贝|蚂蚁花呗|信用卡支付|集分宝,智能设备,智能家庭,智能排插,,,2021-05-27,05:00:00,2天15时33分5秒,四,http://item.taobao.com/item.htm?id=624499105536,https://kandianbao.com/item/624499105536/, 
49,https://img.alicdn.com/imgextra/i3/2208289813364/O1CN013t4qmh1aikyhtUPHJ_!!0-item_pic.jpg,带手机支架桌面插座面板多孔家用带线插板带USB手机充电智能可爱插排接线板学生宿舍拖线板多功能迷你插线板,	623956726590,,29.8,44.8,59.6,89.6,50.00%,6,5955,0,6,46,0.04%,214.8,0.05%,1646.8000000000002,42,8,0,,,超值优惠|淘金币抵3%,7天无理由|运费险|公益宝贝|蚂蚁花呗|信用卡支付|集分宝,智能设备,智能家庭,智能排插,,,2021-05-28,03:31:00,3天14时4分5秒,五,http://item.taobao.com/item.htm?id=623956726590,https://kandianbao.com/item/623956726590/, 
50,https://img.alicdn.com/imgextra/i1/2208289813364/O1CN01rVYh7e1aikzmt9iGw_!!0-item_pic.jpg,创意个性插排万能插座转换器面板多孔带USB短线1米插线板学生宿舍小型多功能卡通拖接线板家用固定墙上贴排插,	629780461262,,8.8,28.8,17.6,57.6,50.00%,24,23853,0,7,140,0.04%,117.60000000000001,0.03%,2352,64,37,0,,,超值优惠|淘金币抵3%,7天无理由|运费险|公益宝贝|蚂蚁花呗|信用卡支付|集分宝,智能设备,智能家庭,智能排插,,,2021-05-24,04:00:00,9时26分6秒,一,http://item.taobao.com/item.htm?id=629780461262,https://kandianbao.com/item/629780461262/, 
51,https://img.alicdn.com/imgextra/i2/2208289813364/O1CN01kzbkr01aikzBZb9ER_!!0-item_pic.jpg,创意金色个性排插USB接插线板家用多功能不带线长线插座面板多孔多用插排学生宿舍爬墙拖线板转换器插头无线,	626413729276,,11.9,39.9,23.8,79.8,50.00%,18,17851,0,7,133,0.04%,161.70000000000002,0.04%,3072.3,76,32,0,,,超值优惠|淘金币抵3%,7天无理由|运费险|公益宝贝|蚂蚁花呗|信用卡支付|集分宝,智能设备,智能家庭,智能排插,,,2021-05-29,03:12:00,4天13时45分5秒,六,http://item.taobao.com/item.htm?id=626413729276,https://kandianbao.com/item/626413729276/, 
52,https://img.alicdn.com/imgextra/i2/2208289813364/O1CN01OU9qiY1aikySKtxX6_!!0-item_pic.jpg,智能遥控插孔定时插座防过充保护电器家用多功能排插带线插座转换器带小夜灯创意可爱学生宿舍插排插头插线板,	622599235280,,20.8,48.8,41.6,97.6,50.00%,20,19914,0,7,79,0.04%,224,0.05%,2528,58,27,0,,,超值优惠|淘金币抵3%,7天无理由|运费险|公益宝贝|蚂蚁花呗|信用卡支付|集分宝,智能设备,智能家庭,智能排插,,,2021-05-28,01:06:00,3天11时39分5秒,五,http://item.taobao.com/item.htm?id=622599235280,https://kandianbao.com/item/622599235280/, 
53,https://img.alicdn.com/imgextra/i3/2208289813364/O1CN01Ae5zGk1ail0BP2MHZ_!!0-item_pic.jpg,创意多功能接插线板智能遥控插电台灯式插座带usb充电台灯一体插排家用卧室护眼台灯扦座面板多孔带线拖线板,	631532334832,,21.8,78.8,43.6,157.6,50.00%,15,14867,0,7,132,0.04%,312.2,0.07%,5887.2,48,35,0,,,超值优惠|淘金币抵3%,7天无理由|运费险|公益宝贝|蚂蚁花呗|信用卡支付|集分宝,智能设备,智能家庭,智能排插,,,2021-05-31,04:41:00,6天15时14分5秒,一,http://item.taobao.com/item.htm?id=631532334832,https://kandianbao.com/item/631532334832/, 
54,https://img.alicdn.com/imgextra/i3/2208289813364/O1CN01ciooFk1ail0fmPM8V_!!0-item_pic.jpg,带小夜灯转换器多孔多用插座面板多孔带usb万能转换插板一插转多换器插排家用美甲插座宿舍学生用多功能扦座,	634530122650,,5.1,29.8,10.2,59.6,50.00%,24,47898,0,8,106,0.05%,119.84,0.03%,1587.88,16,23,0,,,超值优惠|淘金币抵3%,7天无理由|运费险|公益宝贝|蚂蚁花呗|信用卡支付|集分宝,智能设备,智能家庭,智能排插,,,2021-05-27,03:00:00,2天13时33分5秒,四,http://item.taobao.com/item.htm?id=634530122650,https://kandianbao.com/item/634530122650/, 
55,https://img.alicdn.com/imgextra/i4/2208289813364/O1CN01Ji742Q1aikys8Pcmf_!!0-item_pic.jpg,创意少女心卡通扦座插排可爱艺术开关接线板带usb家用智能个性插排学生宿舍多功能插座面板多孔贴墙拖插线板,	624670972357,,11.8,56.8,23.6,113.6,50.00%,24,23853,0,8,143,0.05%,238.39999999999998,0.05%,4261.4,68,23,0,,,超值优惠|淘金币抵3%,7天无理由|运费险|公益宝贝|蚂蚁花呗|信用卡支付|集分宝,智能设备,智能家庭,智能排插,,,2021-05-28,05:03:21,3天15时36分26秒,五,http://item.taobao.com/item.htm?id=624670972357,https://kandianbao.com/item/624670972357/, 
56,https://img.alicdn.com/imgextra/i2/2208289813364/O1CN01q2KBrN1aikyke1qOF_!!0-item_pic.jpg,多功能卡通个性接线板学生宿舍可爬墙智能插排插座面板多孔可爱少女粉迷你USB插板插座家用创意带线拖插线板,	623989684697,,12.8,35.8,25.6,71.6,50.00%,20,37982,0,8,1946,0.05%,176,0.04%,42812,962,460,0,,,超值优惠|淘金币抵3%,7天无理由|运费险|公益宝贝|蚂蚁花呗|信用卡支付|集分宝,智能设备,智能家庭,智能排插,,,2021-05-24,11:00:00,2时26分6秒,一,http://item.taobao.com/item.htm?id=623989684697,https://kandianbao.com/item/623989684697/,还送了东西(3);宿舍必备(2);第二个(2);质量很好(8);有问必答(11);很可爱(9)
57,https://img.alicdn.com/imgextra/i4/2208289813364/O1CN01lsG00w1ail1Udb7RE_!!0-item_pic.jpg,创意夜灯立式插座家用面板多孔独立开关多功能立体usb充电插排分控迷你接插线板个性智能塔型拖线板带线扦座,	637520125033,,19.8,78.0,39.6,156,50.00%,24,47896,0,8,98,0.05%,344.64000000000004,0.08%,4221.84,90,27,0,,,超值优惠|淘金币抵3%,7天无理由|运费险|公益宝贝|蚂蚁花呗|信用卡支付|集分宝,智能设备,智能家庭,智能排插,,,2021-05-30,06:00:00,5天16时33分5秒,日,http://item.taobao.com/item.htm?id=637520125033,https://kandianbao.com/item/637520125033/, 
58,https://img.alicdn.com/imgextra/i1/2208289813364/O1CN01Jfz0P01aikyhUPAPF_!!0-item_pic.jpg,创意usb插板带线卡通印花插线板爬墙可爱个性少女心多功能面板多孔接线板家用学生宿舍拖线板固定墙上贴插座,	623442660421,,22.8,50.8,45.6,101.6,50.00%,12,11852,0,8,139,0.05%,272,0.06%,4726,98,24,0,,,超值优惠|淘金币抵3%,7天无理由|运费险|公益宝贝|蚂蚁花呗|信用卡支付|集分宝,智能设备,智能家庭,智能排插,,,2021-05-29,03:20:00,4天13时53分5秒,六,http://item.taobao.com/item.htm?id=623442660421,https://kandianbao.com/item/623442660421/, 
59,https://img.alicdn.com/imgextra/i3/2208289813364/O1CN018QLMNr1aikzOBo0kD_!!0-item_pic.jpg,创意个性藤球灯罩夜灯插座卡通多功能转换器转换插头无线家用可爱USB扦座面板多孔一转多智能少女心接插线板,	628168827862,,9.8,23.8,19.6,47.6,50.00%,4,3818,0,9,179,0.06%,138.60000000000002,0.03%,2756.6000000000004,74,36,0,,,超值优惠|淘金币抵3%,7天无理由|运费险|公益宝贝|蚂蚁花呗|信用卡支付|集分宝,智能设备,智能家庭,智能排插,,,2021-05-30,03:16:00,5天13时49分5秒,日,http://item.taobao.com/item.htm?id=628168827862,https://kandianbao.com/item/628168827862/, 
60,https://img.alicdn.com/imgextra/i1/2208289813364/O1CN01XN7Tqp1ail0hzJgvc_!!0-item_pic.jpg,可爱个性多功能小型插板固定墙上贴带线卡通桌面插座面板多孔创意usb智能排插家用扦座多功能短线插接拖线板,	635009635084,,9.8,37.8,19.6,75.6,50.00%,24,23715,0,9,285,0.06%,189,0.04%,5985,108,75,0,,,超值优惠|淘金币抵3%,7天无理由|运费险|公益宝贝|蚂蚁花呗|信用卡支付|集分宝,智能设备,智能家庭,智能排插,,,2021-05-29,06:00:00,4天16时33分5秒,六,http://item.taobao.com/item.htm?id=635009635084,https://kandianbao.com/item/635009635084/,物流超级给力(2);质量不错(5);使用起来方便(2);方便(2);价廉物美(2);款式漂亮(5)
61,https://img.alicdn.com/imgextra/i1/2208289813364/O1CN01vrms6y1aikyrOeyNn_!!0-item_pic.jpg,可收纳带线多功能个性插座伸缩电源线智能家用多功能usb插座面板多孔宿舍学生神器可爱卡通插板拖线板带夜灯,	624373765716,,27.8,65.8,55.6,131.6,50.00%,24,23857,0,9,131,0.06%,387,0.09%,5633,100,33,0,,,超值优惠|淘金币抵3%,7天无理由|运费险|公益宝贝|蚂蚁花呗|信用卡支付|集分宝,智能设备,智能家庭,智能排插,,,2021-05-25,03:31:00,14时4分5秒,二,http://item.taobao.com/item.htm?id=624373765716,https://kandianbao.com/item/624373765716/, 
62,https://img.alicdn.com/imgextra/i1/2208289813364/O1CN01Q7znzx1aikzlzrkH3_!!0-item_pic.jpg,多功能智能多孔可固定墙上贴多用插座带线排插家用转换器可爱插座长线带USB拖线板学生宿舍创意个性接插线板,	630168282184,,11.8,43.8,23.6,87.6,50.00%,20,19916,0,10,81,0.06%,246,0.06%,1992.6000000000001,56,21,0,,,超值优惠|淘金币抵3%,7天无理由|运费险|公益宝贝|蚂蚁花呗|信用卡支付|集分宝,智能设备,智能家庭,智能排插,,,2021-05-25,04:00:00,14时33分5秒,二,http://item.taobao.com/item.htm?id=630168282184,https://kandianbao.com/item/630168282184/, 
63,https://img.alicdn.com/imgextra/i1/2208289813364/O1CN010ZaKec1aikyq0pvh5_!!0-item_pic.jpg,卡通插座可爱接线板带usb充电多口家用个性插排学生宿舍用插板带线多功能爬墙拖线板不带线转换器电源接线板,	624467628968,,15.8,35.8,31.6,71.6,50.00%,15,14892,0,10,99,0.06%,238,0.05%,2356.2000000000003,76,31,0,,,超值优惠|淘金币抵3%,7天无理由|运费险|公益宝贝|蚂蚁花呗|信用卡支付|集分宝,智能设备,智能家庭,智能排插,,,2021-05-25,03:00:00,13时33分5秒,二,http://item.taobao.com/item.htm?id=624467628968,https://kandianbao.com/item/624467628968/, 
64,https://img.alicdn.com/imgextra/i4/2208289813364/O1CN01YWVHTB1aikyc56qWk_!!0-item_pic.jpg,家用带usb电源插板带线学生宿舍插座小型迷你排插少女可爱卡通个性充电插线板插座面板多孔多功能排插接线板,	623608749930,,18.9,46.9,37.8,93.8,50.00%,24,23778,0,10,216,0.06%,301,0.07%,6501.6,140,50,0,,,超值优惠|淘金币抵3%,7天无理由|运费险|公益宝贝|蚂蚁花呗|信用卡支付|集分宝,智能设备,智能家庭,智能排插,,,2021-05-27,03:11:00,2天13时44分5秒,四,http://item.taobao.com/item.htm?id=623608749930,https://kandianbao.com/item/623608749930/, 
65,https://img.alicdn.com/imgextra/i1/2208289813364/O1CN01II5kWU1aikyetjewb_!!0-item_pic.jpg,自接线多用插座无线插板usb带开关插座家用创意多功能不带线接插线板宿舍学生可贴墙面板多孔工程多排拖线板,	622776644872,,8.8,35.0,17.6,70,50.00%,24,47905,0,11,92,0.07%,212.08,0.05%,1773.7600000000002,80,27,0,,,超值优惠|淘金币抵3%,7天无理由|运费险|公益宝贝|蚂蚁花呗|信用卡支付|集分宝,智能设备,智能家庭,智能排插,,,2021-05-26,02:36:00,1天13时9分5秒,三,http://item.taobao.com/item.htm?id=622776644872,https://kandianbao.com/item/622776644872/, 
66,https://img.alicdn.com/imgextra/i2/2208289813364/O1CN015lJdZo1ail0wU9dyy_!!0-item_pic.jpg,多功能可移动爬墙插座多口独立开关usb排插固定挂墙上带线插线板家用厨房智能排插转换器带单独开关宿舍电脑,	635827795010,,10.5,48.8,21,97.6,50.00%,24,47767,0,12,226,0.08%,309.84000000000003,0.07%,5835.32,124,53,0,,,超值优惠|淘金币抵3%,7天无理由|运费险|公益宝贝|蚂蚁花呗|信用卡支付|集分宝,智能设备,智能家庭,智能排插,,,2021-05-26,03:00:00,1天13时33分5秒,三,http://item.taobao.com/item.htm?id=635827795010,https://kandianbao.com/item/635827795010/, 
67,https://img.alicdn.com/imgextra/i2/2208289813364/O1CN01UgVmO11aikyeSwk9b_!!0-item_pic.jpg,迷你魔方插座转换器分插头一转多孔排插usb床头插板多功能无线万能转换插排多用面板多孔一插转多换器插线板,	623227893262,,16.8,27.8,33.6,55.6,50.00%,16,31816,0,13,167,0.08%,275.6,0.06%,3540.4000000000005,90,41,0,,,超值优惠|淘金币抵3%,7天无理由|运费险|公益宝贝|蚂蚁花呗|信用卡支付|集分宝,智能设备,智能家庭,智能排插,,,2021-05-28,16:00:00,4天2时33分5秒,五,http://item.taobao.com/item.htm?id=623227893262,https://kandianbao.com/item/623227893262/, 
68,https://img.alicdn.com/imgextra/i1/2208289813364/O1CN01M2pCr11aikz49XLYm_!!0-item_pic.jpg,创意卡通可爱少女心扦座带usb插排多功能无线插座面板多孔自带小夜灯插板带线宿舍学生用固定墙上贴接插板线,	626269014366,,19.8,43.8,39.6,87.6,50.00%,20,19877,0,13,121,0.08%,382.2,0.09%,3557.3999999999996,76,30,0,,,超值优惠|淘金币抵3%,7天无理由|运费险|公益宝贝|蚂蚁花呗|信用卡支付|集分宝,智能设备,智能家庭,智能排插,,,2021-05-29,02:45:00,4天13时18分5秒,六,http://item.taobao.com/item.htm?id=626269014366,https://kandianbao.com/item/626269014366/, 
69,https://img.alicdn.com/imgextra/i1/2208289813364/O1CN01Myti6j1aikyNCA8SQ_!!0-item_pic.jpg,可收纳带线带小夜灯插座伸缩电源线智能插排圆形盘线接线板学生宿舍创意多功能移动插座面板多孔拖线板插线板,	622331839761,,28.8,72.8,57.6,145.6,50.00%,15,14605,0,14,381,0.09%,649.6000000000001,0.15%,17678.4,228,95,0,,,超值优惠|淘金币抵3%,7天无理由|运费险|公益宝贝|蚂蚁花呗|信用卡支付|集分宝,智能设备,智能家庭,智能排插,,,2021-05-31,01:51:43,6天12时24分48秒,一,http://item.taobao.com/item.htm?id=622331839761,https://kandianbao.com/item/622331839761/,质量很好(4);颜色搭配好看(2);非常实用(2);物有所值(3);机型完美(2)
70,https://img.alicdn.com/imgextra/i1/2208289813364/O1CN01Y2HxCM1aikzXdtzXi_!!0-item_pic.jpg,家用多功能创意排插大功率转换器带开关多口插头学生宿舍可爱带线usb智能插座台灯一体床头固定插线多孔面板,	629597278494,,19.8,69.8,39.6,139.6,50.00%,20,19598,0,15,390,0.10%,597,0.13%,15521.999999999998,140,57,0,,,超值优惠|淘金币抵3%,7天无理由|运费险|公益宝贝|蚂蚁花呗|信用卡支付|集分宝,智能设备,智能家庭,智能排插,,,2021-05-26,03:40:00,1天14时13分5秒,三,http://item.taobao.com/item.htm?id=629597278494,https://kandianbao.com/item/629597278494/, 
71,https://img.alicdn.com/imgextra/i1/2208289813364/O1CN01l1R8J51ail12N1wpk_!!0-item_pic.jpg,创意卡通台灯插座转换器转换插头喂奶灯插排遥控家用遥控台灯床头灯学生宿舍个性无线接插线板USB可爱拖线板,	634892712476,,28.8,28.8,57.6,57.6,50.00%,12,11850,0,15,134,0.10%,432,0.10%,3859.2000000000003,96,29,0,,,超值优惠|淘金币抵3%,7天无理由|运费险|公益宝贝|蚂蚁花呗|信用卡支付|集分宝,智能设备,智能家庭,智能排插,,,2021-05-27,05:00:00,2天15时33分5秒,四,http://item.taobao.com/item.htm?id=634892712476,https://kandianbao.com/item/634892712476/, 
72,https://img.alicdn.com/imgextra/i3/2208289813364/O1CN01uJD7hu1aikyshVBmA_!!0-item_pic.jpg,带usb充电多功能迷你便携插线板个性插排插座创意长线扦座艺术开关插座面板多孔多功能可爱排插可爬墙接线板,	624536244267,,26.8,41.8,53.6,83.6,50.00%,6,5895,0,16,97,0.10%,524.8,0.12%,3181.6,50,12,0,,,超值优惠|淘金币抵3%,7天无理由|运费险|公益宝贝|蚂蚁花呗|信用卡支付|集分宝,智能设备,智能家庭,智能排插,,,2021-05-26,03:52:00,1天14时25分5秒,三,http://item.taobao.com/item.htm?id=624536244267,https://kandianbao.com/item/624536244267/, 
73,https://img.alicdn.com/imgextra/i4/2208289813364/O1CN01E4ugDl1ail1TVJp1P_!!0-item_pic.jpg,多功能创意卡通插座面板多孔带线usb柠檬智能圆排插可爱个性接插线板学生宿舍电脑拖线板家用固定墙上贴扦座,	638192171428,,26.8,58.8,53.6,117.6,50.00%,24,35895,0,16,99,0.10%,633.6,0.14%,3920.4,32,23,0,,,超值优惠|淘金币抵3%,7天无理由|运费险|公益宝贝|蚂蚁花呗|信用卡支付|集分宝,智能设备,智能家庭,智能排插,,,2021-05-17,10:16:51,7天3时10分57秒,一,http://item.taobao.com/item.htm?id=638192171428,https://kandianbao.com/item/638192171428/, 
74,https://img.alicdn.com/imgextra/i4/2208289813364/O1CN01pRUQ421ail2okTF9Z_!!0-item_pic.jpg,智能插排创意手机无线充电魔方插座USB多口多功能插座带线接插线板多孔办公排插家用拖线板立式插座学生宿舍,	644992262102,,56.9,72.9,113.8,145.8,50.00%,12,23983,0,17,24,0.11%,1076.1000000000001,0.24%,1519.2000000000003,4,0,0,,,超值优惠|淘金币抵3%,7天无理由|运费险|蚂蚁花呗|信用卡支付|集分宝,智能设备,智能家庭,智能排插,,,2021-05-24,06:00:00,7时26分6秒,一,http://item.taobao.com/item.htm?id=644992262102,https://kandianbao.com/item/644992262102/, 
75,https://img.alicdn.com/imgextra/i3/2208289813364/O1CN01Z8mrDV1aikyPbrWZ3_!!0-item_pic.jpg,魔方插座转换器usb插头分插器多功能插排插板面板多孔家用带充电器接插线板多口排插拖线板创意插头转换器,	622722579720,,16.8,48.8,33.6,97.6,50.00%,10,9567,0,18,419,0.11%,532.8000000000001,0.12%,12402.400000000001,326,108,0,,,超值优惠|淘金币抵3%,7天无理由|运费险|公益宝贝|蚂蚁花呗|信用卡支付|集分宝,智能设备,智能家庭,智能排插,,,2021-05-29,18:04:00,5天4时37分5秒,六,http://item.taobao.com/item.htm?id=622722579720,https://kandianbao.com/item/622722579720/,还送了小灯(2);质量好(3);手机充电方便(2);很便捷(2);物有所值(4);小巧玲珑(2)
76,https://img.alicdn.com/imgextra/i2/2208289813364/O1CN01OMhtvv1aikyasq4gv_!!0-item_pic.jpg,创意卡通无线插座多功能可爱多用爬墙插盘插座个性少女心插板带线5米接插线板usb插头家用充电插线板接拖线板,	623383319462,,18.8,46.8,37.6,93.6,50.00%,24,23481,0,18,497,0.11%,540,0.12%,14910,332,124,0,,,超值优惠|淘金币抵3%,7天无理由|运费险|公益宝贝|蚂蚁花呗|信用卡支付|集分宝,智能设备,智能家庭,智能排插,,,2021-05-30,13:00:00,5天23时33分5秒,日,http://item.taobao.com/item.htm?id=623383319462,https://kandianbao.com/item/623383319462/,还送了小礼物(2);质量很好(6);很实用(2);有问必答(2);方便(2);很漂亮(8)
77,https://img.alicdn.com/imgextra/i2/2208289813364/O1CN017svv9P1ail2dRWmUu_!!0-item_pic.jpg,多功能婴儿喂奶卧室床头灯一体式插座护眼台灯学习专用创意usb充电接插线板宿舍学生面板多孔可爱办公拖线板,	644104936619,,18.8,33.8,37.6,67.6,50.00%,8,15982,0,18,25,0.11%,446.4000000000001,0.10%,620.0000000000001,2,0,0,,,超值优惠|淘金币抵3%,7天无理由|运费险|蚂蚁花呗|信用卡支付|集分宝,智能设备,智能家庭,智能排插,,,2021-05-29,05:00:00,4天15时33分5秒,六,http://item.taobao.com/item.htm?id=644104936619,https://kandianbao.com/item/644104936619/, 
78,https://img.alicdn.com/imgextra/i1/2208289813364/O1CN01spK2Yq1aikzeXRkQx_!!0-item_pic.jpg,插座转换器无线插排插板不带线一转二三四五品字插头面板多孔多功能带喂奶灯家用转换头宿舍用学生扩展带开关,	628872428051,,6.9,29.8,13.8,59.6,50.00%,18,35672,0,19,313,0.12%,305.14000000000004,0.07%,5026.780000000001,72,67,0,,,超值优惠|淘金币抵3%,7天无理由|运费险|公益宝贝|蚂蚁花呗|信用卡支付|集分宝,智能设备,智能家庭,智能排插,,,2021-05-25,03:20:00,13时53分5秒,二,http://item.taobao.com/item.htm?id=628872428051,https://kandianbao.com/item/628872428051/,服务周到(2)
79,https://img.alicdn.com/imgextra/i1/2208289813364/O1CN01eNuOr71ail28RvXAR_!!0-item_pic.jpg,可爱少女粉迷你插座面板多孔创意带usb插板学生宿舍接插线板大功率爬墙排插短线1米家用拖线板多功能带线扦座,	640998682755,,7.2,38.8,14.4,77.6,50.00%,24,47840,0,19,159,0.12%,376.96000000000004,0.08%,3154.5600000000004,56,38,0,,,超值优惠|淘金币抵3%,7天无理由|运费险|公益宝贝|蚂蚁花呗|信用卡支付|集分宝,智能设备,智能家庭,智能排插,,,2021-05-31,04:00:00,6天14时33分5秒,一,http://item.taobao.com/item.htm?id=640998682755,https://kandianbao.com/item/640998682755/,安全性能好(2);不占空间(2);使用过程简单(2);质量不错(5);颜色搭配好看(4);方便(2)
80,https://img.alicdn.com/imgextra/i4/2208289813364/O1CN01MxG1NE1ail0xwFlBC_!!0-item_pic.jpg,创意表情多功能爬墙接插线板家用带线插座面板多孔圆形扦座学生宿舍排插USB卡通拖线板小型可爱个性移动插板,	634744916805,,15.8,45.8,31.6,91.6,50.00%,24,23788,0,19,206,0.12%,528.2,0.12%,5726.8,92,42,0,,,超值优惠|淘金币抵3%,7天无理由|运费险|公益宝贝|蚂蚁花呗|信用卡支付|集分宝,智能设备,智能家庭,智能排插,,,2021-05-25,03:00:00,13时33分5秒,二,http://item.taobao.com/item.htm?id=634744916805,https://kandianbao.com/item/634744916805/, 
81,https://img.alicdn.com/imgextra/i3/2208289813364/O1CN01VEsM2j1aikyT32yRJ_!!0-item_pic.jpg,智能创意风扇插座台灯带USB家用学生宿舍蓄电台灯充电宝风扇一体插排面板多孔插板多功能带线接插线板拖线板,	622244110836,,39.8,84.8,79.6,169.6,50.00%,24,23764,0,19,211,0.12%,1098.2,0.25%,12195.800000000001,280,55,0,,,超值优惠|淘金币抵3%,7天无理由|运费险|公益宝贝|蚂蚁花呗|信用卡支付|集分宝,智能设备,智能家庭,智能排插,,,2021-05-26,16:00:00,2天2时33分5秒,三,http://item.taobao.com/item.htm?id=622244110836,https://kandianbao.com/item/622244110836/, 
82,https://img.alicdn.com/imgextra/i2/2208289813364/O1CN0173uHJ41ail1aZ9iFv_!!0-item_pic.jpg,多功能竖向无线插座转换器不带线万能转换插排多孔智能usb插板一插转多换器家用带遥控喂奶台灯多用接插线板,	637250916238,,6.9,31.8,13.8,63.6,50.00%,23,45841,0,20,148,0.13%,337.20000000000005,0.08%,2495.2800000000007,54,30,0,,,超值优惠|淘金币抵3%,7天无理由|运费险|公益宝贝|蚂蚁花呗|信用卡支付|集分宝,智能设备,智能家庭,智能排插,,,2021-05-18,07:00:00,6天6时26分6秒,二,http://item.taobao.com/item.htm?id=637250916238,https://kandianbao.com/item/637250916238/, 
83,https://img.alicdn.com/imgextra/i2/2208289813364/O1CN01aetbNI1ail0HMtDg1_!!0-item_pic.jpg,多功能爬墙usb充电插座面板多孔墙上固定贴带长线宿舍学生可爱拖插线板家用厨房智能排插创意多用电脑接线板,	632376275030,,7.9,38.8,15.8,77.6,50.00%,24,47403,0,20,605,0.13%,405.20000000000005,0.09%,12257.300000000001,258,177,0,,,超值优惠|淘金币抵3%,7天无理由|运费险|公益宝贝|蚂蚁花呗|信用卡支付|集分宝,智能设备,智能家庭,智能排插,,,2021-05-28,03:00:39,3天13时33分44秒,五,http://item.taobao.com/item.htm?id=632376275030,https://kandianbao.com/item/632376275030/,很耐用(3);安全性高(3);设计很好(9);卖家很贴心(6);与描述一致(3);质量好(39)
84,https://img.alicdn.com/imgextra/i2/2208289813364/O1CN01LLjlFs1aikywvamIh_!!0-item_pic.jpg,智能遥控插座无线远程开关断电家用卧室电动车插座插板带排插控制电源转换器免布线插头面板灯水泵摇控电源器,	625866014462,,23.8,28.8,47.6,57.6,50.00%,2,1697,0,20,292,0.13%,516.0000000000001,0.12%,7533.600000000001,392,81,0,,,超值优惠|淘金币抵3%,7天无理由|运费险|公益宝贝|蚂蚁花呗|信用卡支付|集分宝,智能设备,智能家庭,智能排插,,,2021-05-30,02:37:00,5天13时10分5秒,日,http://item.taobao.com/item.htm?id=625866014462,https://kandianbao.com/item/625866014462/,质量非常好(2);很便捷(4);卖家态度很好(2);运送速度优良(2);满意设计(2);满意外观(2)
85,https://img.alicdn.com/imgextra/i3/2208289813364/O1CN01NFIHGW1ail2dUnoBo_!!0-item_pic.jpg,创意无线拖线板婴儿喂奶卧室床头灯台灯一体式多功能usb插板护眼台灯学生宿舍可爱少女排插家用卡通接插线板,	644628267097,,19.9,73.8,39.8,147.6,50.00%,24,47978,0,21,24,0.13%,870.66,0.20%,995.04,8,4,0,,,超值优惠|淘金币抵3%,7天无理由|运费险|蚂蚁花呗|信用卡支付|集分宝,智能设备,智能家庭,智能排插,,,2021-05-29,05:00:00,4天15时33分5秒,六,http://item.taobao.com/item.htm?id=644628267097,https://kandianbao.com/item/644628267097/, 
86,https://img.alicdn.com/imgextra/i1/2208289813364/O1CN01nCqWtk1aikyVlV4Us_!!0-item_pic.jpg,智能插排家用插座usb多功能手机充电学生宿舍插线板贴墙创意插板卡通可爱接线板多孔面板带长线办公拖线板,	622740343813,,19.8,56.8,39.6,113.6,50.00%,24,23786,0,22,210,0.14%,761.2,0.17%,7266,62,41,0,,,超值优惠|淘金币抵3%,7天无理由|运费险|公益宝贝|蚂蚁花呗|信用卡支付|集分宝,智能设备,智能家庭,智能排插,,,2021-05-30,03:03:00,5天13时36分5秒,日,http://item.taobao.com/item.htm?id=622740343813,https://kandianbao.com/item/622740343813/, 
87,https://img.alicdn.com/imgextra/i3/2208289813364/O1CN01vPJXjJ1ail0Btlf8w_!!0-item_pic.jpg,卡通台灯插座创意喂奶灯智能插排遥控家用插电式台灯护眼自然光学生宿舍个性接插线板带USB可爱少女心拖线板,	632274819270,,32.8,56.8,65.6,113.6,50.00%,24,22553,0,23,1399,0.15%,975.1999999999999,0.22%,59317.6,1676,258,0,,,超值优惠|淘金币抵3%,7天无理由|运费险|公益宝贝|蚂蚁花呗|信用卡支付|集分宝,智能设备,智能家庭,智能排插,,,2021-05-31,05:00:00,6天15时33分5秒,一,http://item.taobao.com/item.htm?id=632274819270,https://kandianbao.com/item/632274819270/,小小的(2);与图无差别(2);亮度可以调节(9);实惠(8);质量很好(8);做工还不错(2)
88,https://img.alicdn.com/imgextra/i4/2208289813364/O1CN01Qc5j921ail1yOQ8ZI_!!0-item_pic.jpg,创意日月组合艺术开关接插线板带线创意个性小型插板智能插座面板多孔可爱usb充电排插多用贴墙多功能拖线板,	639711340399,,9.8,108.8,19.6,217.6,50.00%,23,45795,0,24,204,0.15%,1185.6000000000001,0.27%,10077.6,82,46,0,,,超值优惠|淘金币抵3%,7天无理由|运费险|公益宝贝|蚂蚁花呗|信用卡支付|集分宝,智能设备,智能家庭,智能排插,,,2021-05-25,10:00:00,20时33分5秒,二,http://item.taobao.com/item.htm?id=639711340399,https://kandianbao.com/item/639711340399/,安全性高(3);包装很正规(2);不占地方(2);质量很好(7);材质非常好(3);使用起来方便(3)
89,https://img.alicdn.com/imgextra/i4/2208289813364/O1CN01aNWMuO1aikz72RhWB_!!0-item_pic.jpg,多孔usb排插长线多功能创意艺术插座可爬墙个性插排带线圆形拖插线板家用可爱接线板学生宿舍用卡通智能插排,	626146757569,,19.8,39.8,39.6,79.6,50.00%,24,23845,0,24,146,0.15%,667.2,0.15%,4058.8000000000006,98,34,0,,,超值优惠|淘金币抵3%,7天无理由|运费险|公益宝贝|蚂蚁花呗|信用卡支付|集分宝,智能设备,智能家庭,智能排插,,,2021-05-25,02:42:00,13时15分5秒,二,http://item.taobao.com/item.htm?id=626146757569,https://kandianbao.com/item/626146757569/, 
90,https://img.alicdn.com/imgextra/i3/2208289813364/O1CN01Wiu6LN1ail2Jnp3LQ_!!0-item_pic.jpg,多功能黑色拖线板带线创意宿舍学生小型卡通插座面板多孔带usb可爱个性接插线板家用短线0.5米可爬墙插板扦座,	642222943799,,12.8,46.8,25.6,93.6,50.00%,16,31904,0,25,95,0.16%,660,0.15%,2508,14,24,0,,,超值优惠|淘金币抵3%,7天无理由|运费险|公益宝贝|蚂蚁花呗|信用卡支付|集分宝,智能设备,智能家庭,智能排插,,,2021-05-29,04:04:06,4天14时37分11秒,六,http://item.taobao.com/item.htm?id=642222943799,https://kandianbao.com/item/642222943799/, 
91,https://img.alicdn.com/imgextra/i3/2208289813364/O1CN01r9p3Oi1aikyQifgIc_!!0-item_pic.jpg,创意个性插座多功能家用智能无线插排多孔面板立体艺术接线板usb插线板带线宿舍移动排插充电拖线板贴墙式,	622150863214,,15.8,44.8,31.6,89.6,50.00%,24,23494,0,25,491,0.16%,685,0.15%,13453.4,2910,122,0,,,超值优惠|淘金币抵3%,7天无理由|运费险|公益宝贝|蚂蚁花呗|信用卡支付|集分宝,智能设备,智能家庭,智能排插,,,2021-05-29,15:48:51,5天2时21分56秒,六,http://item.taobao.com/item.htm?id=622150863214,https://kandianbao.com/item/622150863214/,设计很好(4);价格便宜(3);质量好(4);多功能(2);细节做的不错(2);塑料感太强(2)
92,https://img.alicdn.com/imgextra/i4/2208289813364/O1CN01e3T6F61aikypSPhVS_!!0-item_pic.jpg,智能卡通排插带小夜灯面板多孔创意usb充电插板插接线板插排可爱个性桌面多功能插座带线家用学生宿舍拖线板,	624471810979,,27.8,53.8,55.6,107.6,50.00%,24,23737,0,25,252,0.16%,955.0000000000001,0.21%,9626.400000000001,156,58,0,,,超值优惠|淘金币抵3%,7天无理由|运费险|公益宝贝|蚂蚁花呗|信用卡支付|集分宝,智能设备,智能家庭,智能排插,,,2021-05-29,03:40:00,4天14时13分5秒,六,http://item.taobao.com/item.htm?id=624471810979,https://kandianbao.com/item/624471810979/,很实用(3);物有所值(2);体型好看(3)
93,https://img.alicdn.com/imgextra/i3/2208289813364/O1CN01GHOLAx1ail1B2WGWl_!!0-item_pic.jpg,智能黑色护眼自然光台灯插座一体式多功能带USB接插线板家用排插学生舍床上用喂奶小夜灯创意个性可爱拖线板,	635736768068,,10.8,49.8,21.6,99.6,50.00%,24,23825,0,26,161,0.17%,686.4000000000001,0.15%,4250.400000000001,248,35,0,,,超值优惠|淘金币抵3%,7天无理由|运费险|公益宝贝|蚂蚁花呗|信用卡支付|集分宝,智能设备,智能家庭,智能排插,,,2021-05-25,04:00:00,14时33分5秒,二,http://item.taobao.com/item.htm?id=635736768068,https://kandianbao.com/item/635736768068/, 
94,https://img.alicdn.com/imgextra/i3/2208289813364/O1CN01VUTRH71ail1yHCknj_!!0-item_pic.jpg,可绕盘线收纳藏线伸缩接插线板多功能便携隐形线路插座面板多孔usb智能插排创意固定墙上贴多用短线1米拖线板,	640074445849,,18.8,48.8,37.6,97.6,50.00%,24,47831,0,26,163,0.17%,800.8,0.18%,5020.4,74,40,0,,,超值优惠|淘金币抵3%,7天无理由|运费险|公益宝贝|蚂蚁花呗|信用卡支付|集分宝,智能设备,智能家庭,智能排插,,,2021-05-25,03:05:30,13时38分35秒,二,http://item.taobao.com/item.htm?id=640074445849,https://kandianbao.com/item/640074445849/, 
95,https://img.alicdn.com/imgextra/i2/2208289813364/O1CN01DnZCVH1ail29GDvMn_!!0-item_pic.jpg,多功能可爱插座面板多孔床头拓展短线1米拖线板USB充电扦座学生宿舍家用大功率带线插排创意贴墙小型接插线板,	640729453811,,7.2,38.8,14.4,77.6,50.00%,24,47902,0,27,95,0.17%,535.6800000000001,0.12%,1884.8000000000004,64,23,0,,,超值优惠|淘金币抵3%,7天无理由|运费险|公益宝贝|蚂蚁花呗|信用卡支付|集分宝,智能设备,智能家庭,智能排插,,,2021-05-25,04:00:00,14时33分5秒,二,http://item.taobao.com/item.htm?id=640729453811,https://kandianbao.com/item/640729453811/, 
96,https://img.alicdn.com/imgextra/i2/2208289813364/O1CN01b1nTWE1aikzaPyaaM_!!0-item_pic.jpg,多功能带USB排插喂奶床头插座创意家用带开关小夜灯万能多头转换插头无线可爱多孔不带线分控宿舍充电拓展器,	629660847363,,21.8,21.8,43.6,43.6,50.00%,7,6563,0,27,420,0.17%,588.6,0.13%,9156,238,61,0,,,超值优惠|淘金币抵3%,7天无理由|运费险|公益宝贝|蚂蚁花呗|信用卡支付|集分宝,智能设备,智能家庭,智能排插,,,2021-05-30,03:33:00,5天14时6分5秒,日,http://item.taobao.com/item.htm?id=629660847363,https://kandianbao.com/item/629660847363/, 
97,https://img.alicdn.com/imgextra/i2/2208289813364/O1CN01AcnEMt1aikyPWWMFc_!!0-item_pic.jpg,智能立式插座带usb手机充电多口塔式插排多功能家用创意立体插线板接拖线板塔型多孔面板转换器开关多用插排,	622570291560,,18.8,86.8,37.6,173.6,50.00%,22,21460,0,28,512,0.18%,1288,0.29%,23552,302,118,0,,,超值优惠|淘金币抵3%,7天无理由|运费险|公益宝贝|蚂蚁花呗|信用卡支付|集分宝,智能设备,智能家庭,智能排插,,,2021-05-27,15:10:00,3天1时43分5秒,四,http://item.taobao.com/item.htm?id=622570291560,https://kandianbao.com/item/622570291560/,设计很好(3);质量很好(7);使用起来方便(2);很实用(3);商家服务很好(2);很便捷(3)
98,https://img.alicdn.com/imgextra/i4/2208289813364/O1CN01VFjn9z1ail1f52rDe_!!0-item_pic.jpg,带夜灯插座转换器多功能插排面板多孔usb接插线板无线不带线家用一转多用学生宿舍用扩展万能转换插头分插器,	637835212755,,5.1,25.5,10.2,51,50.00%,18,35889,0,29,109,0.19%,384.54,0.09%,1445.3400000000001,20,29,0,,,超值优惠|淘金币抵3%,7天无理由|运费险|公益宝贝|蚂蚁花呗|信用卡支付|集分宝,智能设备,智能家庭,智能排插,,,2021-05-23,06:00:00,1天7时26分6秒,日,http://item.taobao.com/item.htm?id=637835212755,https://kandianbao.com/item/637835212755/, 
99,https://img.alicdn.com/imgextra/i4/2208289813364/O1CN01MjszlY1ail2c9sFe1_!!0-item_pic.jpg,创意伸缩可绕藏线收纳电线插板隐形理线面板多孔usb排插多功能家用带线插座短线1米学生宿舍扦座多用接插线板,	643474108201,,12.9,40.3,25.8,80.6,50.00%,24,47969,0,29,36,0.19%,691.9399999999999,0.16%,858.96,10,6,0,,,超值优惠|淘金币抵3%,7天无理由|运费险|蚂蚁花呗|信用卡支付|集分宝,智能设备,智能家庭,智能排插,,,2021-05-28,05:00:00,3天15时33分5秒,五,http://item.taobao.com/item.htm?id=643474108201,https://kandianbao.com/item/643474108201/, 
100,https://img.alicdn.com/imgextra/i4/2208289813364/O1CN01QJMjlb1aikyuYifNW_!!0-item_pic.jpg,多功能插座台灯带遥控器插座灯USB插排插线板可爱少女拖线板插板家用排插学生宿舍台灯一体式创意卡通接线板,	624251680257,,36.8,56.8,73.6,113.6,50.00%,24,23286,0,29,680,0.19%,1299.1999999999998,0.29%,30463.999999999996,586,161,0,,,超值优惠|淘金币抵3%,7天无理由|运费险|公益宝贝|蚂蚁花呗|信用卡支付|集分宝,智能设备,智能家庭,智能排插,,,2021-05-28,04:21:00,3天14时54分5秒,五,http://item.taobao.com/item.htm?id=624251680257,https://kandianbao.com/item/624251680257/,设计很好(2);性比价极高(4);质量很好(3);很实用(4);方便(3);体型好看(5)
101,https://img.alicdn.com/imgextra/i4/2208289813364/O1CN01Jg1Np41aikzpJ8Ndi_!!0-item_pic.jpg,应急灯充电宝多功能立式插座蓄电台灯移动电源学生宿舍智能USB插排接插线板创意扦座面板多孔家用拖线板带线,	629381952155,,27.8,108.8,55.6,217.6,50.00%,24,23761,0,30,216,0.19%,1806,0.41%,13003.2,442,42,0,,,超值优惠|淘金币抵3%,7天无理由|运费险|公益宝贝|蚂蚁花呗|信用卡支付|集分宝,智能设备,智能家庭,智能排插,,,2021-05-30,03:58:00,5天14时31分5秒,日,http://item.taobao.com/item.htm?id=629381952155,https://kandianbao.com/item/629381952155/, 
102,https://img.alicdn.com/imgextra/i1/2208289813364/O1CN01IB5aMl1aikye56J3t_!!0-item_pic.jpg,16安空调专用插座带开关热水器大功率4000W插线板电磁炉16a转10a大三孔转接头电源转换器延长线油汀取暖器用,	622918440454,,8.8,71.8,17.6,143.6,50.00%,24,23536,0,31,442,0.20%,1054,0.24%,15028,220,100,0,,,超值优惠|淘金币抵3%,7天无理由|运费险|公益宝贝|蚂蚁花呗|信用卡支付|集分宝,智能设备,智能家庭,智能排插,,,2021-05-28,14:26:00,4天59分5秒,五,http://item.taobao.com/item.htm?id=622918440454,https://kandianbao.com/item/622918440454/,输出功率挺大(3);质量不错(11);使用起来方便(3);外表不错(2);价格实惠(7);没有价值(2)
103,https://img.alicdn.com/imgextra/i2/2208289813364/O1CN01CpF8401aikz5y9Y8K_!!0-item_pic.jpg,多功能小插排家用插座面板多孔usb插板带线创意接拖线板迷你爬墙电脑排插多用万能转换学生宿舍短线1米插线板,	626057986866,,8.8,40.8,17.6,81.6,50.00%,24,21828,0,32,2093,0.20%,691.2,0.16%,45208.8,1152,457,0,,,超值优惠|淘金币抵3%,7天无理由|运费险|公益宝贝|蚂蚁花呗|信用卡支付|集分宝,智能设备,智能家庭,智能排插,,,2021-05-26,03:37:00,1天14时10分5秒,三,http://item.taobao.com/item.htm?id=626057986866,https://kandianbao.com/item/626057986866/,送的小夜灯好(2);卖家很贴心(4);质量好(8);性比价极高(7);非常方便(3);精致(5)
104,https://img.alicdn.com/imgextra/i4/2208289813364/O1CN01rx0fNe1ail2XaltLs_!!0-item_pic.jpg,创意台灯插座LED阅读学习专用多功能护眼书桌学生宿舍简约时尚插电小台灯卧室床头婴儿喂奶儿童睡眠灯USB插座,	644702635368,,19.9,73.8,39.8,147.6,50.00%,24,47966,0,33,41,0.21%,1368.18,0.31%,1699.8600000000001,14,4,0,,,超值优惠|淘金币抵3%,7天无理由|运费险|蚂蚁花呗|信用卡支付|集分宝,智能设备,智能家庭,智能灯光,,,2021-05-30,05:00:00,5天15时33分5秒,日,http://item.taobao.com/item.htm?id=644702635368,https://kandianbao.com/item/644702635368/, 
105,https://img.alicdn.com/imgextra/i1/2208289813364/O1CN01Tri4DP1ail0er7gk4_!!0-item_pic.jpg,创意学生宿舍插板卡通可爱少女心扦座可爬墙插座面板多孔usb充电个性长线拖线板固定墙上粘家用迷你接插线板,	634336698487,,12.8,32.8,25.6,65.6,50.00%,24,47547,0,35,447,0.22%,728,0.16%,9297.6,126,51,0,,,超值优惠|淘金币抵3%,7天无理由|运费险|公益宝贝|蚂蚁花呗|信用卡支付|集分宝,智能设备,智能家庭,智能排插,,,2021-05-24,16:00:00,2时33分5秒,一,http://item.taobao.com/item.htm?id=634336698487,https://kandianbao.com/item/634336698487/,质量好(4);值得推荐(2);很实用(4);价格实惠(3);物流很棒(2);方便(4)
106,https://img.alicdn.com/imgextra/i2/2208289813364/O1CN01tDCoF31ail005SNTi_!!0-item_pic.jpg,创意智能小夜灯插座一体转换器带USB排插多功能一转二三多孔面板家用插板不带线插排卧室床头婴儿喂奶小夜灯,	630250392961,,19.8,28.8,39.6,57.6,50.00%,24,23742,0,36,249,0.23%,842.4000000000001,0.19%,5826.6,84,38,0,,,超值优惠|淘金币抵3%,7天无理由|运费险|公益宝贝|蚂蚁花呗|信用卡支付|集分宝,智能设备,智能家庭,智能排插,,,2021-05-28,04:00:00,3天14时33分5秒,五,http://item.taobao.com/item.htm?id=630250392961,https://kandianbao.com/item/630250392961/, 
107,https://img.alicdn.com/imgextra/i3/2208289813364/O1CN01LQwp8B1ail2fA8FtF_!!0-item_pic.jpg,创意魔方插座立体转换器多功能立式带线智能USB充电扦座面板多孔家用办公室迷你扩展接插线板分控塔型拖线板,	644491319862,,15.8,109.8,31.6,219.6,50.00%,24,47962,0,37,43,0.24%,1975.8000000000002,0.44%,2296.2000000000003,14,5,0,,,超值优惠|淘金币抵3%,7天无理由|运费险|公益宝贝|蚂蚁花呗|信用卡支付|集分宝,智能设备,智能家庭,智能排插,,,2021-05-27,05:00:00,2天15时33分5秒,四,http://item.taobao.com/item.htm?id=644491319862,https://kandianbao.com/item/644491319862/, 
108,https://img.alicdn.com/imgextra/i2/2208289813364/O1CN01iO0A311aikzkTVyiF_!!0-item_pic.jpg,创意折叠一体式台灯插座学生宿舍少女粉排插带USB卧室小夜灯多功能插座面板多孔智能护眼LED学习专用接插线板,	629677548084,,19.8,70.8,39.6,141.6,50.00%,24,23694,0,37,272,0.24%,1487.4,0.33%,10934.400000000001,294,49,0,,,超值优惠|淘金币抵3%,7天无理由|运费险|公益宝贝|蚂蚁花呗|信用卡支付|集分宝,智能设备,智能家庭,智能排插,,,2021-05-27,05:00:00,2天15时33分5秒,四,http://item.taobao.com/item.htm?id=629677548084,https://kandianbao.com/item/629677548084/,质量不错(2);很实用(2);很便捷(4)
109,https://img.alicdn.com/imgextra/i3/2208289813364/O1CN01JpeMF91ail2L4ZPHA_!!0-item_pic.jpg,创意智能LED台灯插座一体式多功能带USB少女心接插线板家用排插学生舍床上用喂奶小夜灯创意多功能拖线板扦座,	641926790370,,19.8,49.8,39.6,99.6,50.00%,15,29901,0,37,99,0.24%,1176.6000000000001,0.26%,3148.2000000000003,32,22,0,,,超值优惠|淘金币抵3%,7天无理由|运费险|公益宝贝|蚂蚁花呗|信用卡支付|集分宝,智能设备,智能家庭,智能排插,,,2021-05-30,03:00:00,5天13时33分5秒,日,http://item.taobao.com/item.htm?id=641926790370,https://kandianbao.com/item/641926790370/, 
110,https://img.alicdn.com/imgextra/i3/2208289813364/O1CN01LqKn2x1aikyXWjZO8_!!0-item_pic.jpg,魔方迷你插座转换器便携转换插头带遥控图案小夜灯定时关灯调光家用无线智能排插多功能USB面板多孔插接线板,	623272875806,,10.0,36.8,20,73.6,50.00%,17,16797,0,38,194,0.24%,787.3599999999999,0.18%,4019.68,200,46,0,,,超值优惠|淘金币抵3%,7天无理由|运费险|公益宝贝|蚂蚁花呗|信用卡支付|集分宝,智能设备,智能家庭,智能排插,,,2021-05-28,14:00:00,4天33分5秒,五,http://item.taobao.com/item.htm?id=623272875806,https://kandianbao.com/item/623272875806/, 
111,https://img.alicdn.com/imgextra/i4/2208289813364/O1CN01xwPWZI1ail2NBIy5u_!!0-item_pic.jpg,办公插座面板多孔电脑排插长线10插位插板多功能家用usb插排学生宿舍接插线板厨房大功率拖线板带线转换器头,	643019491108,,15.8,49.8,31.6,99.6,50.00%,24,47949,0,38,51,0.24%,1117.2,0.25%,1499.3999999999999,12,14,0,,,超值优惠|淘金币抵3%,7天无理由|运费险|公益宝贝|蚂蚁花呗|信用卡支付|集分宝,智能设备,智能家庭,智能排插,,,2021-05-28,03:00:00,3天13时33分5秒,五,http://item.taobao.com/item.htm?id=643019491108,https://kandianbao.com/item/643019491108/, 
112,https://img.alicdn.com/imgextra/i1/2208289813364/O1CN015oKj9Z1aikyc2NTHP_!!0-item_pic.jpg,插板带线5米创意usb充电智能插座多功能个性插板面板多孔可爱卡通立体汽车插排插家用接线拖线板学生宿舍插座,	623792966250,,45.8,66.8,91.6,133.6,50.00%,16,15595,0,38,387,0.24%,2059.6,0.46%,20975.4,404,88,0,,,超值优惠|淘金币抵3%,7天无理由|运费险|公益宝贝|蚂蚁花呗|信用卡支付|集分宝,智能设备,智能家庭,智能排插,,,2021-05-25,15:45:00,1天2时18分5秒,二,http://item.taobao.com/item.htm?id=623792966250,https://kandianbao.com/item/623792966250/,质量不错(2);很实用(2);做工很精巧(2);很便捷(2);挺漂亮(10);商家很贴心(2)
113,https://img.alicdn.com/imgextra/i1/2208289813364/O1CN01sBOj9a1ail2f4hxME_!!0-item_pic.jpg,家用智能定时插座预约通电订时计时开关扦座电动车手机防过充自动断电节电器厨房宿舍无线排插带usb接插线板,	644503238920,,16.8,28.8,33.6,57.6,50.00%,4,7961,0,39,46,0.25%,842.4000000000001,0.19%,993.6,12,0,0,,,超值优惠|淘金币抵3%,7天无理由|运费险|蚂蚁花呗|信用卡支付|集分宝,智能设备,智能家庭,智能排插,,,2021-05-25,05:00:00,15时33分5秒,二,http://item.taobao.com/item.htm?id=644503238920,https://kandianbao.com/item/644503238920/, 
114,https://img.alicdn.com/imgextra/i1/2208289813364/O1CN01CQboWN1ail016TSqH_!!0-item_pic.jpg,插座转换器带开关夜灯插排三孔大功率电源宿舍学生扦座面板多孔多功能usb插板家用一插转多换器无线接插线板,	630316824958,,5.1,26.7,10.2,53.4,50.00%,20,38330,0,40,1620,0.26%,549.6,0.12%,22258.8,966,223,0,,,超值优惠|淘金币抵3%,7天无理由|运费险|公益宝贝|蚂蚁花呗|信用卡支付|集分宝,智能设备,智能家庭,智能排插,,,2021-05-29,03:33:00,4天14时6分5秒,六,http://item.taobao.com/item.htm?id=630316824958,https://kandianbao.com/item/630316824958/,价格便宜(9);质量不错(5);如描述一样好(2);使用起来方便(5);很实用(10);质量一般(2)
115,https://img.alicdn.com/imgextra/i4/2208289813364/O1CN01usx7Ij1ail0RFWoDC_!!0-item_pic.jpg,多功能可爱少女心粉小圆插排家用固定墙上贴小型插座面板多孔usb插板迷你学生宿舍短线1米卡通个性接拖插线板,	633225813929,,9.8,38.8,19.6,77.6,50.00%,24,47495,0,40,486,0.26%,856,0.19%,10400.4,262,107,0,,,超值优惠|淘金币抵3%,7天无理由|运费险|公益宝贝|蚂蚁花呗|信用卡支付|集分宝,智能设备,智能家庭,智能排插,,,2021-05-29,05:00:00,4天15时33分5秒,六,http://item.taobao.com/item.htm?id=633225813929,https://kandianbao.com/item/633225813929/,小小的(3);质量不错(6);卖家包装特好(3);很实用(3);很可爱(5);很好看(5)
116,https://img.alicdn.com/imgextra/i3/2208289813364/O1CN01j05vxS1ail1BWmmGl_!!0-item_pic.jpg,创意喂奶灯智能一体多功能护眼台灯学生专用带usb插排转换器插头卧室床头灯遥控台灯插座小夜灯可爱接插线板,	635201304289,,17.8,28.8,35.6,57.6,50.00%,3,5639,0,42,348,0.27%,932.4000000000001,0.21%,7725.600000000001,136,62,0,,,超值优惠|淘金币抵3%,7天无理由|运费险|公益宝贝|蚂蚁花呗|信用卡支付|集分宝,智能设备,智能家庭,智能排插,,,2021-05-25,05:00:00,15时33分5秒,二,http://item.taobao.com/item.htm?id=635201304289,https://kandianbao.com/item/635201304289/,很实用(2);方便(3);物美价廉(2)
117,https://img.alicdn.com/imgextra/i2/2208289813364/O1CN015Daefb1ail0FSzY36_!!0-item_pic.jpg,无线扦座带USB插头带小夜灯冷暖光喂奶床头灯多功能一转多位遥控台灯插座转换器接插线板学生宿舍可爱拖线板,	632277814916,,21.9,32.8,43.8,65.6,50.00%,5,9564,0,42,422,0.27%,1102.92,0.25%,11081.720000000001,318,94,0,,,超值优惠|淘金币抵3%,7天无理由|运费险|公益宝贝|蚂蚁花呗|信用卡支付|集分宝,智能设备,智能家庭,智能排插,,,2021-05-28,03:00:00,3天13时33分5秒,五,http://item.taobao.com/item.htm?id=632277814916,https://kandianbao.com/item/632277814916/,智能功能ok(2);设计很好(3);质量非常好(2);作工挺好(2);响应速度极快(2);方便(2)
118,https://img.alicdn.com/imgextra/i3/2208289813364/O1CN01B7oOMK1aikyNY5TNk_!!0-item_pic.jpg,分控插板拖线板智能插排家用可爬墙插座面板多孔接线板独立开关移动排插学生宿舍插线板多功能USB充电带长线,	621541316247,,11.8,51.8,23.6,103.6,50.00%,24,47669,0,44,321,0.28%,1223.2,0.27%,8923.800000000001,154,98,0,,,超值优惠|淘金币抵3%,7天无理由|运费险|公益宝贝|蚂蚁花呗|信用卡支付|集分宝,智能设备,智能家庭,智能排插,,,2021-05-24,16:06:10,2时39分15秒,一,http://item.taobao.com/item.htm?id=621541316247,https://kandianbao.com/item/621541316247/,真方便(3);价格便宜(5);质量不错(4);独立开关方便(2);很高大上(3);材质非常好(2)
119,https://img.alicdn.com/imgextra/i3/2208289813364/O1CN01A4T2SQ1aikyjN4I6X_!!0-item_pic.jpg,吸盘插座带usb充电魔方插板可贴墙迷你接线板多功能电源便携插板面板多孔家用带线扩展插座转换器立体拖线板,	623623432164,,25.8,54.8,51.6,109.6,50.00%,24,23334,0,45,645,0.29%,1683.0000000000002,0.38%,24123.000000000004,172,73,0,,,超值优惠|淘金币抵3%,7天无理由|运费险|公益宝贝|蚂蚁花呗|信用卡支付|集分宝,智能设备,智能家庭,智能排插,,,2021-05-25,03:55:00,14时28分5秒,二,http://item.taobao.com/item.htm?id=623623432164,https://kandianbao.com/item/623623432164/,很实用(2);小巧(2);精致(4)
120,https://img.alicdn.com/imgextra/i2/2208289813364/O1CN01MwZbmq1ail2VHYUVo_!!0-item_pic.jpg,创意转换插头分插器多头插座面板多孔扩展usb充电插板多功能智能排插排可爱爬墙拖线板学生宿舍个性接插线板,	642600814635,,8.8,33.8,17.6,67.6,50.00%,24,47918,0,46,82,0.29%,864.8000000000002,0.19%,1541.6000000000004,10,20,0,,,超值优惠|淘金币抵3%,7天无理由|运费险|公益宝贝|蚂蚁花呗|信用卡支付|集分宝,智能设备,智能家庭,智能排插,,,2021-05-27,03:00:00,2天13时33分5秒,四,http://item.taobao.com/item.htm?id=642600814635,https://kandianbao.com/item/642600814635/, 
121,https://img.alicdn.com/imgextra/i3/2208289813364/O1CN01DzUTdn1aikzKiqvdy_!!0-item_pic.jpg,独立开关插座万能转换器面板多孔分控电脑插排多功能usb插板小型拖接插线板家用固定墙上贴厨房专用短线排插,	627452432334,,10.5,36.8,21,73.6,50.00%,24,23473,0,49,517,0.31%,1029.98,0.23%,10867.34,322,124,0,,,超值优惠|淘金币抵3%,7天无理由|运费险|公益宝贝|蚂蚁花呗|信用卡支付|集分宝,智能设备,智能家庭,智能排插,,,2021-05-26,04:29:00,1天15时2分5秒,三,http://item.taobao.com/item.htm?id=627452432334,https://kandianbao.com/item/627452432334/,一分钱一分货(2);质量不错(6);物流很棒(2);质量差(3)
122,https://img.alicdn.com/imgextra/i3/2208289813364/O1CN01hjQG2J1ail2PGQebW_!!0-item_pic.jpg,可绕盘线收纳藏线伸缩接插线板多功能便携隐形线路创意插座面板多孔usb智能插排多用短线1米拖线板固定墙上贴,	641779685278,,12.8,36.8,25.6,73.6,50.00%,24,47873,0,49,121,0.31%,1097.6000000000001,0.25%,2710.4,28,33,0,,,超值优惠|淘金币抵3%,7天无理由|运费险|公益宝贝|蚂蚁花呗|信用卡支付|集分宝,智能设备,智能家庭,智能排插,,,2021-05-27,03:00:00,2天13时33分5秒,四,http://item.taobao.com/item.htm?id=641779685278,https://kandianbao.com/item/641779685278/,与描述一致(4);质量好(5);物流很棒(2);很人性化(2);价格优惠(6);圆圆的(2)
123,https://img.alicdn.com/imgextra/i1/2208289813364/O1CN01g6lC5U1ail1GzkBHv_!!0-item_pic.jpg,智能插板带线宿舍学生插座面板多孔带usb拖线板大功率长线办公插排多功能短线1米插板固定墙上贴电脑接插线板,	635739589130,,16.8,45.8,33.6,91.6,50.00%,24,23712,0,49,283,0.31%,1391.6000000000001,0.31%,8037.200000000001,60,40,0,,,超值优惠|淘金币抵3%,7天无理由|运费险|公益宝贝|蚂蚁花呗|信用卡支付|集分宝,智能设备,智能家庭,智能排插,,,2021-05-27,06:00:00,2天16时33分5秒,四,http://item.taobao.com/item.htm?id=635739589130,https://kandianbao.com/item/635739589130/, 
124,https://img.alicdn.com/imgextra/i1/2208289813364/O1CN01V63te11ail2I4RP9B_!!0-item_pic.jpg,多功能电脑排插usb充电插座墙上固定贴带线床头拓展拖线板家用大功率扦座面板多孔贴墙学生宿舍接插线板,	641413261623,,8.8,31.8,17.6,63.6,50.00%,24,47907,0,51,89,0.33%,918,0.21%,1602,18,10,0,,,超值优惠|淘金币抵3%,7天无理由|运费险|公益宝贝|蚂蚁花呗|信用卡支付|集分宝,智能设备,智能家庭,智能排插,,,2021-05-27,03:00:00,2天13时33分5秒,四,http://item.taobao.com/item.htm?id=641413261623,https://kandianbao.com/item/641413261623/, 
125,https://img.alicdn.com/imgextra/i2/2208289813364/O1CN01m1CQLZ1ail2eNJGBp_!!0-item_pic.jpg,带夜灯插座转换器多用功能转换插头分插器床头扩展usb带开关排插面板多孔一转多转接头智能插排无线接插线板,	642923104342,,6.8,28.8,13.6,57.6,50.00%,24,47947,0,52,58,0.33%,811.2,0.18%,904.8000000000001,16,9,0,,,超值优惠|淘金币抵3%,7天无理由|运费险|公益宝贝|蚂蚁花呗|信用卡支付|集分宝,智能设备,智能家庭,智能排插,,,2021-05-26,04:00:00,1天14时33分5秒,三,http://item.taobao.com/item.htm?id=642923104342,https://kandianbao.com/item/642923104342/, 
126,https://img.alicdn.com/imgextra/i1/2208289813364/O1CN01GVbIzk1aikyeBdGkR_!!0-item_pic.jpg,智能爬墙插排独立开关家用多功能插座少女心接线板电扦座分控面板多孔usb学生宿舍拖线板万能扩展转换器多用,	623699039611,,14.8,58.8,29.6,117.6,50.00%,24,23458,0,56,538,0.36%,1814.3999999999999,0.41%,17431.2,854,136,0,,,超值优惠|淘金币抵3%,7天无理由|运费险|公益宝贝|蚂蚁花呗|信用卡支付|集分宝,智能设备,智能家庭,智能排插,,,2021-05-27,02:44:00,2天13时17分5秒,四,http://item.taobao.com/item.htm?id=623699039611,https://kandianbao.com/item/623699039611/,价格便宜(7);尺码大小合适(4);质量很好(5);带总开关(5);使用起来方便(3);很实用(2)
127,https://img.alicdn.com/imgextra/i3/2208289813364/O1CN01LAxrtz1aikyRc8QNb_!!0-item_pic.jpg,多功能插排独立开关家用智能宿舍学生插座面板多孔带usb电源分控电插板万能扩展转换器多用线板长线爬墙排插,	622542571411,,14.9,49.9,29.8,99.8,50.00%,24,47432,0,57,549,0.36%,1647.3000000000002,0.37%,15866.1,290,110,0,,,超值优惠|淘金币抵3%,7天无理由|运费险|公益宝贝|蚂蚁花呗|信用卡支付|集分宝,智能设备,智能家庭,智能排插,,,2021-05-27,01:00:00,2天11时33分5秒,四,http://item.taobao.com/item.htm?id=622542571411,https://kandianbao.com/item/622542571411/,性比价极高(3);质量不错(3);很漂亮(2);作工粗糙(2)
128,https://img.alicdn.com/imgextra/i3/2208289813364/O1CN01JFuz3z1ail0nh8nqM_!!0-item_pic.jpg,创意魔方插座面板多孔带usb接口智能插排宿舍用学生可爱个性小型带USB插板带线多功能家用桌面排查插接拖线板,	634503177539,,10.8,54.8,21.6,109.6,50.00%,24,23767,0,58,227,0.37%,1647.1999999999998,0.37%,6446.799999999999,80,40,0,,,超值优惠|淘金币抵3%,7天无理由|运费险|公益宝贝|蚂蚁花呗|信用卡支付|集分宝,智能设备,智能家庭,智能排插,,,2021-05-31,05:00:00,6天15时33分5秒,一,http://item.taobao.com/item.htm?id=634503177539,https://kandianbao.com/item/634503177539/, 
129,https://img.alicdn.com/imgextra/i1/2208289813364/O1CN016HtzBK1ail2ZG6Tzs_!!0-item_pic.jpg,创意带小夜灯插座排插带线家用圆形插排可爱个性扦座面板多孔usb接插线板学生宿舍小型粉插板爬墙圆盘拖线板,	641979533763,,10.8,36.8,21.6,73.6,50.00%,24,47877,0,58,121,0.37%,1229.6000000000001,0.28%,2565.2000000000003,12,25,0,,,超值优惠|淘金币抵3%,7天无理由|运费险|公益宝贝|蚂蚁花呗|信用卡支付|集分宝,智能设备,智能家庭,智能排插,,,2021-05-30,02:00:00,5天12时33分5秒,日,http://item.taobao.com/item.htm?id=641979533763,https://kandianbao.com/item/641979533763/, 
130,https://img.alicdn.com/imgextra/i4/2208289813364/O1CN01UKgVEc1aikyuxJDYW_!!0-item_pic.jpg,多用卡通艺术插线板家用创意个性拖线板充电usb插座面板多孔可爱电插板可贴墙排插圆形插排带线多功能接线板,	624310160676,,29.0,69.0,58,138,50.00%,24,23131,0,59,850,0.38%,2655,0.60%,38250,500,125,0,,,超值优惠|淘金币抵3%,7天无理由|运费险|公益宝贝|蚂蚁花呗|信用卡支付|集分宝,智能设备,智能家庭,智能排插,,,2021-05-29,05:00:00,4天15时33分5秒,六,http://item.taobao.com/item.htm?id=624310160676,https://kandianbao.com/item/624310160676/,一分钱一分货(3);质量很好(2);很实用(2);体型好看(4);非常有个性(2)
131,https://img.alicdn.com/imgextra/i2/2208289813364/O1CN01E4l2hT1aikyqw78A8_!!0-item_pic.jpg,创意usb转换器插座插头面板多孔插排一转多家用带开关小夜灯无线排插多用万能转换头插板多功能可爱接插线板,	625489019324,,10.8,34.8,21.6,69.6,50.00%,24,47673,0,62,325,0.40%,1264.8000000000002,0.28%,6630.000000000001,80,57,0,,,超值优惠|淘金币抵3%,7天无理由|运费险|公益宝贝|蚂蚁花呗|信用卡支付|集分宝,智能设备,智能家庭,智能排插,,,2021-05-27,04:26:51,2天14时59分56秒,四,http://item.taobao.com/item.htm?id=625489019324,https://kandianbao.com/item/625489019324/, 
132,https://img.alicdn.com/imgextra/i2/2208289813364/O1CN01AL4PUy1ail2W2SPXO_!!0-item_pic.jpg,可爱粉色少女心插座多功能家用小型智能插排usb充电学生宿舍接插线板带夜灯贴墙圆盘插排面板多孔固定器扦座,	642026424762,,10.8,36.8,21.6,73.6,50.00%,24,45890,0,71,107,0.45%,1505.2000000000003,0.34%,2268.4,28,23,0,,,超值优惠|淘金币抵3%,7天无理由|运费险|公益宝贝|蚂蚁花呗|信用卡支付|集分宝,智能设备,智能家庭,智能排插,,,2021-05-29,04:00:00,4天14时33分5秒,六,http://item.taobao.com/item.htm?id=642026424762,https://kandianbao.com/item/642026424762/, 
133,https://img.alicdn.com/imgextra/i4/2208289813364/O1CN01ZnAcKN1ail0GIS2CW_!!0-item_pic.jpg,多功能插座台灯家用排插转换器带USB卧室床头婴儿喂奶夜灯充电器卧室学生遥控定时扦座面板多孔魔方护眼台灯,	631698384532,,27.7,38.8,55.4,77.6,50.00%,9,44546,0,72,655,0.46%,2314.08,0.52%,21051.7,672,126,0,,,超值优惠|淘金币抵3%,7天无理由|运费险|公益宝贝|蚂蚁花呗|信用卡支付|集分宝,智能设备,智能家庭,智能排插,,,2021-05-29,04:00:00,4天14时33分5秒,六,http://item.taobao.com/item.htm?id=631698384532,https://kandianbao.com/item/631698384532/,亮度可以调节(3);价格便宜(3);质量很好(4);售后态度很好(2);很实用(5);小巧(3)
134,https://img.alicdn.com/imgextra/i1/2208289813364/O1CN01XbqUDC1ail2WjxKl7_!!0-item_pic.jpg,智能立式USB插座可收纳带线塔式立体排插可收线隐形魔方插线板家用超薄多功能插板面板多孔学生宿舍接拖线板,	642818786626,,35.8,92.8,71.6,185.6,50.00%,24,47892,0,74,94,0.47%,4336.4,0.97%,5508.4,30,15,0,,,超值优惠|淘金币抵3%,7天无理由|运费险|公益宝贝|蚂蚁花呗|信用卡支付|集分宝,智能设备,智能家庭,智能排插,,,2021-05-30,03:00:00,5天13时33分5秒,日,http://item.taobao.com/item.htm?id=642818786626,https://kandianbao.com/item/642818786626/, 
135,https://img.alicdn.com/imgextra/i1/2208289813364/O1CN01dUme5k1ail2QwCp8T_!!0-item_pic.jpg,桌面个性插座木纹装饰插板艺术床头柜排插带usb接插线板多用功能创意家用爬墙插排面板多孔办公客厅拖线板,	643395517610,,14.8,43.8,29.6,87.6,50.00%,24,47924,0,75,93,0.48%,1980,0.44%,2455.2,48,10,0,,,超值优惠|淘金币抵3%,7天无理由|运费险|公益宝贝|蚂蚁花呗|信用卡支付|集分宝,智能设备,智能家庭,智能排插,,,2021-05-27,04:00:00,2天14时33分5秒,四,http://item.taobao.com/item.htm?id=643395517610,https://kandianbao.com/item/643395517610/, 
136,https://img.alicdn.com/imgextra/i2/2208289813364/O1CN01o9jnlZ1aikzEmP7OP_!!0-item_pic.jpg,usb插座插排多功能家用插线板宿舍学生排插多用圆形可爱拖线板电源扦座面板多孔插板固定墙上贴带长线接线板,	627669207548,,7.9,36.8,15.8,73.6,50.00%,24,23096,0,76,854,0.49%,1478.96,0.33%,16618.84,196,166,0,,,超值优惠|淘金币抵3%,7天无理由|运费险|公益宝贝|蚂蚁花呗|信用卡支付|集分宝,智能设备,智能家庭,智能排插,,,2021-05-25,03:18:00,13时51分5秒,二,http://item.taobao.com/item.htm?id=627669207548,https://kandianbao.com/item/627669207548/,很适用(2);质量非常好(4);使用起来方便(2);很实用(3);和描述相符(2);物美价廉(3)
137,https://img.alicdn.com/imgextra/i2/2208289813364/O1CN01bIl9o51aikyOmgY6x_!!0-item_pic.jpg,家用办公可移动爬墙智能插座面板多孔多功能带USB充电排插创意多用电源插线板学生宿舍接拖线板可爱插板带线,	622353150481,,26.8,48.8,53.6,97.6,50.00%,24,173161,0,76,1724,0.49%,2705.6,0.61%,61374.4,3288,338,0,,,超值优惠|淘金币抵3%,7天无理由|运费险|公益宝贝|蚂蚁花呗|信用卡支付|集分宝,智能设备,智能家庭,智能排插,,,2021-05-28,15:00:00,4天1时33分5秒,五,http://item.taobao.com/item.htm?id=622353150481,https://kandianbao.com/item/622353150481/,好大一个(2);和图片一样(2);反应速度灵敏(2);外型好看(8);质量不错(7);很实用(6)
138,https://img.alicdn.com/imgextra/i1/2208289813364/O1CN01ySCqU01aikzQ1t2IC_!!2-item_pic.png,创意定时通断电防过充10a转16a大功率空调插座无线插头转换器带USB智能快充多功能一转多孔排插家用热水器插,	627495921615,,19.5,23.5,39,47,50.00%,4,3738,0,78,240,0.50%,1645.7999999999997,0.37%,5063.999999999999,98,40,0,,,超值优惠|淘金币抵3%,7天无理由|运费险|公益宝贝|蚂蚁花呗|信用卡支付|集分宝,智能设备,智能家庭,智能排插,,,2021-05-29,03:35:00,4天14时8分5秒,六,http://item.taobao.com/item.htm?id=627495921615,https://kandianbao.com/item/627495921615/, 
139,https://img.alicdn.com/imgextra/i2/2208289813364/O1CN015fiUOi1ail2AGU3w2_!!0-item_pic.jpg,多功能插座面板多孔多用插排usb插板扩展学生宿舍插线板长线少女心粉排插可爱迷你接拖线板家用爬墙卡通扦座,	640947724093,,8.8,31.8,17.6,63.6,50.00%,24,47865,0,80,134,0.51%,1440,0.32%,2412,8,17,0,,,超值优惠|淘金币抵3%,7天无理由|运费险|公益宝贝|蚂蚁花呗|信用卡支付|集分宝,智能设备,智能家庭,智能排插,,,2021-05-26,05:00:00,1天15时33分5秒,三,http://item.taobao.com/item.htm?id=640947724093,https://kandianbao.com/item/640947724093/, 
140,https://img.alicdn.com/imgextra/i1/2208289813364/O1CN01BDc83D1aikzjv4rqp_!!0-item_pic.jpg,自接线插座不带线排插独立开关带usb多孔分控接线板家插线板用无线插板多功能插排自己接线拖线板,	630238255370,,8.8,34.8,17.6,69.6,50.00%,24,47168,0,82,786,0.52%,1574.4000000000003,0.35%,15091.200000000003,340,186,0,,,超值优惠|淘金币抵3%,7天无理由|运费险|公益宝贝|蚂蚁花呗|信用卡支付|集分宝,智能设备,智能家庭,智能排插,,,2021-05-29,04:42:00,4天15时15分5秒,六,http://item.taobao.com/item.htm?id=630238255370,https://kandianbao.com/item/630238255370/,开关独立(2);多次回购(4);质量好(6);材质非常好(2);物流很棒(4);商家服务很好(6)
141,https://img.alicdn.com/imgextra/i4/2208289813364/O1CN01TChhUn1ail2QJHYBY_!!0-item_pic.jpg,带小夜灯插座转换器一转多薄款万能转换插头无线电源扩展器多功能带usb排插家用多孔面板创意接插线板不带线,	643466059665,,5.8,26.8,11.6,53.6,50.00%,24,47901,0,94,104,0.60%,1334.8,0.30%,1476.8,22,24,0,,,超值优惠|淘金币抵3%,7天无理由|运费险|公益宝贝|蚂蚁花呗|信用卡支付|集分宝,智能设备,智能家庭,智能排插,,,2021-05-27,04:00:00,2天14时33分5秒,四,http://item.taobao.com/item.htm?id=643466059665,https://kandianbao.com/item/643466059665/, 
142,https://img.alicdn.com/imgextra/i2/2208289813364/O1CN016I9MHl1ail2cXGhg7_!!0-item_pic.jpg,智能LED台灯学习阅读专用护眼自然光一体式插座面板多孔USB接插线板卧室床头喂奶灯创意可爱夜灯扦座学生宿舍,	643991546764,,18.8,39.8,37.6,79.6,50.00%,24,47902,0,94,101,0.60%,2556.8,0.57%,2747.2000000000003,28,13,0,,,超值优惠|淘金币抵3%,7天无理由|运费险|公益宝贝|蚂蚁花呗|信用卡支付|集分宝,智能设备,智能家庭,智能排插,,,2021-05-31,05:00:00,6天15时33分5秒,一,http://item.taobao.com/item.htm?id=643991546764,https://kandianbao.com/item/643991546764/, 
143,https://img.alicdn.com/imgextra/i1/2208289813364/O1CN01QCyFoh1aikytUmnyM_!!0-item_pic.jpg,10A转16A转换插头家用空调插座大三孔无线大功率转换器热水器专用16a转10a扦座油汀取暖电源大功率转换器插排,	625099145630,,8.8,31.8,17.6,63.6,50.00%,10,9530,0,98,439,0.63%,1764,0.40%,7902,126,91,0,,,超值优惠|淘金币抵3%,7天无理由|运费险|公益宝贝|蚂蚁花呗|信用卡支付|集分宝,智能设备,智能家庭,智能排插,,,2021-05-30,03:00:00,5天13时33分5秒,日,http://item.taobao.com/item.htm?id=625099145630,https://kandianbao.com/item/625099145630/,价格便宜(2);质量很好(2);外形美观(2)
144,https://img.alicdn.com/imgextra/i1/2208289813364/O1CN010xVXJl1ail0l0tPfG_!!0-item_pic.jpg,多功能USB排插一转多三四智能防雷扦座创意家用万能多头转换插头无线插座面板多孔不带线分控多位充电拓展器,	635450015560,,5.1,33.8,10.2,67.6,50.00%,18,35206,0,107,770,0.68%,1774.0599999999997,0.40%,12766.599999999999,168,127,0,,,超值优惠|淘金币抵3%,7天无理由|运费险|公益宝贝|蚂蚁花呗|信用卡支付|集分宝,智能设备,智能家庭,智能排插,,,2021-05-28,05:00:00,3天15时33分5秒,五,http://item.taobao.com/item.htm?id=635450015560,https://kandianbao.com/item/635450015560/,很便捷(2)
145,https://img.alicdn.com/imgextra/i4/2208289813364/O1CN01dnxR1w1aikzD2yIwR_!!0-item_pic.jpg,创意可拆分离式usb插座智能家用插板小型旅行插排贴墙接插线板多功能拖线板宿舍学生面板多孔转换器电源排插,	625964900050,,14.8,45.8,29.6,91.6,50.00%,18,17292,0,110,678,0.70%,2992.0000000000005,0.67%,18441.600000000002,692,140,0,,,超值优惠|淘金币抵3%,7天无理由|运费险|公益宝贝|蚂蚁花呗|信用卡支付|集分宝,智能设备,智能家庭,智能排插,,,2021-05-27,04:00:00,2天14时33分5秒,四,http://item.taobao.com/item.htm?id=625964900050,https://kandianbao.com/item/625964900050/,充电很快(2);价格便宜(4);质量太棒(2)
146,https://img.alicdn.com/imgextra/i1/2208289813364/O1CN01W8389r1aikydqsckV_!!0-item_pic.jpg,立式插座旋转可收纳拖线板插排usb充电插板伸缩插线板长线宿舍学生神器插座面板多孔家用过载保护多口接线板,	623958211106,,34.92,76.32,77.6,169.6,45.00%,24,23119,0,122,850,0.78%,6280.56,1.41%,43758,560,135,0,,,超值优惠|淘金币抵3%,7天无理由|运费险|公益宝贝|蚂蚁花呗|信用卡支付|集分宝,智能设备,智能家庭,智能排插,,,2021-05-30,16:00:00,6天2时33分5秒,日,http://item.taobao.com/item.htm?id=623958211106,https://kandianbao.com/item/623958211106/,质量不错(5);使用起来方便(2);方便(3);物有所值(2);体型好看(11);质量不行(2)
147,https://img.alicdn.com/imgextra/i1/2208289813364/O1CN01Zq6Hq91ail1vXuaSQ_!!0-item_pic.jpg,多功能卡通个性接线板学生宿舍智能插排固定墙上贴插座面板多孔可爱少女粉迷你USB插板家用创意带线拖插线板,	640033262415,,7.5,36.8,15,73.6,50.00%,24,47467,0,129,516,0.82%,2479.3799999999997,0.56%,9917.519999999999,162,131,0,,,超值优惠|淘金币抵3%,7天无理由|运费险|公益宝贝|蚂蚁花呗|信用卡支付|集分宝,智能设备,智能家庭,智能排插,,,2021-05-28,04:00:00,3天14时33分5秒,五,http://item.taobao.com/item.htm?id=640033262415,https://kandianbao.com/item/640033262415/,设计美观(2);不占空间(2);安全性高(4);质量很好(23);充电方便(5);颜色搭配好看(5)
148,https://img.alicdn.com/imgextra/i3/2208289813364/O1CN01AeGA7F1ail2dnkk7U_!!0-item_pic.jpg,多功能台灯学习专用学生宿舍护眼灯USB插座调光小台灯卧室睡眠床头灯儿童家用暖灯插电式小夜灯婴儿喂奶女生,	644384607727,,18.8,39.8,37.6,79.6,50.00%,24,47865,0,132,138,0.84%,3590.4000000000005,0.81%,3753.6000000000004,54,19,0,,,超值优惠|淘金币抵3%,7天无理由|运费险|公益宝贝|蚂蚁花呗|信用卡支付|集分宝,智能设备,智能家庭,智能灯光,,,2021-05-25,03:21:36,13时54分41秒,二,http://item.taobao.com/item.htm?id=644384607727,https://kandianbao.com/item/644384607727/, 
149,https://img.alicdn.com/imgextra/i4/2208289813364/O1CN01XZZ7Qa1ail0KKOtQ0_!!0-item_pic.jpg,定时器扦座电源自动断电预约开关插座倒计时保护器智能防过充USB插座家用创意多用插线板多功能桌面拖接线板,	631779352198,,9.8,59.5,19.6,119,50.00%,24,46227,0,140,1698,0.89%,4155.2,0.93%,50396.64,1690,509,0,,,超值优惠|淘金币抵3%,7天无理由|运费险|公益宝贝|蚂蚁花呗|信用卡支付|集分宝,智能设备,智能家庭,智能排插,,,2021-05-30,05:00:00,5天15时33分5秒,日,http://item.taobao.com/item.htm?id=631779352198,https://kandianbao.com/item/631779352198/,材质很细致(10);自动断电(4);安全性高(16);质量好(74);尺码大小合适(5);定时不省心(2)
150,https://img.alicdn.com/imgextra/i4/2208289813364/O1CN01iXWEuN1ail2GcPuuI_!!0-item_pic.jpg,创意桌面插线板插座面板多孔多功能插排家用短线1米智能插排USB可爱插板带线固定墙上贴小型拖接线板学生宿舍,	641319565462,,8.8,31.8,17.6,63.6,50.00%,24,47743,0,144,250,0.92%,2592,0.58%,4500,62,43,0,,,超值优惠|淘金币抵3%,7天无理由|运费险|公益宝贝|蚂蚁花呗|信用卡支付|集分宝,智能设备,智能家庭,智能排插,,,2021-05-26,04:00:00,1天14时33分5秒,三,http://item.taobao.com/item.htm?id=641319565462,https://kandianbao.com/item/641319565462/, 
151,https://img.alicdn.com/imgextra/i4/2208289813364/O1CN01G92RLi1aikzW7mm7I_!!0-item_pic.jpg,无线多功能转换器插座带USB喂奶小夜灯插排插板家用电源接插拖线板学生可爱排插一转二三四五六多插孔位扦座,	628418145602,,5.1,30.5,10.2,61,50.00%,24,33977,0,148,1983,0.94%,2258.48,0.51%,30260.58,474,372,0,,,超值优惠|淘金币抵3%,7天无理由|运费险|公益宝贝|蚂蚁花呗|信用卡支付|集分宝,智能设备,智能家庭,智能排插,,,2021-05-26,03:07:00,1天13时40分5秒,三,http://item.taobao.com/item.htm?id=628418145602,https://kandianbao.com/item/628418145602/,第2次回购(2);质量不错(6);很实用(5);外表不错(3);方便(6);商家服务很好(4)
152,https://img.alicdn.com/imgextra/i2/2208289813364/O1CN01px2GDg1aikzUFq4Eb_!!0-item_pic.jpg,家用办公智能插座面板多孔多功能带USB充电小型排插延长线创意多用可爱少女插接线板拖线板个性卡通插板带线,	628249544360,,25.8,49.8,51.6,99.6,50.00%,24,22941,0,152,1003,0.97%,5380.8,1.21%,35506.2,460,220,0,,,超值优惠|淘金币抵3%,7天无理由|运费险|公益宝贝|蚂蚁花呗|信用卡支付|集分宝,智能设备,智能家庭,智能排插,,,2021-05-29,04:33:00,4天15时6分5秒,六,http://item.taobao.com/item.htm?id=628249544360,https://kandianbao.com/item/628249544360/,质量好(2);很实用(2);质感有档次(2);物流很棒(3);物有所值(2);体型好看(5)
153,https://img.alicdn.com/imgextra/i3/2208289813364/O1CN01pNn2rv1ail0lnqLrh_!!0-item_pic.jpg,家用智能定时插座预约订时计时开关插座充电保护电瓶电动车防过充自动断电家用接线板带长线接拖线板学生宿舍,	634300529597,,16.5,55.5,33,111,50.00%,6,29539,0,154,583,0.98%,4943.400000000001,1.11%,18714.3,324,126,0,,,超值优惠|淘金币抵3%,7天无理由|运费险|公益宝贝|蚂蚁花呗|信用卡支付|集分宝,智能设备,智能家庭,智能排插,,,2021-05-28,04:00:00,3天14时33分5秒,五,http://item.taobao.com/item.htm?id=634300529597,https://kandianbao.com/item/634300529597/,操做很简单(3);价格便宜(4);材质非常好(2);使用起来方便(2);方便(3);店家发货快(2)
154,https://img.alicdn.com/imgextra/i3/2208289813364/O1CN01NrArVm1ail0KANgv0_!!0-item_pic.jpg,自接线插板不带线10a转16a插座无线插排插线板16A大功率热水器空调自装电源线工程工地工业排插带开关大三孔,	632807887401,,9.8,24.8,19.6,49.6,50.00%,5,4478,0,165,495,1.05%,2607.0000000000005,0.58%,7821.000000000001,280,107,0,,,超值优惠|淘金币抵3%,7天无理由|运费险|公益宝贝|蚂蚁花呗|信用卡支付|集分宝,智能设备,智能家庭,智能排插,,,2021-05-31,05:00:00,6天15时33分5秒,一,http://item.taobao.com/item.htm?id=632807887401,https://kandianbao.com/item/632807887401/,质量很好(6);再来(2);物流很棒(4);做工很精巧(3);快递包装仔细(2)
155,https://img.alicdn.com/imgextra/i2/2208289813364/O1CN01FkFsXp1ail2Oo4M2C_!!0-item_pic.jpg,多功能智能排插创意手机无线充电支架转换器办公室魔方USB插座带线拖线板面板多孔学生插板家用立式接插线板,	643304151227,,25.8,58.8,51.6,117.6,50.00%,24,47806,0,167,191,1.07%,6513,1.46%,7449,104,35,0,,,超值优惠|淘金币抵3%,7天无理由|运费险|公益宝贝|蚂蚁花呗|信用卡支付|集分宝,智能设备,智能家庭,智能排插,,,2021-05-25,03:00:00,13时33分5秒,二,http://item.taobao.com/item.htm?id=643304151227,https://kandianbao.com/item/643304151227/,包装袋完好(2);设计感很棒(2);充电很快(4);基本功能齐全(2);外型好看(6);质量很好(8)
156,https://img.alicdn.com/imgextra/i2/2208289813364/O1CN01RvQhXv1aikyesgniM_!!0-item_pic.jpg,带usb插板带线小魔方插座转换器usb插头分插器可爱无线排插家用多功能充电插线板插座面板多孔学生宿舍接线板,	622892916580,,11.8,49.8,23.6,99.6,50.00%,6,4531,0,177,1406,1.13%,4779,1.07%,37962,816,335,0,,,超值优惠|淘金币抵3%,7天无理由|运费险|公益宝贝|蚂蚁花呗|信用卡支付|集分宝,智能设备,智能家庭,智能排插,,,2021-05-28,01:34:14,3天12时7分19秒,五,http://item.taobao.com/item.htm?id=622892916580,https://kandianbao.com/item/622892916580/,充电很快(2);携带起来方便(2);质量很好(9);很实用(3);小巧(4);物流配送慢(2)
157,https://img.alicdn.com/imgextra/i3/2208289813364/O1CN01EmVs341ail1e0RKxK_!!0-item_pic.jpg,智能带夜灯插座转换插头分插器多头扦座面板多孔墙壁扩展带开关多用功能转换器一拖多孔床头充电无线接插线板,	638861095183,,5.1,30.8,10.2,61.6,50.00%,24,47246,0,183,732,1.17%,2814.54,0.63%,11258.16,128,148,0,,,超值优惠|淘金币抵3%,7天无理由|运费险|公益宝贝|蚂蚁花呗|信用卡支付|集分宝,智能设备,智能家庭,智能排插,,,2021-05-26,05:00:00,1天15时33分5秒,三,http://item.taobao.com/item.htm?id=638861095183,https://kandianbao.com/item/638861095183/,使用正常(2);设计很好(2);价格便宜(17);质量不错(8);售后态度很好(6);包装完好(3)
158,https://img.alicdn.com/imgextra/i3/2208289813364/O1CN01b22ac01aikyqi4sLW_!!0-item_pic.jpg,智能插座台灯一体式多功能排插护眼夜灯插座面板多孔usb插板家用插排拖线板卧室床头灯宿舍学生带线接插线板,	625246431186,,19.8,46.8,39.6,93.6,50.00%,10,48275,0,191,2806,1.22%,5844.6,1.31%,85863.6,1570,549,0,,,超值优惠|淘金币抵3%,7天无理由|运费险|公益宝贝|蚂蚁花呗|信用卡支付|集分宝,智能设备,智能家庭,智能排插,,,2021-05-30,05:13:09,5天15时46分14秒,日,http://item.taobao.com/item.htm?id=625246431186,https://kandianbao.com/item/625246431186/,智能功能ok(3);充电效果很好(2);宿舍神器(2);响应好(3);价格便宜(17);小了点(2)
159,https://img.alicdn.com/imgextra/i4/2208289813364/O1CN01IDdHHb1ail2842lqE_!!0-item_pic.jpg,可爱少女粉多功能迷你小夜灯插板固定墙上贴带线家用梅花插座面板多孔创意usb排插带喂奶灯个性卡通接插线板,	640346593888,,23.8,51.8,47.6,103.6,50.00%,24,47518,0,230,472,1.47%,8050,1.81%,16520,150,102,0,,,超值优惠|淘金币抵3%,7天无理由|运费险|公益宝贝|蚂蚁花呗|信用卡支付|集分宝,智能设备,智能家庭,智能排插,,,2021-05-27,04:00:00,2天14时33分5秒,四,http://item.taobao.com/item.htm?id=640346593888,https://kandianbao.com/item/640346593888/,安全系数放心(4);不占空间(2);性比价极高(6);插孔很多(2);使用过程简单(2);质量很好(17)
160,https://img.alicdn.com/imgextra/i2/2208289813364/O1CN01jiAxdh1ail2CgzZDS_!!0-item_pic.jpg,创意USB插座可爱魔方转换器扩展插排迷你多功能插头电源面板多孔家用无线接插线板多用充电器小型插板转接头,	641057541783,,8.8,18.8,17.6,37.6,50.00%,6,11621,0,239,370,1.53%,3059.2000000000003,0.69%,4736,76,61,0,,,超值优惠|淘金币抵3%,7天无理由|运费险|公益宝贝|蚂蚁花呗|信用卡支付|集分宝,智能设备,智能家庭,智能排插,,,2021-05-29,04:00:00,4天14时33分5秒,六,http://item.taobao.com/item.htm?id=641057541783,https://kandianbao.com/item/641057541783/, 
161,https://img.alicdn.com/imgextra/i3/2208289813364/O1CN01cO3sO61ail2ZeY58x_!!0-item_pic.jpg,多功能插座台灯创意简约现代书桌灯时尚卧室家用床头灯插电遥控小夜灯婴儿喂奶儿童护眼LED台灯学习阅读专用,	642617829770,,18.8,53.8,37.6,107.6,50.00%,24,47726,0,246,275,1.57%,8068.799999999999,1.81%,9020,190,71,0,,,超值优惠|淘金币抵3%,7天无理由|运费险|公益宝贝|蚂蚁花呗|信用卡支付|集分宝,智能设备,智能家庭,智能灯光,,,2021-05-25,04:00:00,14时33分5秒,二,http://item.taobao.com/item.htm?id=642617829770,https://kandianbao.com/item/642617829770/,能充电(4);没有闪频(2);亮度充足(4);产品功能强大(5);发光很漂亮(15);质量方面很好(5)
162,https://img.alicdn.com/imgextra/i4/2208289813364/O1CN019OxWJV1aikzVQifCA_!!0-item_pic.jpg,移动接插线板学生宿舍智能插排插座面板多孔创意多功能短线1米扦座USB插板带线可爱小型迷你拖线板家用可爬墙,	627594652258,,6.9,27.8,13.8,55.6,50.00%,24,45746,0,336,2172,2.15%,5127.360000000001,1.15%,33144.72,874,376,0,,,超值优惠|淘金币抵3%,7天无理由|运费险|公益宝贝|蚂蚁花呗|信用卡支付|集分宝,智能设备,智能家庭,智能排插,,,2021-05-28,03:18:00,3天13时51分5秒,五,http://item.taobao.com/item.htm?id=627594652258,https://kandianbao.com/item/627594652258/,无论是外观(5);价格便宜(3);质量不错(5);方便(2);做工很精巧(3);质量不好(2)
163,https://img.alicdn.com/imgextra/i1/2208289813364/O1CN01kZhkir1aikzeT63Zr_!!0-item_pic.jpg,智能LED插座台灯一体式多功能带USB接插线板家用多孔排插学生可爱宿舍床上小夜灯创意转换器无线多功能拖线板,	629734146087,,21.9,73.8,43.8,147.6,50.00%,24,119843,0,345,4418,2.20%,14717.699999999999,3.30%,188471.87999999998,2314,829,0,,,超值优惠|淘金币抵3%,7天无理由|运费险|公益宝贝|蚂蚁花呗|信用卡支付|集分宝,智能设备,智能家庭,智能排插,,,2021-05-27,03:24:00,2天13时57分5秒,四,http://item.taobao.com/item.htm?id=629734146087,https://kandianbao.com/item/629734146087/,不占位置(2);质量很好(19);材质非常好(2);会回购(7);多功能(9);做工细节一般(3)
164,https://img.alicdn.com/imgextra/i3/2208289813364/O1CN01LnVjm51ail2O0uHYE_!!0-item_pic.jpg,魔方小插座面板多孔立式扦座带线usb插排可爱接插线板迷你学生宿舍拖线板多功能旅行便携插板小型带夜灯排插,	642725019447,,15.8,40.8,31.6,81.6,50.00%,12,23579,0,357,407,2.28%,9210.6,2.07%,10500.6,224,83,0,,,超值优惠|淘金币抵3%,7天无理由|运费险|公益宝贝|蚂蚁花呗|信用卡支付|集分宝,智能设备,智能家庭,智能排插,,,2021-05-31,04:00:00,6天14时33分5秒,一,http://item.taobao.com/item.htm?id=642725019447,https://kandianbao.com/item/642725019447/,很可靠(3);价格便宜(3);质量很好(16);使用起来方便(2);很实用(5);物流很棒(4)
165,https://img.alicdn.com/imgextra/i3/2208289813364/O1CN01KDd1a31aikyUlhGRs_!!0-item_pic.jpg,创意短线插排万能插座转换器面板多孔多功能接插线板usb电源无线插板分控开关多位家用可贴墙厨房排插拖线板,	623045472483,,10.5,46.8,21,93.6,50.00%,24,27049,0,387,5499,2.47%,9682.74,2.17%,137584.98,3220,1210,0,,,超值优惠|淘金币抵3%,7天无理由|运费险|公益宝贝|蚂蚁花呗|信用卡支付|集分宝,智能设备,智能家庭,智能排插,,,2021-05-30,03:16:00,5天13时49分5秒,日,http://item.taobao.com/item.htm?id=623045472483,https://kandianbao.com/item/623045472483/,设计无比好看(9);质感强(2);送的小礼物(5);内包装无破损(7);安全性高(2);质量不好(4)
166,https://img.alicdn.com/imgextra/i1/2208289813364/O1CN01HGlo2B1ail0GTRnBO_!!0-item_pic.jpg,创意圆形可绕线收纳线小插板隐形线路带usb排插多功能家用短线1米家用扦座面板多孔迷你贴墙多用插盘接插线板,	632047445191,,15.79,41.17,33.6,87.6,47.00%,24,71454,0,547,7274,3.49%,14190.274,3.18%,188702.108,4720,1388,0,,,超值优惠|淘金币抵3%,7天无理由|运费险|公益宝贝|蚂蚁花呗|信用卡支付|集分宝,智能设备,智能家庭,智能排插,,,2021-05-29,05:09:45,4天15时42分50秒,六,http://item.taobao.com/item.htm?id=632047445191,https://kandianbao.com/item/632047445191/,送的小夜灯好(14);充电很快(2);很耐用(4);设计很好(30);携带起来方便(4);有点买短了(3)
167,https://img.alicdn.com/imgextra/i1/2208289813364/O1CN01zCd0or1ail2JK17Kb_!!0-item_pic.jpg,魔方智能桌面插座面板多孔带USB接插线板电插板家用多功能插排插头可爱手机无线充电支架转换器办公室拖线板,	642170527294,,25.8,58.8,51.6,117.6,50.00%,24,47145,0,583,827,3.72%,22737,5.10%,32253,1262,198,0,,,超值优惠|淘金币抵3%,7天无理由|运费险|公益宝贝|蚂蚁花呗|信用卡支付|集分宝,智能设备,智能家庭,智能排插,,,2021-05-28,03:00:00,3天13时33分5秒,五,http://item.taobao.com/item.htm?id=642170527294,https://kandianbao.com/item/642170527294/,设计感很棒(3);安全性高(6);插排给力(2);质量好(21);外型好看(15);充电方便(13)
168,https://img.alicdn.com/imgextra/i2/2208289813364/O1CN01BWJWOO1aikzTFYab1_!!0-item_pic.jpg,家用16A转10A无线转换插头16A大功率电源转换器热水器空调专用插座一转二带开关转换头16安插线板大三孔插排,	627884524914,,8.8,25.8,17.6,51.6,50.00%,5,405074,0,638,7685,4.07%,9952.800000000001,2.23%,119886.00000000001,2058,1561,0,,,超值优惠|淘金币抵3%,7天无理由|运费险|公益宝贝|蚂蚁花呗|信用卡支付|集分宝,智能设备,智能家庭,智能排插,,,2021-05-31,02:22:00,6天12时55分5秒,一,http://item.taobao.com/item.htm?id=627884524914,https://kandianbao.com/item/627884524914/,很耐用(5);安装步骤简单(2);如描述一样好(9);使用起来方便(15);很实用(39);垃圾质量(3)
169,https://img.alicdn.com/imgextra/i2/2208289813364/O1CN01jBaZuK1aikyTXhIdW_!!0-item_pic.jpg,多功能创意可移动爬墙插座面板多孔排插USB充电插板带线学生宿舍多用电源插线板5米接拖线板桌面可爱插排家用,	621371952846,,25.8,49.8,51.6,99.6,50.00%,15,71569,0,783,11273,5.00%,27718.199999999997,6.22%,399064.2,8892,2526,0,,,超值优惠|淘金币抵3%,7天无理由|运费险|公益宝贝|蚂蚁花呗|信用卡支付|集分宝,智能设备,智能家庭,智能排插,,,2021-05-30,01:05:37,5天11时38分42秒,日,http://item.taobao.com/item.htm?id=621371952846,https://kandianbao.com/item/621371952846/,图案敲可爱(3);送的小夜灯好(7);用料很用心(4);安全性高(10);能用(2);质量差(4)
170,https://img.alicdn.com/imgextra/i2/2208289813364/O1CN01dRWE5q1ail2abXGxv_!!0-item_pic.jpg,电瓶车智能定时器开关插座电动车充电保护器带线充满自动断电手机防过充插排扦座家用节电器厨房宿舍接插线板,	643287010342,,25.8,45.8,51.6,91.6,50.00%,4,7118,0,854,863,5.45%,28865.199999999997,6.48%,29169.399999999998,536,144,0,,,超值优惠|淘金币抵3%,7天无理由|运费险|公益宝贝|蚂蚁花呗|信用卡支付|集分宝,智能设备,智能家庭,智能排插,,,2021-05-29,05:00:00,4天15时33分5秒,六,http://item.taobao.com/item.htm?id=643287010342,https://kandianbao.com/item/643287010342/,给商家点个赞(3);安全性高(3);价格便宜(4);充电很方便(3);质量很好(6);很实用(4)
171,https://img.alicdn.com/imgextra/i1/2208289813364/O1CN015codFo1aikzfE6XQK_!!0-item_pic.jpg,可爱少女多功能小型插板固定墙上贴带线迷你插座面板多孔创意usb排插学生宿舍短线1米扦座个性卡通接拖插线板,	628584188590,,11.8,35.8,23.6,71.6,50.00%,24,114826,0,1164,7980,7.43%,24909.600000000002,5.59%,170772.00000000003,5346,1487,0,,,超值优惠|淘金币抵3%,7天无理由|运费险|公益宝贝|蚂蚁花呗|信用卡支付|集分宝,智能设备,智能家庭,智能排插,,,2021-05-28,18:12:00,4天4时45分5秒,五,http://item.taobao.com/item.htm?id=628584188590,https://kandianbao.com/item/628584188590/,创意漂亮(2);我喜欢的类型(2);设计很好(9);送了小礼物(17);不占地方(2);质量不怎么样(2)
172,https://img.alicdn.com/imgextra/i3/2208289813364/O1CN01x0P6yh1ail2Jrl4pJ_!!0-item_pic.jpg,全球旅游港版转换器多功能两孔转三孔插座万能转换插头日本中国香港韩国英标德标插头转换器英标转国标转换头,	641997474188,,8.8,20.8,17.6,41.6,50.00%,9,16555,0,1176,1412,7.51%,15993.600000000002,3.59%,19203.2,416,220,0,,,超值优惠|淘金币抵3%,7天无理由|运费险|公益宝贝|蚂蚁花呗|信用卡支付|集分宝,智能设备,智能家庭,智能排插,,,2021-05-25,03:00:00,13时33分5秒,二,http://item.taobao.com/item.htm?id=641997474188,https://kandianbao.com/item/641997474188/,安装步骤简单(2);安全性高(2);不占地方(2);质量很好(20);如描述一样好(2);使用起来方便(3)
173,https://img.alicdn.com/imgextra/i2/2208289813364/O1CN0104qVk91ail2PLddTg_!!0-item_pic.jpg,多功能卡通插座带夜灯可爱拖线板智能插排带usb插板面板多孔家用接插线板喂奶护眼台灯床头学生宿舍多用扦座,	642528567711,,31.8,53.8,63.6,107.6,50.00%,24,45302,0,2240,2580,14.30%,90944,20.40%,104748,4196,433,0,,,超值优惠|淘金币抵3%,7天无理由|运费险|公益宝贝|蚂蚁花呗|信用卡支付|集分宝,智能设备,智能家庭,智能排插,,,2021-05-28,04:00:00,3天14时33分5秒,五,http://item.taobao.com/item.htm?id=642528567711,https://kandianbao.com/item/642528567711/,颜色适合(5);插座安全(8);很耐用(2);安全性高(2);亮度可以调节(17);不会刺眼(5)
,,,,,,,,,,,,,30天销量总计,,,30天销售额总计,,,收藏数总计,,分享量总计,,,,,,,,,,,,,,,,
,,,,,,,,,,,,,15662,,,445699.19399999996,,,69122,,0,,,,,,,,,,,,,,,,
序号,主图,标题,宝贝id,货号,销售价最低,销售价最高,原价最低,原价最高,折扣率,sku数量,库存,邮费,30天销量,总销量,占全店销量比例,30天销售额,占全店销售额比例,总销售额,收藏数,评价数,PC总分享量,宝贝促销,店铺促销,活动促销,服务保证,一级类目,二级类目,三级类目,宝贝创建时间,宝贝创建时长,下架日期,下架时间,天数,星期,宝贝地址,分析地址,评价标签
数据下载时间：2021-05-24 13:26:58 功能：看店宝【kandianbao.com】全店宝贝 相关查询网址：https://kandianbao.com/dian/都顿旗舰店,,,,,,,,,,,,,,,,,,,,,,,,,,,,,,,,,,,,,