数据下载时间：2021-05-22 22:33:19 功能：看店宝【kandianbao.com】全店宝贝 相关查询网址：https://kandianbao.com/dian/利仁电器旗舰店,,,,,,,,,,,,,,,,,,,,,,,,,,,,,,,,,,,,,
序号,主图,标题,宝贝id,货号,销售价最低,销售价最高,原价最低,原价最高,折扣率,sku数量,库存,邮费,30天销量,总销量,占全店销量比例,30天销售额,占全店销售额比例,总销售额,收藏数,评价数,PC总分享量,宝贝促销,店铺促销,活动促销,服务保证,一级类目,二级类目,三级类目,宝贝创建时间,宝贝创建时长,下架日期,下架时间,天数,星期,宝贝地址,分析地址,评价标签
1,https://img.alicdn.com/imgextra/i1/848066728/O1CN01TsCpN21zZTMcg3fqP_!!0-item_pic.jpg,利仁DGJ-421多功能蛋糕机家用全自动迷你煎蛋机烘培机自动断电,	564355540548,,89.0,89.0,199,199,44.72%,1,4,0,0,627,0,0,0,55803,2860,108,0,,,专属优惠,7天无理由|运费险|公益宝贝|蚂蚁花呗|信用卡支付|集分宝,厨房电器,电饼铛/华夫饼机/薄饼机,电饼铛/华夫饼机/薄饼机,,,2021-05-24,14:30:34,1天15时57分19秒,一,http://item.taobao.com/item.htm?id=564355540548,https://kandianbao.com/item/564355540548/, 
2,https://img.alicdn.com/imgextra/i1/848066728/O1CN01nuv2XK1zZTPWUEKJ8_!!848066728.jpg,利仁电火锅锅宿舍多功能电热锅家用不粘锅电炒锅电煮锅一体式电锅,	629563278292,,159.0,159.0,299,299,53.18%,2,99,0,0,70,0,0,0,11130,228,17,0,,,专属优惠,7天无理由|运费险|蚂蚁花呗|信用卡支付|集分宝,厨房电器,电热/火锅,电热/火锅,,,2021-05-28,14:14:21,5天15时41分6秒,五,http://item.taobao.com/item.htm?id=629563278292,https://kandianbao.com/item/629563278292/, 
3,https://img.alicdn.com/imgextra/i1/848066728/O1CN01IIge8f1zZTPDFGZqJ_!!848066728-0-lubanu-s.jpg,利仁电磁炉DCL-W2101家用火锅炒菜节能一体锅大功率多功能电磁炉,	642738680851,DCL-W2101,219.0,219.0,499,499,43.89%,1,1000,0,0,0,0,0,0,0,10,0,0,,,专属优惠,7天无理由|运费险|蚂蚁花呗|信用卡支付|集分宝,厨房电器,电磁炉/陶炉,电磁炉/陶炉,,,2021-05-24,16:22:33,1天17时49分18秒,一,http://item.taobao.com/item.htm?id=642738680851,https://kandianbao.com/item/642738680851/, 
4,https://img.alicdn.com/imgextra/i4/848066728/O1CN01fwTla31zZTPZVdYe8_!!848066728.jpg,利仁鸳鸯电火锅锅家用多功能电热锅分体大容量宿舍电煮锅2-4-6人,	629847439086,,239.0,239.0,499,499,47.90%,1,99,0,0,171,0,0,0,40869,596,29,0,,,专属优惠,7天无理由|运费险|蚂蚁花呗|信用卡支付|集分宝,厨房电器,电热/火锅,电热/火锅,,,2021-05-28,14:11:41,5天15时38分26秒,五,http://item.taobao.com/item.htm?id=629847439086,https://kandianbao.com/item/629847439086/, 
5,https://img.alicdn.com/imgextra/i4/848066728/O1CN01eQSF0O1zZTNVQqv2u_!!848066728.jpg,利仁电火火锅锅多功能家用电煮锅分体式电热锅大容量煮面锅电炒锅,	636868816411,,339.0,399.0,799,799,49.94%,4,2181,0,0,18,0,0,0,6534,82,8,0,,,专属优惠,7天无理由|运费险|蚂蚁花呗|信用卡支付|集分宝,厨房电器,电热/火锅,电热/火锅,,,2021-05-27,11:01:24,4天12时28分9秒,四,http://item.taobao.com/item.htm?id=636868816411,https://kandianbao.com/item/636868816411/, 
6,https://img.alicdn.com/imgextra/i1/848066728/O1CN01jDdXly1zZTNCESiTy_!!848066728-0-lubanu-s.jpg,利仁落地式加湿器家用静音卧室办公室智能恒湿空调空气净化香薰机,	612778087120,JSD-D50,399.0,399.0,799,799,49.94%,1,546,0,0,46,0,0,0,18354,86,7,0,,,专属优惠,7天无理由|运费险|蚂蚁花呗|信用卡支付|集分宝,生活电器,加湿器,加湿器,,,2021-05-23,14:56:07,16时22分52秒,日,http://item.taobao.com/item.htm?id=612778087120,https://kandianbao.com/item/612778087120/, 
7,https://img.alicdn.com/imgextra/i3/848066728/O1CN01a3Oymd1zZTOLI2Vrn_!!848066728.jpg,利仁恒温热水壶电热水壶家用恒温壶烧水壶保温一体全自动电开水壶,	638374403092,,399.0,399.0,599,599,66.61%,1,99,0,0,70,0,0,0,27930,132,15,0,,,专属优惠,7天无理由|运费险|蚂蚁花呗|信用卡支付|集分宝,厨房电器,电热水壶,电热水壶,,,2021-05-25,13:47:15,2天15时14分0秒,二,http://item.taobao.com/item.htm?id=638374403092,https://kandianbao.com/item/638374403092/, 
8,https://img.alicdn.com/imgextra/i4/848066728/O1CN01Rys3rN1zZTPUFqTns_!!848066728-0-lubanu-s.jpg,利仁空气炸锅家用新款网红大容量智能无油电炸锅薯条机4L,	645116214569,,399.0,399.0,499,499,79.96%,1,300,0,0,0,0,0,0,0,4,0,0,,,热卖促销,7天无理由|运费险|蚂蚁花呗|信用卡支付|集分宝,厨房电器,空气炸锅,空气炸锅,,,2021-05-27,11:03:31,4天12时30分16秒,四,http://item.taobao.com/item.htm?id=645116214569,https://kandianbao.com/item/645116214569/, 
9,https://img.alicdn.com/imgextra/i3/848066728/O1CN01ytoXZY1zZTPBKqU9P_!!848066728-0-lubanu-s.jpg,利仁多用料理机家用小型磨粉机电动碎果蔬榨汁宝宝辅食干湿两用,	612360448728,,409.0,409.0,499,499,81.96%,1,494,0,0,86,0,0,0,35174,388,16,0,,,优惠促销,7天无理由|运费险|蚂蚁花呗|信用卡支付|集分宝,厨房电器,搅拌/料理机,搅拌/料理机,,,2021-05-28,00:00:00,5天1时26分45秒,五,http://item.taobao.com/item.htm?id=612360448728,https://kandianbao.com/item/612360448728/, 
10,https://img.alicdn.com/imgextra/i1/848066728/O1CN01AZsPUO1zZTOaLmfX5_!!848066728-0-lubanu-s.jpg,利仁高温蒸汽拖把电动家用一拖净多功能懒人电器拖地除垢地板清洁,	627268619658,,409.0,409.0,1299,1299,31.49%,1,386,0,0,377,0,0,0,154193,1720,76,0,,,热卖促销,7天无理由|运费险|蚂蚁花呗|信用卡支付|集分宝,生活电器,蒸汽拖把,蒸汽拖把,,,2021-05-28,14:14:08,5天15时40分53秒,五,http://item.taobao.com/item.htm?id=627268619658,https://kandianbao.com/item/627268619658/,拖的地很干净(2);好用的很(5);线够长(2);客服的服务好(2);价格很值得(3)
11,https://img.alicdn.com/imgextra/i4/848066728/O1CN01oEg3p91zZTNFghbPC_!!848066728-0-lubanu-s.jpg,利仁蒸汽拖把高温消毒家庭洗地机电动蒸气清洁机家用非无线全自动,	632538807600,,429.0,429.0,499,499,85.97%,1,500,0,0,0,0,0,0,0,22,0,0,,,热卖促销,7天无理由|运费险|蚂蚁花呗|信用卡支付|集分宝,生活电器,蒸汽拖把,蒸汽拖把,,,2021-05-27,11:36:00,4天13时2分45秒,四,http://item.taobao.com/item.htm?id=632538807600,https://kandianbao.com/item/632538807600/, 
12,https://img.alicdn.com/imgextra/i4/848066728/O1CN01vOVXAu1zZTNt20tAq_!!848066728.jpg,利仁电火火锅锅家用电煮锅多功能料理锅电炒锅网红锅电热煮面锅g7,	629858459785,,459.0,459.0,899,899,51.06%,1,99,0,0,18,0,0,0,8262,232,4,0,,,专属优惠,7天无理由|运费险|蚂蚁花呗|信用卡支付|集分宝,厨房电器,电热/火锅,电热/火锅,,,2021-05-25,13:49:34,2天15时16分19秒,二,http://item.taobao.com/item.htm?id=629858459785,https://kandianbao.com/item/629858459785/, 
13,https://img.alicdn.com/imgextra/i3/848066728/O1CN01nqsYnT1zZTN7UipwW_!!848066728-0-lubanu-s.jpg,利仁香薰精油仁空气加湿器家用静音卧室孕妇婴儿杀菌除螨大雾量,	611913212811,JSQ-D20,499.0,499.0,499.0,499.0,100.00%,1,592,0,0,84,0,0,0,41916,194,23,0,,,,7天无理由|运费险|蚂蚁花呗|信用卡支付|集分宝,生活电器,加湿器,加湿器,,,2021-05-23,14:52:05,16时18分50秒,日,http://item.taobao.com/item.htm?id=611913212811,https://kandianbao.com/item/611913212811/, 
14,https://img.alicdn.com/imgextra/i2/848066728/O1CN01BsrPeo1zZTNGxMav8_!!848066728-0-lubanu-s.jpg,利仁高温除菌蒸汽拖把家用拖地机电动手持消毒清洁机多功能洗地机,	631919161697,,519.0,519.0,599,599,86.64%,1,475,0,0,21,0,0,0,10899,52,3,0,,,热卖促销,7天无理由|运费险|蚂蚁花呗|信用卡支付|集分宝,生活电器,蒸汽拖把,蒸汽拖把,,,2021-05-27,13:36:37,4天15时3分22秒,四,http://item.taobao.com/item.htm?id=631919161697,https://kandianbao.com/item/631919161697/, 
15,https://img.alicdn.com/imgextra/i3/848066728/O1CN01fNnKFG1zZTPB1lIXX_!!848066728.jpg,利仁DG-D300电锅多功能家用锅宿舍学生大容量电热锅正品2-4人蒸煮,	573772828837,,699.0,699.0,999,999,69.97%,1,597,0,0,18,0,0,0,12582,144,3,0,,,专属优惠,7天无理由|运费险|公益宝贝|蚂蚁花呗|信用卡支付|集分宝,厨房电器,电蒸锅/台式电蒸箱/肠粉机,电蒸锅/台式电蒸箱/肠粉机,,,2021-05-23,15:52:17,17时19分2秒,日,http://item.taobao.com/item.htm?id=573772828837,https://kandianbao.com/item/573772828837/, 
16,https://img.alicdn.com/imgextra/i2/848066728/O1CN01eO4gbO1zZTPW3EUFh_!!0-item_pic.jpg,利仁G-26烤串机,	644782290821,G-26,799.0,799.0,1299,1299,61.51%,1,200,0,0,0,0,0,0,0,4,0,0,,,专属优惠,7天无理由|运费险|蚂蚁花呗|信用卡支付|集分宝,厨房电器,烤串机/电烤炉/电烤盘,烤串机/电烤炉/电烤盘,,,2021-05-23,09:00:27,10时27分12秒,日,http://item.taobao.com/item.htm?id=644782290821,https://kandianbao.com/item/644782290821/, 
17,https://img.alicdn.com/imgextra/i1/848066728/O1CN01QGF63Q1zZTPIwJzox_!!848066728-0-lubanu-s.jpg,利仁家用多功能破壁机加热全自动打豆浆榨汁小型料理机婴儿辅食,	600418034200,,1009.0,1009.0,1398,1398,72.17%,1,1189,0,0,56,0,0,0,56504,718,8,0,,,优惠促销,7天无理由|运费险|蚂蚁花呗|信用卡支付|集分宝,厨房电器,搅拌/料理机,搅拌/料理机,,,2021-05-28,00:00:00,5天1时26分45秒,五,http://item.taobao.com/item.htm?id=600418034200,https://kandianbao.com/item/600418034200/, 
18,https://img.alicdn.com/imgextra/i4/848066728/O1CN01eli7YK1zZTNp7WFJ2_!!848066728-0-lubanu-s.jpg,利仁台式小蒸烤箱微波烤箱一体机家用多功能静音蒸汽烤箱烘焙智能,	623503222428,ZKX-S26,2599.0,2599.0,6999,6999,37.13%,1,472,0,0,27,0,0,0,70173,232,7,0,,,热卖促销,7天无理由|运费险|蚂蚁花呗|信用卡支付|集分宝,厨房电器,电烤箱,电烤箱,,,2021-05-26,10:00:00,3天11时26分45秒,三,http://item.taobao.com/item.htm?id=623503222428,https://kandianbao.com/item/623503222428/, 
19,https://img.alicdn.com/imgextra/i2/848066728/O1CN015yAB181zZTNxifpCH_!!848066728.jpg,利仁DHG-Z340/390电火锅锅不粘电煮锅学生锅家用多功能一体电热锅,	561838723238,,119.0,149.0,399,399,37.34%,3,2270,0,1,272,0.00%,131,0.00%,35632,794,29,1,,,专属优惠,7天无理由|运费险|蚂蚁花呗|信用卡支付|集分宝,厨房电器,电热/火锅,电热/火锅,,,2021-05-23,16:08:26,17时35分11秒,日,http://item.taobao.com/item.htm?id=561838723238,https://kandianbao.com/item/561838723238/, 
20,https://img.alicdn.com/imgextra/i4/848066728/O1CN01uULec91zZTOtKxMve_!!848066728-0-lubanu-s.jpg,利仁电煮锅火锅锅家用电炒锅小电锅多功能一体锅电热锅电火锅煮锅,	641295761793,,199.0,219.0,499,499,43.89%,2,1192,0,1,2,0.00%,207.00000000000003,0.00%,414.00000000000006,16,0,0,,,专属优惠,7天无理由|运费险|蚂蚁花呗|信用卡支付|集分宝,厨房电器,电热/火锅,电热/火锅,,,2021-05-27,11:01:49,4天12时28分34秒,四,http://item.taobao.com/item.htm?id=641295761793,https://kandianbao.com/item/641295761793/, 
21,https://img.alicdn.com/imgextra/i1/848066728/O1CN01ZTdwTz1zZTKLwjiXh_!!848066728.jpg,水暖毯家用电热毯电褥子单人学生宿舍水循双控调温暖床垫静音,	580504849904,,319.0,319.0,599,599,53.26%,1,352,0,1,213,0.00%,319,0.00%,67947,634,11,0,,,热卖促销,7天无理由|运费险|蚂蚁花呗|信用卡支付|集分宝,生活电器,电热毯/水暖毯,电热毯/水暖毯,,,2021-05-28,09:17:31,5天10时44分16秒,五,http://item.taobao.com/item.htm?id=580504849904,https://kandianbao.com/item/580504849904/, 
22,https://img.alicdn.com/imgextra/i1/848066728/TB1vFivFDtYBeNjy1XdXXXXyVXa_!!0-item_pic.jpg,利仁FB-D841/FB-IH401智能电饭煲3-4人家用老式4L全自动预约定时,	569912553645,,339.0,799.0,799,799,100.00%,2,1170,0,1,11,0.00%,523,0.00%,5753,26,1,0,,,专属优惠,7天无理由|运费险|蚂蚁花呗|信用卡支付|集分宝,厨房电器,电饭煲,电饭煲,,,2021-05-23,15:24:28,16时51分13秒,日,http://item.taobao.com/item.htm?id=569912553645,https://kandianbao.com/item/569912553645/, 
23,https://img.alicdn.com/imgextra/i3/848066728/O1CN01jD4Kkl1zZTPCdbNej_!!848066728-0-lubanu-s.jpg,利仁电饼铛档家用双面加热加深加大薄饼煎烤饼机烙饼锅迷小型正品,	643566463137,LR-X2902,399.0,399.0,399.0,399.0,100.00%,1,4999,0,1,1,0.00%,399,0.00%,399,4,0,0,,,,7天无理由|运费险|蚂蚁花呗|信用卡支付|集分宝,厨房电器,电饼铛/华夫饼机/薄饼机,电饼铛/华夫饼机/薄饼机,,,2021-05-28,11:04:32,5天12时31分17秒,五,http://item.taobao.com/item.htm?id=643566463137,https://kandianbao.com/item/643566463137/, 
24,https://img.alicdn.com/imgextra/i1/848066728/O1CN01m2JUJc1zZTMVs9JJe_!!848066728-0-lubanu-s.jpg,利仁香薰加湿器家用大雾量容量静音卧室办公室精油净化孕妇婴儿,	579254569100,,539.0,539.0,539.0,539.0,100.00%,1,5691,0,1,289,0.00%,539,0.00%,155771,418,7,0,,,,7天无理由|运费险|公益宝贝|蚂蚁花呗|信用卡支付|集分宝,生活电器,加湿器,加湿器,,,2021-05-23,14:57:32,16时24分17秒,日,http://item.taobao.com/item.htm?id=579254569100,https://kandianbao.com/item/579254569100/, 
25,https://img.alicdn.com/imgextra/i3/848066728/O1CN01VElY641zZTOxsnOf2_!!848066728.jpg,利仁无烟电烤盘电烤炉烤肉烧烤机家用不粘煎烤锅网红双烤盘烤肉锅,	633921845793,KL-D380,799,799,999,999,79.98%,0,2159,0,1,29,0.00%,799,0.01%,23171,274,9,0,,,新品促销,7天无理由|运费险|新品|蚂蚁花呗|信用卡支付|集分宝,厨房/烹饪用具,烧烤/烘焙用具,烧烤炉,,,2021-05-28,00:00:00,5天1时26分45秒,五,http://item.taobao.com/item.htm?id=633921845793,https://kandianbao.com/item/633921845793/, 
26,https://img.alicdn.com/imgextra/i4/848066728/O1CN011vVg9i1zZTP77KlKW_!!848066728.jpg,利仁低糖电饭煲米汤分离家用电饭锅小2人迷你电饭煲多功能电饭锅,	643058955640,,799.0,799.0,1599,1599,49.97%,1,99,0,1,1,0.00%,799,0.01%,799,14,1,0,,,专属优惠,7天无理由|运费险|蚂蚁花呗|信用卡支付|集分宝,厨房电器,电饭煲,电饭煲,,,2021-05-28,15:29:09,5天16时55分54秒,五,http://item.taobao.com/item.htm?id=643058955640,https://kandianbao.com/item/643058955640/, 
27,https://img.alicdn.com/imgextra/i4/848066728/O1CN01V8LdUA1zZTPISYjQP_!!848066728-0-lubanu-s.jpg,利仁破壁机家用智能全自动加热多功能料理机豆浆机养生榨汁搅拌机,	626239532693,,809.0,809.0,999,999,80.98%,1,920,0,1,47,0.00%,809,0.01%,38023,148,6,0,,,优惠促销,7天无理由|运费险|蚂蚁花呗|信用卡支付|集分宝,厨房电器,破壁机,破壁机,,,2021-05-28,00:00:00,5天1时26分45秒,五,http://item.taobao.com/item.htm?id=626239532693,https://kandianbao.com/item/626239532693/, 
28,https://img.alicdn.com/imgextra/i4/848066728/O1CN01e1ehmM1zZTPBgx7X1_!!848066728.jpg,利仁多功能料理锅电煮锅火锅锅家用多功能一体网红锅电炒锅电热锅,	637348340255,,999.0,999.0,1999,1999,49.97%,1,978,0,2,13,0.00%,1998,0.02%,12987,108,1,0,,,专属优惠,7天无理由|运费险|蚂蚁花呗|信用卡支付|集分宝,厨房电器,电热/火锅,电热/火锅,,,2021-05-26,11:00:00,3天12时26分45秒,三,http://item.taobao.com/item.htm?id=637348340255,https://kandianbao.com/item/637348340255/, 
29,https://img.alicdn.com/imgextra/i4/848066728/O1CN017TRmX91zZTPTh9gXZ_!!848066728.jpg,利仁多功能料理锅一体锅家用多功能网红锅早餐料理机电烤锅多用锅,	644181757468,,999.0,999.0,1999,1999,49.97%,2,11,0,2,2,0.00%,1998,0.02%,1998,24,1,0,,,专属优惠,7天无理由|运费险|蚂蚁花呗|信用卡支付|集分宝,厨房电器,多功能料理锅,多功能料理锅,,,2021-05-25,16:29:18,2天17时56分3秒,二,http://item.taobao.com/item.htm?id=644181757468,https://kandianbao.com/item/644181757468/, 
30,https://img.alicdn.com/imgextra/i1/848066728/O1CN01W6Khfn1zZTLTYvhx5_!!848066728-0-lubanu-s.jpg,利仁802电熨斗家用蒸汽熨斗手持式迷你挂烫机电烫斗小型熨烫衣服,	577459823160,,79.0,79.0,269,269,29.37%,1,1224,0,3,274,0.01%,237,0.00%,21646,396,15,0,,,热卖促销,7天无理由|运费险|蚂蚁花呗|信用卡支付|集分宝,生活电器,电熨斗,电熨斗,,,2021-05-26,14:47:36,3天16时14分21秒,三,http://item.taobao.com/item.htm?id=577459823160,https://kandianbao.com/item/577459823160/, 
31,https://img.alicdn.com/imgextra/i4/848066728/O1CN01qUKBV51zZTN92YBi4_!!0-item_pic.jpg,邮费测试链接，私拍不发货，请提前联系草莓,	531933514115,LR-D3004,90.0,169.0,300,300,56.33%,5,1503,0,3,600,0.01%,364.80000000000007,0.00%,72960.00000000001,30,0,0,,,专属优惠,7天无理由|运费险|蚂蚁花呗|信用卡支付|集分宝,厨房电器,电饼铛/华夫饼机/薄饼机,电饼铛/华夫饼机/薄饼机,,,2021-05-29,14:21:40,6天15时48分25秒,六,http://item.taobao.com/item.htm?id=531933514115,https://kandianbao.com/item/531933514115/, 
32,https://img.alicdn.com/imgextra/i3/848066728/O1CN01KsJYvk1zZTMfbtvl9_!!848066728-0-lubanu-s.jpg,利仁D1801养生壶全自动加厚玻璃煮茶器多功能煮花茶壶蒸汽煮茶壶,	547363687592,,109.0,219.0,299,299,73.24%,6,6389,0,3,1017,0.01%,459.0000000000001,0.00%,155601.00000000003,748,35,0,,,专属优惠,7天无理由|运费险|蚂蚁花呗|信用卡支付|集分宝,厨房电器,养生壶/煎药壶,养生壶/煎药壶,,,2021-05-26,11:32:04,3天12时58分49秒,三,http://item.taobao.com/item.htm?id=547363687592,https://kandianbao.com/item/547363687592/,大品牌好(3);烧水时间慢(2)
33,https://img.alicdn.com/imgextra/i1/848066728/O1CN019J3fhL1zZTOuSaNKT_!!848066728.jpg,利仁老式铸铁锅圆底平底家用无涂层不粘锅电磁炉煤气灶专用炒菜锅,	600702629243,,149.0,169.0,398,478,35.36%,2,1639,0,3,534,0.01%,471,0.00%,83838,1812,105,0,,,热卖促销,7天无理由|运费险|蚂蚁花呗|信用卡支付|集分宝,厨房/烹饪用具,烹饪用具,炒锅,,,2021-05-28,11:01:49,5天12时28分34秒,五,http://item.taobao.com/item.htm?id=600702629243,https://kandianbao.com/item/600702629243/,颜值很高(2)
34,https://img.alicdn.com/imgextra/i1/848066728/O1CN01Bibt4P1zZTP5AX7u0_!!0-item_pic.jpg,利仁净水壶滤芯6个装原装净水器过滤水壶,	642860512089,JSH35-01(滤芯 六芯装),149.0,149.0,309,309,48.22%,1,96,0,3,3,0.01%,447,0.00%,447,6,0,0,,,热卖促销,7天无理由|运费险|蚂蚁花呗|信用卡支付|集分宝,厨房电器,净水器,净水器,,,2021-05-25,15:43:51,2天17时10分36秒,二,http://item.taobao.com/item.htm?id=642860512089,https://kandianbao.com/item/642860512089/, 
35,https://img.alicdn.com/imgextra/i4/848066728/O1CN01lAL0l31zZTItOPhxA_!!848066728.jpg,利仁电蒸锅智能电蒸笼多功能蒸菜器家用双层厨房大容量304不锈钢,	604005861261,,169.0,169.0,499,499,33.87%,1,96,0,3,387,0.01%,507,0.00%,65403,1572,70,0,,,专属优惠,7天无理由|运费险|蚂蚁花呗|信用卡支付|集分宝,厨房电器,电蒸锅/台式电蒸箱/肠粉机,电蒸锅/台式电蒸箱/肠粉机,,,2021-05-25,16:40:27,2天18时7分12秒,二,http://item.taobao.com/item.htm?id=604005861261,https://kandianbao.com/item/604005861261/, 
36,https://img.alicdn.com/imgextra/i4/848066728/O1CN01r9eCRj1zZTNJf5IIT_!!848066728.jpg,利仁养生杯电炖杯电热杯烧水杯电热水杯便携式烧水杯加热水杯煮水,	641975623271,,219.0,219.0,499,499,43.89%,1,510,0,3,8,0.01%,657,0.01%,1752,48,1,0,,,专属优惠,7天无理由|运费险|蚂蚁花呗|信用卡支付|集分宝,厨房电器,电热杯,电热杯,,,2021-05-27,10:00:00,4天11时26分45秒,四,http://item.taobao.com/item.htm?id=641975623271,https://kandianbao.com/item/641975623271/, 
37,https://img.alicdn.com/imgextra/i3/848066728/O1CN01gYrY851zZTMNgkcTb_!!848066728-0-lubanu-s.jpg,水暖毯电热毯双人电褥子水循环智能双控调温静音安全暖床垫,	580826831349,,339.0,399.0,699,799,49.94%,3,4521,0,3,1280,0.01%,1089,0.01%,464640,2656,75,0,,,热卖促销,7天无理由|运费险|蚂蚁花呗|信用卡支付|集分宝,生活电器,电热毯/水暖毯,电热毯/水暖毯,,,2021-05-28,09:17:03,5天10时43分48秒,五,http://item.taobao.com/item.htm?id=580826831349,https://kandianbao.com/item/580826831349/,声音正常(2);用的放心(2);服务非常好(4);温度可以控制(2)
38,https://img.alicdn.com/imgextra/i2/848066728/O1CN01JL16Et1zZTOgsHGqC_!!848066728.jpg,利仁电烤炉家用无烟烧烤烤肉盘电烤盘烤肉锅烧烤炉多功能铁板烧盘,	626298800589,KL-J381,429.0,429.0,999,999,42.94%,1,926,0,3,89,0.01%,1287,0.01%,38181,400,21,0,,,专属优惠,7天无理由|运费险|蚂蚁花呗|信用卡支付|集分宝,厨房/烹饪用具,烧烤/烘焙用具,烧烤盘,,,2021-05-25,13:57:09,2天15时23分54秒,二,http://item.taobao.com/item.htm?id=626298800589,https://kandianbao.com/item/626298800589/, 
39,https://img.alicdn.com/imgextra/i4/848066728/O1CN01jW1fZq1zZTP6QaWz3_!!848066728-0-lubanu-s.jpg,利仁空气炸锅10L可视家用薯条机炸锅电炸锅多功能空气炸锅,	626290432499,,699.0,699.0,899,899,77.75%,1,3002,0,3,112,0.01%,2097,0.02%,78288,668,24,0,,,热卖促销,7天无理由|运费险|蚂蚁花呗|信用卡支付|集分宝,厨房电器,空气炸锅,空气炸锅,,,2021-05-26,15:39:09,3天17时5分54秒,三,http://item.taobao.com/item.htm?id=626290432499,https://kandianbao.com/item/626290432499/, 
40,https://img.alicdn.com/imgextra/i2/848066728/O1CN01Er6MPw1zZTPO3XzyD_!!0-item_pic.jpg,利仁卡式炉燃气户外防风便携式烤肉锅家用烧烤盘烤鱼烤肉锅,	641896172564,G-32,1209,1209,2100,2100,57.57%,0,47,0,3,3,0.01%,3627,0.03%,3627,40,0,0,,,热卖促销,7天无理由|运费险|新品|蚂蚁花呗|信用卡支付|集分宝,厨房/烹饪用具,烧烤/烘焙用具,烧烤炉,,,2021-05-27,11:19:47,4天12时46分32秒,四,http://item.taobao.com/item.htm?id=641896172564,https://kandianbao.com/item/641896172564/, 
41,https://img.alicdn.com/imgextra/i2/848066728/O1CN01J20Ub91zZTP1ctEI8_!!848066728.jpg,利仁烤牛排机家用全自动煎牛排机烤牛扒机智能双面烤肉三明治机,	631983033816,K-5,1999.0,1999.0,3999,3999,49.99%,1,937,0,3,63,0.01%,5997,0.05%,125937,580,14,0,,,专属优惠,7天无理由|运费险|蚂蚁花呗|信用卡支付|集分宝,厨房电器,牛排机,牛排机,,,2021-05-28,13:32:32,5天14时59分17秒,五,http://item.taobao.com/item.htm?id=631983033816,https://kandianbao.com/item/631983033816/, 
42,https://img.alicdn.com/imgextra/i2/848066728/O1CN01Yq00xX1zZTPToRMf1_!!848066728.jpg,利仁蒸蛋器自动断电家用小型多功能煮蛋器迷你宿舍早餐煮鸡蛋神器,	645032177667,,79.0,79.0,159,159,49.69%,1,496,0,4,4,0.01%,316,0.00%,316,0,0,0,,,专属优惠,7天无理由|运费险|蚂蚁花呗|信用卡支付|集分宝,厨房电器,婴童厨房小家电,宝宝蒸蛋机/煮蛋器,,,2021-05-28,10:59:56,5天12时26分41秒,五,http://item.taobao.com/item.htm?id=645032177667,https://kandianbao.com/item/645032177667/, 
43,https://img.alicdn.com/imgextra/i1/848066728/O1CN01NXQfMD1zZTPOg0t9s_!!848066728.jpg,利仁电烤炉家用无烟韩式电烤盘烧烤机室内插电烤肉炉铁板烤烧烤炉,	526046830066,KL-J4300,169.0,189.0,529,529,35.73%,2,12983,0,4,2784,0.01%,708.0000000000001,0.01%,492768.00000000006,10220,327,0,,,专属优惠,7天无理由|运费险|公益宝贝|蚂蚁花呗|信用卡支付|集分宝,厨房电器,烤串机/电烤炉/电烤盘,烤串机/电烤炉/电烤盘,,,2021-05-27,11:04:31,4天12时31分16秒,四,http://item.taobao.com/item.htm?id=526046830066,https://kandianbao.com/item/526046830066/,配送速度很快(2);物流包装仔细(2)
44,https://img.alicdn.com/imgextra/i3/848066728/O1CN016tAW6i1zZTPFQpS8v_!!848066728-0-lubanu-s.jpg,利仁精铁炒锅平底家用无涂层不粘铁锅电磁炉燃气灶专用锅家用炒菜,	600465396666,,176.7,244.0,478,478,51.05%,2,464,0,4,1431,0.01%,814.48,0.01%,291380.22000000003,2524,372,0,,,热卖促销,7天无理由|运费险|蚂蚁花呗|信用卡支付|集分宝,厨房/烹饪用具,烹饪用具,炒锅,,,2021-05-28,20:20:20,5天21时47分5秒,五,http://item.taobao.com/item.htm?id=600465396666,https://kandianbao.com/item/600465396666/, 
45,https://img.alicdn.com/imgextra/i2/848066728/O1CN01MFDJQa1zZTLrqLIgC_!!848066728.jpg,利仁干果机家用食品烘干机水果蔬菜宠物肉类零食小型脱水风干机,	581124689256,,199,199,399,399,49.87%,0,3303,0,4,388,0.01%,796,0.01%,77212,4362,51,0,,,新品秒杀,7天无理由|运费险|蚂蚁花呗|信用卡支付|集分宝,厨房电器,食物烘干机,食物烘干机,,,2021-05-24,09:55:41,1天11时22分26秒,一,http://item.taobao.com/item.htm?id=581124689256,https://kandianbao.com/item/581124689256/, 
46,https://img.alicdn.com/imgextra/i3/848066728/O1CN017MFffM1zZTNsE8p5S_!!848066728-0-lubanu-s.jpg,利仁毛衣服起球修剪器充电式家用衣物剃打刮吸毛球机除毛机器去球,	636382734809,JMQ-Q5,65.9,65.9,99,99,66.57%,1,464,0,5,141,0.01%,329.5,0.00%,9291.900000000001,140,17,0,,,热卖促销,7天无理由|运费险|蚂蚁花呗|信用卡支付|集分宝,生活电器,毛球修剪器,毛球修剪器,,,2021-05-26,23:32:05,4天58分50秒,三,http://item.taobao.com/item.htm?id=636382734809,https://kandianbao.com/item/636382734809/, 
47,https://img.alicdn.com/imgextra/i3/848066728/O1CN01aprHA31zZTNzjI4DT_!!848066728.jpg,利仁绞肉机手动料理机家用搅碎机多功能绞菜碎肉机饺子馅捣蒜泥器,	624179446584,SJX-1205,69.0,69.0,199,199,34.67%,1,9468,0,5,431,0.01%,345,0.00%,29739,846,93,0,,,新品抢购,7天无理由|运费险|蚂蚁花呗|信用卡支付|集分宝,厨房/烹饪用具,厨用小工具/厨房储物,绞肉机/碎肉宝,,,2021-05-23,01:28:56,2时55分41秒,日,http://item.taobao.com/item.htm?id=624179446584,https://kandianbao.com/item/624179446584/,好用(2);质量很好(2)
48,https://img.alicdn.com/imgextra/i2/848066728/O1CN01oB4Cws1zZTLowAbAG_!!848066728.jpg,利仁空气炸锅1.5L经济型薯条机家用电炸锅煎炸锅多功能锅小型炸锅,	626316112611,,299.0,299.0,399,399,74.94%,1,2344,0,5,168,0.01%,1495,0.01%,50232,392,35,0,,,热卖促销,7天无理由|运费险|蚂蚁花呗|信用卡支付|集分宝,厨房电器,空气炸锅,空气炸锅,,,2021-05-26,15:38:51,3天17时5分36秒,三,http://item.taobao.com/item.htm?id=626316112611,https://kandianbao.com/item/626316112611/,服务很不错(2);颜值高(2);使用感非常好(2)
49,https://img.alicdn.com/imgextra/i1/848066728/O1CN01HRAgtb1zZTNimJDlf_!!0-item_pic.jpg,利仁YGD1207/1602/1005全自动电高压锅家用多功能压力锅饭煲正品,	560749997202,,459.0,1099.0,1199,1199,91.66%,4,643,0,5,481,0.01%,3575,0.03%,343915,964,52,0,,,专属优惠,7天无理由|运费险|公益宝贝|蚂蚁花呗|信用卡支付|集分宝,厨房电器,电压力锅,电压力锅,,,2021-05-24,17:52:11,1天19时18分56秒,一,http://item.taobao.com/item.htm?id=560749997202,https://kandianbao.com/item/560749997202/, 
50,https://img.alicdn.com/imgextra/i1/848066728/O1CN01z1cHCA1zZTPZVloix_!!848066728.jpg,利仁低糖电饭煲米汤分离家用电饭锅小2人迷你电饭煲多功能电饭锅,	641360133622,,1299.0,1299.0,2599,2599,49.98%,1,199,0,5,7,0.01%,6495,0.05%,9093,44,4,0,,,专属优惠,7天无理由|运费险|蚂蚁花呗|信用卡支付|集分宝,厨房电器,电饭煲,电饭煲,,,2021-05-27,10:00:00,4天11时26分45秒,四,http://item.taobao.com/item.htm?id=641360133622,https://kandianbao.com/item/641360133622/, 
51,https://img.alicdn.com/imgextra/i1/848066728/O1CN01CUyPX21zZTPIJOVtl_!!848066728-0-lubanu-s.jpg,利仁电动搅肉机绞肉机家用大容量全自动打肉沫机肉泥机打肉丸小型,	570135736584,,339.0,339.0,699,699,48.50%,1,1084,0,6,1277,0.01%,2034,0.02%,432903,3886,97,0,,,热卖促销,7天无理由|运费险|公益宝贝|蚂蚁花呗|信用卡支付|集分宝,厨房电器,绞肉/碎肉/绞菜机,绞肉/碎肉/绞菜机,,,2021-05-24,09:00:50,1天10时27分35秒,一,http://item.taobao.com/item.htm?id=570135736584,https://kandianbao.com/item/570135736584/, 
52,https://img.alicdn.com/imgextra/i1/848066728/O1CN01in7y981zZTPAopeSj_!!848066728.jpg,利仁SP-D4601恒温热水壶烧水壶电自动家用电烧水壶保温一体开水壶,	639348068761,,359.0,359.0,699,699,51.36%,1,85,0,6,10,0.01%,2154,0.02%,3590,28,2,0,,,专属优惠,7天无理由|运费险|蚂蚁花呗|信用卡支付|集分宝,厨房电器,电热水壶,电热水壶,,,2021-05-28,10:30:37,5天11时57分22秒,五,http://item.taobao.com/item.htm?id=639348068761,https://kandianbao.com/item/639348068761/, 
53,https://img.alicdn.com/imgextra/i4/848066728/O1CN01r8AB7u1zZTPAnJ7vo_!!848066728-0-lubanu-s.jpg,利仁干果机家用小型食物烘干机水果蔬菜宠物肉干类食品脱水风干机,	584045858636,,699,699,1099,1099,63.60%,0,1284,0,6,94,0.01%,4194,0.04%,65706,2036,10,0,,,新品秒杀,7天无理由|运费险|蚂蚁花呗|信用卡支付|集分宝,厨房电器,食物烘干机,食物烘干机,,,2021-05-24,00:00:00,1天1时26分45秒,一,http://item.taobao.com/item.htm?id=584045858636,https://kandianbao.com/item/584045858636/, 
54,https://img.alicdn.com/imgextra/i1/848066728/O1CN01gv7Vnq1zZTNM8s5mj_!!848066728-0-lubanu-s.jpg,利仁宝宝辅食机婴儿迷你电动料理机家用多功能搅拌机小型绞肉机,	633427376088,,99.0,139.0,199,399,34.84%,3,2884,0,7,90,0.01%,805,0.01%,10350,172,6,0,,,新品抢购,7天无理由|运费险|蚂蚁花呗|信用卡支付|集分宝,厨房电器,搅拌/料理机,搅拌/料理机,,,2021-05-23,01:33:51,3时0分36秒,日,http://item.taobao.com/item.htm?id=633427376088,https://kandianbao.com/item/633427376088/, 
55,https://img.alicdn.com/imgextra/i2/848066728/O1CN01q3Vb9g1zZTM5MHbH9_!!848066728.jpg,利仁空气炸锅家用无油烟电炸锅薯条机新款小型烘培烤箱烤炉特价,	615200890341,,309.0,309.0,798,798,38.72%,1,4936,0,7,170,0.01%,2163,0.02%,52530,446,16,0,,,热卖促销,7天无理由|运费险|蚂蚁花呗|信用卡支付|集分宝,厨房电器,空气炸锅,空气炸锅,,,2021-05-25,17:56:01,2天19时22分46秒,二,http://item.taobao.com/item.htm?id=615200890341,https://kandianbao.com/item/615200890341/, 
56,https://img.alicdn.com/imgextra/i2/848066728/O1CN01NXQBWy1zZTPSFEPGh_!!848066728-0-lubanu-s.jpg,利仁快速制冷杯速冷降温杯冰饮料热牛奶神器冷热杯冷热两用恒温杯,	644446153334,,329.0,329.0,699,699,47.07%,2,192,0,7,9,0.01%,2303,0.02%,2961,20,1,0,,,专属优惠,7天无理由|运费险|蚂蚁花呗|信用卡支付|集分宝,生活电器,快速制冷杯/制暖杯,快速制冷杯/制暖杯,,,2021-05-28,14:12:30,5天15时39分15秒,五,http://item.taobao.com/item.htm?id=644446153334,https://kandianbao.com/item/644446153334/, 
57,https://img.alicdn.com/imgextra/i1/848066728/O1CN01oKZYeM1zZTNEa6otl_!!848066728.jpg,利仁养生锅养生壶全自动电火锅锅煮茶器多功能电煮锅蒸汽煮花茶壶,	636454798014,,359.0,359.0,799,799,44.93%,1,511,0,7,43,0.01%,2513,0.02%,15437,372,12,0,,,专属优惠,7天无理由|运费险|蚂蚁花呗|信用卡支付|集分宝,厨房电器,电热/火锅,电热/火锅,,,2021-05-25,15:50:23,2天17时17分8秒,二,http://item.taobao.com/item.htm?id=636454798014,https://kandianbao.com/item/636454798014/, 
58,https://img.alicdn.com/imgextra/i1/848066728/O1CN01cZL2bA1zZTOiqMCht_!!848066728.jpg,利仁电烤炉铁板烤盘家用烧烤机无烟烤盘多功能电烤盘户外煎烤炉,	626589186368,KL-J408,399.0,399.0,999,999,39.94%,1,2657,0,7,54,0.01%,2793,0.02%,21546,296,10,0,,,专属优惠,7天无理由|运费险|蚂蚁花呗|信用卡支付|集分宝,厨房/烹饪用具,烧烤/烘焙用具,烧烤盘,,,2021-05-27,15:07:16,4天16时34分1秒,四,http://item.taobao.com/item.htm?id=626589186368,https://kandianbao.com/item/626589186368/, 
59,https://img.alicdn.com/imgextra/i2/848066728/O1CN01bgyQwP1zZTNxbOefq_!!848066728.jpg,利仁多功能料理锅电火锅锅烧烤一体早餐料理机电烤锅多用锅网红锅,	640313211531,,459.0,459.0,999,999,45.95%,1,976,0,7,18,0.01%,3213,0.03%,8262,142,4,0,,,专属优惠,7天无理由|运费险|蚂蚁花呗|信用卡支付|集分宝,厨房电器,多功能料理锅,多功能料理锅,,,2021-05-27,13:46:50,4天15时13分35秒,四,http://item.taobao.com/item.htm?id=640313211531,https://kandianbao.com/item/640313211531/, 
60,https://img.alicdn.com/imgextra/i3/848066728/O1CN014dmpqK1zZTOc3OqCa_!!848066728.jpg,利仁炒锅铁锅家用不粘锅蜂窝锅不锈钢加厚大容量平底电磁炉通用,	621863864120,,149.0,149.0,299,299,49.83%,1,753,0,8,478,0.02%,1192,0.01%,71222,1616,107,0,,,热卖促销,7天无理由|运费险|蚂蚁花呗|信用卡支付|集分宝,厨房/烹饪用具,烹饪用具,炒锅,,,2021-05-22,16:32:14,6时1分0秒,六,http://item.taobao.com/item.htm?id=621863864120,https://kandianbao.com/item/621863864120/,质量很好(6);小小很合适(2);真心太好用(3);价格实惠(4);品牌值得信赖(2);锅底翘起来(3)
61,https://img.alicdn.com/imgextra/i4/848066728/O1CN01OQzk5m1zZTObY7BuV_!!848066728.jpg,利仁绞肉机家用电动不锈钢小型饺馅碎菜多功能打肉机料理蒜泥神器,	607791635074,,169.0,169.0,598,598,28.26%,1,1250,0,8,871,0.02%,1352,0.01%,147199,1288,189,0,,,优惠促销,7天无理由|运费险|蚂蚁花呗|信用卡支付|集分宝,厨房电器,绞肉/碎肉/绞菜机,绞肉/碎肉/绞菜机,,,2021-05-29,09:38:25,6天11时5分10秒,六,http://item.taobao.com/item.htm?id=607791635074,https://kandianbao.com/item/607791635074/,省了好多时间(2);声音很小(2);粉碎效果很好(2);操控很方便(2);空间容量很大(3);刀头不结实(2)
62,https://img.alicdn.com/imgextra/i4/848066728/O1CN01TLimay1zZTPAsUtn9_!!848066728-0-lubanu-s.jpg,利仁新款真空破壁机家用全自动加热豆浆料理机榨汁婴儿辅食小型,	598882453015,LLJ-D1751,1209.0,1209.0,1299,1299,93.07%,1,787,0,8,388,0.02%,9672,0.08%,469092,4240,105,0,,,优惠促销,7天无理由|运费险|蚂蚁花呗|信用卡支付|集分宝,厨房电器,破壁机,破壁机,,,2021-05-28,17:31:32,5天18时58分17秒,五,http://item.taobao.com/item.htm?id=598882453015,https://kandianbao.com/item/598882453015/,噪音可以接受(3);包装严实(2)
63,https://img.alicdn.com/imgextra/i3/848066728/O1CN01u0NFfM1zZTPQjlYyF_!!848066728-0-lubanu-s.jpg,利仁磨粉机家用多功能小型研磨机电动干磨五谷咖啡药材打磨粉碎机,	644661103031,,109.0,109.0,199,199,54.77%,1,987,0,10,10,0.02%,1090,0.01%,1090,34,2,0,,,新品促销,7天无理由|运费险|蚂蚁花呗|信用卡支付|集分宝,厨房电器,磨粉机/药材研磨机,磨粉机/药材研磨机,,,2021-05-29,16:08:04,6天17时34分49秒,六,http://item.taobao.com/item.htm?id=644661103031,https://kandianbao.com/item/644661103031/, 
64,https://img.alicdn.com/imgextra/i2/848066728/O1CN013r8TQP1zZTP2JYgO8_!!848066728.jpg,利仁电饼铛LR-D3020A 双面加热家用全自动断电可拆洗加深加大烙煎,	530929770129,LR-D3020A,319.0,319.0,799,799,39.92%,1,575,0,11,201975,0.02%,3509,0.03%,64430025,114484,2573,37,,,专属优惠,7天无理由|运费险|公益宝贝|蚂蚁花呗|信用卡支付|集分宝,厨房电器,电饼铛/华夫饼机/薄饼机,电饼铛/华夫饼机/薄饼机,,,2021-05-23,15:06:59,16时33分44秒,日,http://item.taobao.com/item.htm?id=530929770129,https://kandianbao.com/item/530929770129/, 
65,https://img.alicdn.com/imgextra/i4/848066728/O1CN01ZDf1cT1zZTPAsvYFE_!!848066728.jpg,利仁LR-D1804养生壶家用全自动加厚玻璃煮茶壶燕窝电热水壶小型,	612773710703,,109.0,259.0,299,299,86.62%,6,6387,0,12,260,0.03%,2028.0000000000005,0.02%,43940.00000000001,344,57,0,,,专属优惠,7天无理由|运费险|蚂蚁花呗|信用卡支付|集分宝,厨房电器,养生壶/煎药壶,养生壶/煎药壶,,,2021-05-25,14:27:25,2天15时54分10秒,二,http://item.taobao.com/item.htm?id=612773710703,https://kandianbao.com/item/612773710703/, 
66,https://img.alicdn.com/imgextra/i3/848066728/O1CN01OpcomW1zZTO6G4jOP_!!848066728.jpg,利仁电煮锅火锅锅家用电炒锅大容量多功能一体锅电热锅电火锅煮锅,	618757455220,,109.0,169.0,369,369,45.80%,5,11683,0,12,1338,0.03%,1596,0.01%,177954,1338,125,0,,,专属优惠,7天无理由|运费险|蚂蚁花呗|信用卡支付|集分宝,厨房电器,电热/火锅,电热/火锅,,,2021-05-24,14:01:25,1天15时28分10秒,一,http://item.taobao.com/item.htm?id=618757455220,https://kandianbao.com/item/618757455220/,牌子值得(2);客服服务好(3);物流信息给力(2)
67,https://img.alicdn.com/imgextra/i3/848066728/O1CN01XCV8Zn1zZTPSWlazJ_!!848066728-0-lubanu-s.jpg,利仁养生壶家用多功能全自动煮茶器煮茶壶花茶壶养生壶办公室小型,	644459382534,,109.0,109.0,299,299,36.45%,1,485,0,13,13,0.03%,1417,0.01%,1417,12,4,0,,,专属优惠,7天无理由|运费险|蚂蚁花呗|信用卡支付|集分宝,厨房电器,养生壶/煎药壶,养生壶/煎药壶,,,2021-05-24,17:35:40,1天19时2分25秒,一,http://item.taobao.com/item.htm?id=644459382534,https://kandianbao.com/item/644459382534/, 
68,https://img.alicdn.com/imgextra/i3/848066728/O1CN01IvokW61zZTOhO50rx_!!848066728.jpg,利仁多功能厨师机家用小型全自动和面机商用揉面机搅面粉机料理机,	629157289646,CSJ-X805,809.0,809.0,1299,1299,62.28%,1,384,0,13,87,0.03%,10517,0.09%,70383,790,16,0,,,优惠促销,7天无理由|运费险|蚂蚁花呗|信用卡支付|集分宝,厨房电器,厨师机/和面机,厨师机/和面机,,,2021-05-25,12:41:03,2天14时7分48秒,二,http://item.taobao.com/item.htm?id=629157289646,https://kandianbao.com/item/629157289646/, 
69,https://img.alicdn.com/imgextra/i3/848066728/O1CN01wQ1Xzx1zZTNvPdcFO_!!848066728.jpg,利仁华夫饼机家用松饼机多功能小型蛋糕机早餐机三明治机小吃机,	635686376163,M-5,89.0,89.0,199,199,44.72%,1,936,0,14,137,0.03%,1246,0.01%,12193,1034,20,0,,,专属优惠,7天无理由|运费险|蚂蚁花呗|信用卡支付|集分宝,厨房电器,电饼铛/华夫饼机/薄饼机,电饼铛/华夫饼机/薄饼机,,,2021-05-24,13:54:53,1天15时21分38秒,一,http://item.taobao.com/item.htm?id=635686376163,https://kandianbao.com/item/635686376163/, 
70,https://img.alicdn.com/imgextra/i3/848066728/O1CN01dHNq3i1zZTOFl8QvW_!!848066728.jpg,利仁电热水壶家用烧水壶保温一体不锈钢大容量小型自动断电开水壶,	637851417989,,89.0,109.0,299,299,36.45%,3,4092,0,14,72,0.03%,1358,0.01%,6984,122,10,0,,,专属优惠,7天无理由|运费险|蚂蚁花呗|信用卡支付|集分宝,厨房电器,电热水壶,电热水壶,,,2021-05-23,11:11:14,12时37分59秒,日,http://item.taobao.com/item.htm?id=637851417989,https://kandianbao.com/item/637851417989/, 
71,https://img.alicdn.com/imgextra/i1/848066728/O1CN01zCzhut1zZTPC2Gddo_!!848066728.jpg,利仁迷你养生壶家用多功能电煮壶煮茶壶恒温养生壶全自动煮茶器,	643037885293,,169.0,169.0,399,399,42.36%,1,751,0,14,14,0.03%,2366,0.02%,2366,52,4,0,,,专属优惠,7天无理由|运费险|蚂蚁花呗|信用卡支付|集分宝,厨房电器,养生壶/煎药壶,养生壶/煎药壶,,,2021-05-23,14:27:32,15时54分17秒,日,http://item.taobao.com/item.htm?id=643037885293,https://kandianbao.com/item/643037885293/, 
72,https://img.alicdn.com/imgextra/i4/848066728/O1CN0149IlGk1zZTKWdI21b_!!848066728.jpg,利仁小型宿舍用学生锅迷你寝室煮面一人食方便面小功率单人电煮锅,	617466839144,,69.0,99.0,199,299,33.11%,5,8861,0,16,572,0.03%,1296,0.01%,46332,898,125,0,,,专属优惠,7天无理由|运费险|蚂蚁花呗|信用卡支付|集分宝,厨房电器,电热/火锅,电热/火锅,,,2021-05-28,14:00:00,5天15时26分45秒,五,http://item.taobao.com/item.htm?id=617466839144,https://kandianbao.com/item/617466839144/,用着挺安心(2);实用(2);颜色我喜欢(2)
73,https://img.alicdn.com/imgextra/i4/848066728/O1CN01ynOXlX1zZTOhpmfeW_!!848066728.jpg,利仁家用台式绞肉机电动灌肠机全自动搅馅机商用打肉馅绞肉灌肠机,	570275898936,,219.0,319.0,499,569,56.06%,2,1441,0,16,1045,0.03%,4144,0.03%,270655,4126,119,0,,,热卖促销,7天无理由|运费险|公益宝贝|蚂蚁花呗|信用卡支付|集分宝,厨房电器,绞肉/碎肉/绞菜机,绞肉/碎肉/绞菜机,,,2021-05-29,18:42:23,6天20时9分8秒,六,http://item.taobao.com/item.htm?id=570275898936,https://kandianbao.com/item/570275898936/, 
74,https://img.alicdn.com/imgextra/i3/848066728/O1CN01NOsOji1zZTP8ifZ00_!!848066728-0-lubanu-s.jpg,利仁FG-D820/832柴火饭电饭煲家用电饭锅小2人煲汤煮饭两用煮饭锅,	569248800378,,299.0,359.0,699,699,51.36%,2,963,0,16,21,0.03%,5168,0.04%,6783,72,3,0,,,专属优惠,7天无理由|运费险|蚂蚁花呗|信用卡支付|集分宝,厨房电器,电饭煲,电饭煲,,,2021-05-27,16:14:48,4天17时41分33秒,四,http://item.taobao.com/item.htm?id=569248800378,https://kandianbao.com/item/569248800378/, 
75,https://img.alicdn.com/imgextra/i4/848066728/O1CN01MtnWOj1zZTNtRURaH_!!848066728.jpg,利仁电火锅锅家用电煮锅多功能火锅烧烤一体锅电炒锅电热锅煮面锅,	632591586062,,219.0,219.0,499,499,43.89%,2,427,0,17,139,0.04%,3723,0.03%,30441,262,18,0,,,专属优惠,7天无理由|运费险|蚂蚁花呗|信用卡支付|集分宝,厨房电器,电热/火锅,电热/火锅,,,2021-05-25,16:00:00,2天17时26分45秒,二,http://item.taobao.com/item.htm?id=632591586062,https://kandianbao.com/item/632591586062/, 
76,https://img.alicdn.com/imgextra/i4/848066728/O1CN01XGpyli1zZTKRNLGZW_!!848066728.jpg,利仁多功能电热锅宿舍学生锅家用电火锅锅煮面锅电煮锅一人食,	553926853015,,239.0,239.0,599,599,39.90%,1,761,0,20,4055,0.04%,4780,0.04%,969145,9496,257,0,,,专属优惠,7天无理由|运费险|公益宝贝|蚂蚁花呗|信用卡支付|集分宝,厨房电器,电热/火锅,电热/火锅,,,2021-05-25,14:31:10,2天15时57分55秒,二,http://item.taobao.com/item.htm?id=553926853015,https://kandianbao.com/item/553926853015/,蒸笼挺深(2);好用(6);颜值高(2);实用性特别强(2);客服服务好(3)
77,https://img.alicdn.com/imgextra/i3/848066728/O1CN01UeJSMx1zZTOYnpQou_!!848066728.jpg,利仁磨粉机家用小型药材咖啡粉碎机五谷杂粮打粉机电动干磨研磨机,	585622484186,MFJ-W200,99,99,299,299,33.11%,0,4504,0,21,851,0.04%,2079,0.02%,84249,3502,117,0,,,让利促销,7天无理由|运费险|蚂蚁花呗|信用卡支付|集分宝,厨房电器,商厨食品机械,商用磨粉机/药材粉碎机,,,2021-05-28,17:47:46,5天19时14分31秒,五,http://item.taobao.com/item.htm?id=585622484186,https://kandianbao.com/item/585622484186/, 
78,https://img.alicdn.com/imgextra/i4/848066728/O1CN01DBHldt1zZTP6BD9YT_!!848066728.jpg,利仁电热加热保温饭盒自热便当盒上班族带饭热饭蒸饭煮饭神器便携,	614030184673,FH-18,109.0,109.0,369,369,29.54%,1,2477,0,21,4221,0.04%,2289,0.02%,460089,24882,834,0,,,专属优惠,7天无理由|运费险|蚂蚁花呗|信用卡支付|集分宝,厨房电器,电热饭盒,电热饭盒,,,2021-05-29,21:01:00,6天22时27分45秒,六,http://item.taobao.com/item.htm?id=614030184673,https://kandianbao.com/item/614030184673/,操作难易容易(8);蒸的米饭好吃(2);好用(4);没异味(2);很小巧(2);盖子不好用(2)
79,https://img.alicdn.com/imgextra/i3/848066728/O1CN01Mlbmg21zZTOgHCWGj_!!848066728.jpg,利仁K-1薄饼机春卷皮家用电饼铛蛋卷煎饼烙饼机多功能料理锅新款,	581831102093,,399.0,399.0,799,799,49.94%,1,215,0,21,2146,0.04%,8379,0.07%,856254,18242,281,1,,,专属优惠,7天无理由|运费险|公益宝贝|蚂蚁花呗|信用卡支付|集分宝,厨房电器,电饼铛/华夫饼机/薄饼机,电饼铛/华夫饼机/薄饼机,,,2021-05-23,10:48:53,12时15分38秒,日,http://item.taobao.com/item.htm?id=581831102093,https://kandianbao.com/item/581831102093/,用了几天很好(2);颜值很高(2);很便捷(2);样式很好(2)
80,https://img.alicdn.com/imgextra/i3/848066728/O1CN014VjUli1zZTPTdEiv0_!!848066728-0-lubanu-s.jpg,利仁全自动绞肉机家用菜馅机多功能碎菜碎肉料理机电动打肉馅G17,	628167520799,,499.0,499.0,699,699,71.39%,1,2773,0,21,1720,0.04%,10479,0.09%,858280,7148,329,0,,,优惠促销,7天无理由|运费险|蚂蚁花呗|信用卡支付|集分宝,厨房电器,绞肉/碎肉/绞菜机,绞肉/碎肉/绞菜机,,,2021-05-28,22:30:12,5天23时56分57秒,五,http://item.taobao.com/item.htm?id=628167520799,https://kandianbao.com/item/628167520799/,声音不大(9);衣服效果不错(7);绞的很细(10);刀很锋利(3);方便(11);不好用(2)
81,https://img.alicdn.com/imgextra/i1/848066728/O1CN01mBn3w71zZTNjMtNEh_!!848066728.jpg,利仁电火火锅锅电煮锅宿舍小电锅家用多功能网红一体电炒锅煮面锅,	624629712083,,109.0,109.0,319,319,34.17%,1,505,0,22,2879,0.05%,2398,0.02%,313811,6268,607,0,,,专属优惠,7天无理由|运费险|蚂蚁花呗|信用卡支付|集分宝,厨房电器,电热/火锅,电热/火锅,,,2021-05-29,10:00:00,6天11时26分45秒,六,http://item.taobao.com/item.htm?id=624629712083,https://kandianbao.com/item/624629712083/,功能完全够用(2);颜色非常耐脏(2);适合不粘锅(2);两个人好用(3);上热很快(4);欺骗消费者(2)
82,https://img.alicdn.com/imgextra/i3/848066728/O1CN01DGvKm11zZTN0fnh0C_!!848066728.jpg,利仁电煮锅寝室小电火锅锅家用多功能网红一体锅宿舍学生锅煮面锅,	632258586111,,109.0,109.0,299,299,36.45%,1,616,0,22,304,0.05%,2398,0.02%,33136,2288,60,0,,,专属优惠,7天无理由|运费险|蚂蚁花呗|信用卡支付|集分宝,厨房电器,电热/火锅,电热/火锅,,,2021-05-28,14:52:33,5天16时19分18秒,五,http://item.taobao.com/item.htm?id=632258586111,https://kandianbao.com/item/632258586111/,和描述一样(2)
83,https://img.alicdn.com/imgextra/i3/848066728/O1CN012ee3Lx1zZTPKWg3XG_!!848066728.jpg,利仁耐高温家用硅胶油刷六件套硅胶夹子捞面勺硅胶铲厨房做饭工具,	630948623586,,109.0,109.0,199,199,54.77%,1,1276,0,23,203,0.05%,2507,0.02%,22127,350,36,0,,,新品尝鲜,7天无理由|运费险|蚂蚁花呗|信用卡支付|集分宝,厨房/烹饪用具,烹饪用具,全套勺铲,,,2021-05-28,00:00:00,5天1时26分45秒,五,http://item.taobao.com/item.htm?id=630948623586,https://kandianbao.com/item/630948623586/, 
84,https://img.alicdn.com/imgextra/i3/848066728/O1CN01SkIv0v1zZTPEQlQVA_!!848066728.jpg,利仁刀具筷子消毒机厨房智能紫外线消毒刀架多功能家用烘干杀菌机,	614733181567,XDJ-1,319.0,319.0,899,899,35.48%,1,3096,0,23,707,0.05%,7337,0.06%,225533,3916,135,0,,,新品促销,7天无理由|运费险|蚂蚁花呗|信用卡支付|集分宝,厨房电器,餐具消毒机,餐具消毒机,,,2021-05-26,10:05:52,3天11时32分37秒,三,http://item.taobao.com/item.htm?id=614733181567,https://kandianbao.com/item/614733181567/,外观造型时尚(2);价格略贵(2)
85,https://img.alicdn.com/imgextra/i4/848066728/O1CN014jbcFB1zZTOaljLXJ_!!848066728.jpg,利仁电火锅锅电炒锅多用电煮锅电锅多功能炒蒸煮一体式家用大容量,	586340776382,,169.0,169.0,499,499,33.87%,1,689,0,24,2360,0.05%,4056,0.03%,398840,3840,415,0,,,专属优惠,7天无理由|运费险|公益宝贝|蚂蚁花呗|信用卡支付|集分宝,厨房电器,电热/火锅,电热/火锅,,,2021-05-27,14:17:50,4天15时44分35秒,四,http://item.taobao.com/item.htm?id=586340776382,https://kandianbao.com/item/586340776382/,用了几天很好(2);物超所值(2)
86,https://img.alicdn.com/imgextra/i1/848066728/O1CN01AS4nLr1zZTNct4Tyh_!!848066728.jpg,利仁电烧烤炉烤串机家用电烤羊肉串机无烟烧烤电烤盘自动烧烤机,	616585968966,KL-J123,459.0,459.0,799,799,57.45%,2,1616,0,25,971,0.05%,11475,0.10%,445689,3340,212,0,,,专属优惠,7天无理由|运费险|蚂蚁花呗|信用卡支付|集分宝,厨房/烹饪用具,烧烤/烘焙用具,烧烤炉,,,2021-05-25,16:36:08,2天18时2分53秒,二,http://item.taobao.com/item.htm?id=616585968966,https://kandianbao.com/item/616585968966/,太好用了(7);会再来光顾(2);性比价很高(4);售后态度很好(4);功能强大(2);物流快递很快(3)
87,https://img.alicdn.com/imgextra/i3/848066728/O1CN01PEvq0p1zZTP40FaG7_!!848066728-0-lubanu-s.jpg,利仁空气炸锅大容量家用10升超大新款全自动第六代空气炸锅机特价,	616132404422,,869.0,869.0,1398,1398,62.16%,1,3414,0,25,1209,0.05%,21725,0.18%,1050621,4770,231,0,,,热卖促销,7天无理由|运费险|蚂蚁花呗|信用卡支付|集分宝,厨房电器,空气炸锅,空气炸锅,,,2021-05-24,18:50:20,1天20时17分5秒,一,http://item.taobao.com/item.htm?id=616132404422,https://kandianbao.com/item/616132404422/,外观挺大气(5);大容量(2);质量很好(3);大气上档次(2);挺好用(5);噪音越来越大(3)
88,https://img.alicdn.com/imgextra/i4/848066728/O1CN01N8ipap1zZTOkedfmO_!!848066728.jpg,利仁电饼铛电饼档家用加深加大新款薄饼机煎饼烙饼锅烤饼自动断电,	576121519043,,119.0,119.0,399,399,29.82%,1,404,0,29,1074,0.06%,3451,0.03%,127806,1822,85,0,,,专属优惠,7天无理由|运费险|公益宝贝|蚂蚁花呗|信用卡支付|集分宝,厨房电器,电饼铛/华夫饼机/薄饼机,电饼铛/华夫饼机/薄饼机,,,2021-05-23,11:32:10,12时58分55秒,日,http://item.taobao.com/item.htm?id=576121519043,https://kandianbao.com/item/576121519043/, 
89,https://img.alicdn.com/imgextra/i4/848066728/O1CN01X966Zo1zZTPOmHAX5_!!848066728.jpg,利仁果蔬清洗机家用杀菌消毒洗菜机水果蔬菜肉类五谷食材净化机,	629152041385,,1409.0,1409.0,1999,1999,70.49%,1,885,0,29,195,0.06%,40861,0.34%,274755,1452,45,0,,,新品促销,7天无理由|运费险|蚂蚁花呗|信用卡支付|集分宝,厨房电器,果蔬消毒清洗机,果蔬消毒清洗机,,,2021-05-24,14:20:38,1天15时47分23秒,一,http://item.taobao.com/item.htm?id=629152041385,https://kandianbao.com/item/629152041385/,功能性很足(2);容易上手(3);洗的很干净(2);操作简单(6);包装完美(2);商家服务不错(3)
90,https://img.alicdn.com/imgextra/i1/848066728/O1CN01p7pMzj1zZTOe5PoEW_!!848066728.jpg,利仁携式榨汁机多功能小型电动水果榨汁杯料理打果汁搅拌机家用,	599599671834,,149.0,149.0,259,259,57.53%,1,183,0,30,545,0.06%,4470,0.04%,81205,1076,84,0,,,优惠促销,7天无理由|运费险|蚂蚁花呗|信用卡支付|集分宝,厨房电器,榨汁机/原汁机,榨汁机/原汁机,,,2021-05-28,20:26:38,5天21时53分23秒,五,http://item.taobao.com/item.htm?id=599599671834,https://kandianbao.com/item/599599671834/,超级方便(2)
91,https://img.alicdn.com/imgextra/i2/848066728/O1CN01kk4KBz1zZTPQ6Wk58_!!848066728.jpg,利仁电烧烤炉家用无烟烧烤机多功能烧烤机自动旋转电烤肉烤串机,	632776366713,KL-D5006,1299,1299,2999,2999,43.31%,0,267,0,30,178,0.06%,38970,0.33%,231222,5384,43,0,,,上新特惠,7天无理由|运费险|蚂蚁花呗|信用卡支付|集分宝,厨房电器,烤串机/电烤炉/电烤盘,烤串机/电烤炉/电烤盘,,,2021-05-25,11:32:36,2天12时59分21秒,二,http://item.taobao.com/item.htm?id=632776366713,https://kandianbao.com/item/632776366713/,操作简单(5);大小尺寸合身(2);材质不错(3);使用方便(3);售后服务很赞(2);性价比不错(5)
92,https://img.alicdn.com/imgextra/i3/848066728/O1CN01M0wKbs1zZTNZPzlHw_!!848066728.jpg,利仁蒸锅电蒸锅蒸笼大容量多功能家用蒸煮蒸菜插电蒸汽锅双层2人,	635920431503,,219.0,259.0,499,499,51.90%,3,1574,0,31,150,0.07%,7285.000000000001,0.06%,35250.00000000001,270,32,0,,,专属优惠,7天无理由|运费险|蚂蚁花呗|信用卡支付|集分宝,厨房电器,电蒸锅/台式电蒸箱/肠粉机,电蒸锅/台式电蒸箱/肠粉机,,,2021-05-28,16:03:44,5天17时30分29秒,五,http://item.taobao.com/item.htm?id=635920431503,https://kandianbao.com/item/635920431503/,用了几天很好(2);质量很好(2)
93,https://img.alicdn.com/imgextra/i1/848066728/O1CN01GTlz5P1zZTNu3UBxL_!!848066728.jpg,利仁电压力锅智能电防爆高压锅饭煲饭锅家用官方品牌压力锅3-6人,	628258215537,,359.0,499.0,999,999,49.95%,3,3390,0,31,625,0.07%,12865.000000000002,0.11%,259375.00000000003,1064,146,0,,,专属优惠,7天无理由|运费险|蚂蚁花呗|信用卡支付|集分宝,厨房电器,电压力锅,电压力锅,,,2021-05-24,16:00:00,1天17时26分45秒,一,http://item.taobao.com/item.htm?id=628258215537,https://kandianbao.com/item/628258215537/,质量很好(2);颜值高(3);解答超耐心(2);售后态度拽(2)
94,https://img.alicdn.com/imgextra/i4/848066728/O1CN01y9dLcY1zZTOijEpYC_!!848066728.jpg,利仁和面机厨师机家用醒面发酵全自动揉面机搅面机小型恒温发面,	575841794574,HMJ-D4,299.0,299.0,599,599,49.92%,1,1329,0,33,4230,0.07%,9867,0.08%,1264770,20578,673,0,,,优惠促销,7天无理由|运费险|蚂蚁花呗|信用卡支付|集分宝,厨房电器,厨师机/和面机,厨师机/和面机,,,2021-05-25,15:49:16,2天17时16分1秒,二,http://item.taobao.com/item.htm?id=575841794574,https://kandianbao.com/item/575841794574/,功能相对简单(2);这个价钱划算(5);很大(5);第二次回购(2);静音感受无声(3);声音很大(3)
95,https://img.alicdn.com/imgextra/i2/848066728/O1CN016HWCU01zZTPA0u15p_!!848066728.jpg,利仁电饭煲家用电饭锅小2人迷你电饭煲多功能电饭锅煲汤煮饭两用,	641705415408,,499.0,499.0,999,999,49.95%,1,290,0,33,50,0.07%,16467,0.14%,24950,284,13,0,,,专属优惠,7天无理由|运费险|蚂蚁花呗|信用卡支付|集分宝,厨房电器,电饭煲,电饭煲,,,2021-05-27,10:00:00,4天11时26分45秒,四,http://item.taobao.com/item.htm?id=641705415408,https://kandianbao.com/item/641705415408/, 
96,https://img.alicdn.com/imgextra/i1/848066728/O1CN01IPWiuL1zZTPUr9awT_!!848066728-0-lubanu-s.jpg,利仁空气炸锅家用可视网红大容量智能无油电炸锅薯条机绿洲G-11,	637265412058,,899.0,899.0,999,999,89.99%,1,639,0,33,73,0.07%,29667,0.25%,65627,652,25,0,,,热卖促销,7天无理由|运费险|蚂蚁花呗|信用卡支付|集分宝,厨房电器,空气炸锅,空气炸锅,,,2021-05-24,17:14:20,1天18时41分5秒,一,http://item.taobao.com/item.htm?id=637265412058,https://kandianbao.com/item/637265412058/,材质非常大气(2);品牌靠得住(2);颜色很大气(4);用了几天很好(4);方便(2);颜值很高(5)
97,https://img.alicdn.com/imgextra/i3/848066728/O1CN01OT2zHV1zZTOaAQVZT_!!848066728.jpg,利仁炒锅双耳炖锅铁锅老式铸铁锅煤气灶电磁炉炒菜锅家用不粘锅,	609910680252,,149.0,179.0,478,558,32.08%,5,1427,0,36,604,0.08%,5796.000000000001,0.05%,97244.00000000001,5018,135,0,,,热卖促销,7天无理由|运费险|蚂蚁花呗|信用卡支付|集分宝,厨房/烹饪用具,烹饪用具,炒锅,,,2021-05-28,23:42:39,6天1时9分24秒,五,http://item.taobao.com/item.htm?id=609910680252,https://kandianbao.com/item/609910680252/,很贴切服务(4);功能齐全(2);炒菜行(2);质量很好(7);小小很合适(3);真的太划算(3)
98,https://img.alicdn.com/imgextra/i1/848066728/O1CN01VKIvcr1zZTOkSgme3_!!848066728.jpg,利仁电烧烤架烤串机家用电烤炉烤肉炉无烟电烤盘烤肉盘网红烤肉锅,	628362961924,KL-J361,119.0,119.0,299,299,39.80%,1,688,0,38,757,0.08%,4522,0.04%,90083,1710,161,0,,,专属优惠,7天无理由|运费险|蚂蚁花呗|信用卡支付|集分宝,厨房/烹饪用具,烧烤/烘焙用具,烧烤炉,,,2021-05-27,13:59:04,4天15时25分49秒,四,http://item.taobao.com/item.htm?id=628362961924,https://kandianbao.com/item/628362961924/,操控很方便(2);做工很精致(2);用起来还不错(3)
99,https://img.alicdn.com/imgextra/i3/848066728/O1CN01RmHli31zZTOAlh0s0_!!848066728.jpg,利仁电热水壶家用茶台烧水壶保温一体烧水壶电热自动家用泡茶专用,	561125546405,,89.0,109.0,199,199,54.77%,3,4091,0,40,822,0.09%,3880,0.03%,79734,942,105,0,,,专属优惠,7天无理由|运费险|公益宝贝|蚂蚁花呗|信用卡支付|集分宝,厨房电器,电热水壶,电热水壶,,,2021-05-28,13:59:57,5天15时26分42秒,五,http://item.taobao.com/item.htm?id=561125546405,https://kandianbao.com/item/561125546405/,比较厚实(2);大家很喜欢(6);外形吸引(2);颜值超赞(3)
100,https://img.alicdn.com/imgextra/i1/848066728/O1CN01rnjmDZ1zZTP4OCmOn_!!848066728.jpg,利仁快速制冷杯电热杯冰饮料热牛奶神器加热冷热两用速冷杯恒温杯,	642365571408,,329.0,329.0,699,699,47.07%,2,157,0,40,47,0.09%,13160,0.11%,15463,192,7,0,,,专属优惠,7天无理由|运费险|蚂蚁花呗|信用卡支付|集分宝,厨房电器,电热杯,电热杯,,,2021-05-27,09:25:57,4天10时52分42秒,四,http://item.taobao.com/item.htm?id=642365571408,https://kandianbao.com/item/642365571408/, 
101,https://img.alicdn.com/imgextra/i3/848066728/O1CN01lHMEM41zZTNE1jFoB_!!848066728.jpg,利仁自动升降电火锅锅智能家用多功能一体锅电热锅电蒸煮锅分体锅,	604072478924,,359.0,429.0,899,899,47.72%,2,2322,0,41,3524,0.09%,15867.000000000002,0.13%,1363788.0000000002,28218,779,0,,,专属优惠,7天无理由|运费险|蚂蚁花呗|信用卡支付|集分宝,厨房电器,电热/火锅,电热/火锅,,,2021-05-26,01:01:01,3天2时27分46秒,三,http://item.taobao.com/item.htm?id=604072478924,https://kandianbao.com/item/604072478924/,加热的速度快(3);用了几天很好(8);打火锅很方便(5);性比价超高(4);颜值高(14);锅底留下印记(2)
102,https://img.alicdn.com/imgextra/i2/848066728/O1CN01X15cXN1zZTPRaj3R1_!!848066728.jpg,利仁烤涮一体锅电烤锅火锅锅烧烤一体家用麦饭石多功能煎煮一体锅,	637356150091,,219.0,219.0,499,499,43.89%,2,279,0,44,335,0.09%,9636,0.08%,73365,458,36,0,,,专属优惠,7天无理由|运费险|蚂蚁花呗|信用卡支付|集分宝,厨房电器,电热/火锅,电热/火锅,,,2021-05-28,16:24:25,5天17时51分10秒,五,http://item.taobao.com/item.htm?id=637356150091,https://kandianbao.com/item/637356150091/,适合不粘锅(3);客服不错(2);上热很快(3);好用(4);卫生(3);清洗麻烦(2)
103,https://img.alicdn.com/imgextra/i3/848066728/O1CN01NBUrUu1zZTI8kcw8G_!!848066728.jpg,利仁电饼铛档家用双面加热新款自动断电烤饼煎饼机烙饼锅加深加大,	564940862100,,299.0,299.0,399,399,74.94%,1,184,0,45,54481,0.10%,13455,0.11%,16289819,53324,2227,4,,,专属优惠,7天无理由|运费险|公益宝贝|蚂蚁花呗|信用卡支付|集分宝,厨房电器,电饼铛/华夫饼机/薄饼机,电饼铛/华夫饼机/薄饼机,,,2021-05-28,00:00:00,5天1时26分45秒,五,http://item.taobao.com/item.htm?id=564940862100,https://kandianbao.com/item/564940862100/,热度很高(6);一擦就干净(2);老牌子(5);功能齐全(5);好用(22);预热慢些(2)
104,https://img.alicdn.com/imgextra/i4/848066728/O1CN01z6VqgO1zZTOr9rwPX_!!848066728.jpg,利仁蒜泥器手动压蒜器捣蒜泥神器打蒜蓉大蒜搅碎机切绞拉蒜末家用,	636127449572,LSQ-181,40.0,40.0,59.9,59.9,66.78%,1,2207,0,46,545,0.10%,1840,0.02%,21800,252,84,0,,,热卖促销,7天无理由|运费险|新品|蚂蚁花呗|信用卡支付|集分宝,厨房/烹饪用具,厨用小工具/厨房储物,剥蒜器/压蒜器,,,2021-05-28,10:24:43,5天11时51分28秒,五,http://item.taobao.com/item.htm?id=636127449572,https://kandianbao.com/item/636127449572/,配送很快(2);售后态度很好(2)
105,https://img.alicdn.com/imgextra/i2/848066728/O1CN019GZ6Hz1zZTOfLqxB5_!!848066728.jpg,利仁电饼铛家用双面加热新款电饼档煎饼机自动断电烙饼锅加深加大,	545879454076,LR-D3066,219.0,219.0,699,699,31.33%,1,1582,0,49,24272,0.10%,10731,0.09%,5315568,24850,411,8,,,专属优惠,7天无理由|运费险|公益宝贝|蚂蚁花呗|信用卡支付|集分宝,厨房电器,电饼铛/华夫饼机/薄饼机,电饼铛/华夫饼机/薄饼机,,,2021-05-23,13:25:46,14时52分31秒,日,http://item.taobao.com/item.htm?id=545879454076,https://kandianbao.com/item/545879454076/,方便(2);挺好用(3)
106,https://img.alicdn.com/imgextra/i1/848066728/O1CN01UVUgx31zZTLrC8CAk_!!848066728.jpg,利仁空气炸锅家用全自动新款小型无油低脂电炸锅烤箱炸薯条机特价,	606469641458,,239.0,239.0,478,478,50.00%,1,3855,0,49,10994,0.10%,11711,0.10%,2627566,58978,2195,0,,,热卖促销,7天无理由|运费险|蚂蚁花呗|信用卡支付|集分宝,厨房电器,空气炸锅,空气炸锅,,,2021-05-27,14:27:52,4天15时54分37秒,四,http://item.taobao.com/item.htm?id=606469641458,https://kandianbao.com/item/606469641458/,两三个人够用(2);好用(11);价格便宜(8);质量很好(3);清洗很方便(9);售后真心差劲(3)
107,https://img.alicdn.com/imgextra/i4/848066728/O1CN01Pn3uWb1zZTKUEYu6f_!!848066728.jpg,利仁智能多功能小电热锅学生宿舍煮面分体电煮锅电火锅小型加热锅,	614505020704,,109.0,119.0,259,259,45.95%,2,368,0,50,1254,0.11%,5650,0.05%,141702,3328,238,0,,,专属优惠,7天无理由|运费险|蚂蚁花呗|信用卡支付|集分宝,厨房电器,电热/火锅,电热/火锅,,,2021-05-26,15:56:47,3天17时23分32秒,三,http://item.taobao.com/item.htm?id=614505020704,https://kandianbao.com/item/614505020704/,烧水挺快(2);好用(4);小小很合适(2);值得信赖(2);包装太简陋(3)
108,https://img.alicdn.com/imgextra/i1/848066728/O1CN01lnXUtQ1zZTMsOkVnP_!!848066728-0-lubanu-s.jpg,利仁早餐机多功能小型三合一轻食机家用烤面包机吐司全自动多士炉,	625478265526,G-9,499,499,899,899,55.51%,0,1020,0,50,575,0.11%,24950,0.21%,286925,2932,89,0,,,专属优惠,7天无理由|运费险|蚂蚁花呗|信用卡支付|集分宝,厨房电器,多士炉/早餐机,多士炉/早餐机,,,2021-05-24,15:13:27,1天16时40分12秒,一,http://item.taobao.com/item.htm?id=625478265526,https://kandianbao.com/item/625478265526/,操控很方便(5);性比价很高(4);操作简单(2);客服服务好评(3);颜值高(9);配送速度很快(2)
109,https://img.alicdn.com/imgextra/i1/848066728/O1CN01TBIBbd1zZTNrHLYbW_!!848066728.jpg,利仁电火锅锅家用电炒锅电热锅煮面小锅多功能宿舍锅电煮锅学生锅,	537891646357,,119.0,139.0,299,299,46.49%,4,2169,0,52,33848,0.11%,6604,0.06%,4298696,27666,782,2,,,专属优惠,7天无理由|运费险|公益宝贝|蚂蚁花呗|信用卡支付|集分宝,厨房电器,电热/火锅,电热/火锅,,,2021-05-23,16:31:43,17时58分28秒,日,http://item.taobao.com/item.htm?id=537891646357,https://kandianbao.com/item/537891646357/,价格挺不错(2);第二次(4);适合不粘锅(3);好用(4);颜值高(2);非常方便(2)
110,https://img.alicdn.com/imgextra/i4/848066728/O1CN01qyjd9w1zZTOXpbq2l_!!848066728.jpg,利仁家用煎烤机双面加热可拆洗电饼铛加深加大多功能烙饼锅煎饼机,	630101326453,C-6,399.0,399.0,799,799,49.94%,1,590,0,52,411,0.11%,20748,0.17%,163989,1344,77,0,,,专属优惠,7天无理由|运费险|蚂蚁花呗|信用卡支付|集分宝,厨房电器,电饼铛/华夫饼机/薄饼机,电饼铛/华夫饼机/薄饼机,,,2021-05-29,17:45:58,6天19时12分43秒,六,http://item.taobao.com/item.htm?id=630101326453,https://kandianbao.com/item/630101326453/,方形实用(2);很多次(2);好用(6);加热的速度快(4);质量很好(2);清洗很方便(4)
111,https://img.alicdn.com/imgextra/i4/848066728/O1CN01Fhz7Du1zZTKTGHipU_!!848066728.jpg,利仁HG-A1202小型宿舍用学生锅迷你电煮锅寝室煮面一人小功率单人,	521702057590,,69.0,239.0,129,359,66.57%,3,3469,0,54,13452,0.11%,7398,0.06%,1842924,12140,1195,1,,,专属优惠,7天无理由|运费险|公益宝贝|蚂蚁花呗|信用卡支付|集分宝,厨房电器,电热/火锅,电热/火锅,,,2021-05-23,16:31:30,17时58分15秒,日,http://item.taobao.com/item.htm?id=521702057590,https://kandianbao.com/item/521702057590/,煮东西很有力(2);好用(5);一个人用不错(2);质量很好(4);方便(3);有点小(2)
112,https://img.alicdn.com/imgextra/i4/848066728/O1CN0158xpTe1zZTPP2yRAk_!!848066728-0-lubanu-s.jpg,利仁铁锅炒锅家用炒菜锅老式平底锅燃气灶电磁炉通用无涂层不粘锅,	611663831285,,69.0,159.0,209,209,76.08%,3,1325,0,57,3317,0.12%,5985,0.05%,348285,8422,0,0,,,热卖促销,7天无理由|运费险|蚂蚁花呗|信用卡支付|集分宝,厨房/烹饪用具,烹饪用具,炒锅,,,2021-05-26,10:11:09,3天11时37分54秒,三,http://item.taobao.com/item.htm?id=611663831285,https://kandianbao.com/item/611663831285/, 
113,https://img.alicdn.com/imgextra/i1/848066728/O1CN01MKTKqK1zZTObUgyMx_!!848066728.jpg,利仁家用电饼铛电饼档双面可拆洗加深加大款煎饼机烙饼锅自动断电,	615663568474,LR-S3000,459.0,459.0,899,899,51.06%,1,782,0,59,2326,0.13%,27081,0.23%,1067634,4372,549,0,,,专属优惠,7天无理由|运费险|蚂蚁花呗|信用卡支付|集分宝,厨房电器,电饼铛/华夫饼机/薄饼机,电饼铛/华夫饼机/薄饼机,,,2021-05-23,11:05:40,12时32分25秒,日,http://item.taobao.com/item.htm?id=615663568474,https://kandianbao.com/item/615663568474/,预热特别快(3);可拆卸(2);很重(3);多功能(5);好用(19);有点小贵(2)
114,https://img.alicdn.com/imgextra/i1/848066728/O1CN01LqP5Fn1zZTOw8hvGo_!!848066728-0-lubanu-s.jpg,利仁空气炸锅2升家用无油薯条机新款全自动多功能大容量电炸锅,	628456277666,,459.0,459.0,499,499,91.98%,1,1558,0,60,203,0.13%,27540,0.23%,93177,574,33,0,,,热卖促销,7天无理由|运费险|蚂蚁花呗|信用卡支付|集分宝,厨房电器,空气炸锅,空气炸锅,,,2021-05-24,15:16:22,1天16时43分7秒,一,http://item.taobao.com/item.htm?id=628456277666,https://kandianbao.com/item/628456277666/, 
115,https://img.alicdn.com/imgextra/i4/848066728/O1CN01q8nVAG1zZTOp3dUoB_!!848066728-0-lubanu-s.jpg,利仁空气炸锅5.5L大容量家用煎炸锅薯条机多功能煎炸锅电炸锅,	627208507408,,599.0,599.0,869,869,68.93%,1,3912,0,62,598,0.13%,37138,0.31%,358202,2646,116,0,,,热卖促销,7天无理由|运费险|蚂蚁花呗|信用卡支付|集分宝,厨房电器,空气炸锅,空气炸锅,,,2021-05-28,14:05:26,5天15时32分11秒,五,http://item.taobao.com/item.htm?id=627208507408,https://kandianbao.com/item/627208507408/,异味挺有(2);特别大(2);功能效果好用(2);加热很均匀(2);好用(11);有点大(2)
116,https://img.alicdn.com/imgextra/i1/848066728/O1CN013hEHCp1zZTP8JGNaV_!!848066728.jpg,利仁DHG-400电火锅家用多功能电热锅分体电炒一体电煮锅大容量,	636999051805,,259.0,259.0,599,599,43.24%,1,237,0,64,67,0.14%,16576,0.14%,17353,36,0,0,,,专属优惠,7天无理由|运费险|蚂蚁花呗|信用卡支付|集分宝,厨房电器,电热/火锅,电热/火锅,,,2021-05-25,13:38:26,2天15时5分11秒,二,http://item.taobao.com/item.htm?id=636999051805,https://kandianbao.com/item/636999051805/, 
117,https://img.alicdn.com/imgextra/i3/848066728/O1CN01dmbTH21zZTP395hJo_!!848066728.jpg,利仁便携榨汁杯家用小型多功能榨水果迷你榨汁机学生宿舍果汁杯,	629767998161,LLJ-A306,99.0,99.0,199,199,49.75%,1,1926,0,66,267,0.14%,6534,0.06%,26433,368,40,0,,,优惠促销,7天无理由|运费险|蚂蚁花呗|信用卡支付|集分宝,厨房电器,迷你厨房电器,迷你榨汁机,,,2021-05-29,15:30:30,6天16时57分15秒,六,http://item.taobao.com/item.htm?id=629767998161,https://kandianbao.com/item/629767998161/,小号很小巧(3);好好用(3);好看(2);便携性挺方便(5);前台服务挺好(3);太小(3)
118,https://img.alicdn.com/imgextra/i2/848066728/O1CN01HOTEgE1zZTOzXjG9V_!!848066728-0-lubanu-s.jpg,利仁筷子消毒机家用小型厨房刀叉勺架多功能杀菌烘干除味收纳筷架,	629461190694,青鸾,209.0,209.0,399,399,52.38%,3,1858,0,72,2033,0.15%,15048,0.13%,424897,1014,92,0,,,新品促销,7天无理由|运费险|蚂蚁花呗|信用卡支付|集分宝,厨房电器,餐具消毒机,餐具消毒机,,,2021-05-28,15:20:13,5天16时46分58秒,五,http://item.taobao.com/item.htm?id=629461190694,https://kandianbao.com/item/629461190694/,价格适中(3);操控很方便(3);不占地方(4);消毒很好(3);包装严实(4);颜色不好看(3)
119,https://img.alicdn.com/imgextra/i1/848066728/O1CN0100g1ti1zZTPOd7Pjt_!!848066728.jpg,利仁电鸳鸯锅电火锅锅家用多功能锅电热锅电煮锅火火锅烧烤一体锅,	561068919947,,199.0,199.0,499,499,39.88%,1,336,0,82,31945,0.17%,16318,0.14%,6357055,38750,1999,5,,,专属优惠,7天无理由|运费险|公益宝贝|蚂蚁花呗|信用卡支付|集分宝,厨房电器,电热/火锅,电热/火锅,,,2021-05-27,21:00:00,4天22时26分45秒,四,http://item.taobao.com/item.htm?id=561068919947,https://kandianbao.com/item/561068919947/,加热的速度快(18);速度飞快(2);功率大小适中(11);容纳很大(11);方便(18);外壳压碎一块(2)
120,https://img.alicdn.com/imgextra/i3/848066728/O1CN01Sf1lpZ1zZTPYrv4Ky_!!848066728-0-lubanu-s.jpg,利仁空气炸锅智能触控家用新款大容量电炸锅无油低脂薯条机烤箱,	629488014072,,499.0,499.0,899,899,55.51%,1,1430,0,82,585,0.17%,40918,0.34%,291915,1424,117,0,,,热卖促销,7天无理由|运费险|蚂蚁花呗|信用卡支付|集分宝,厨房电器,空气炸锅,空气炸锅,,,2021-05-23,00:36:26,2时3分11秒,日,http://item.taobao.com/item.htm?id=629488014072,https://kandianbao.com/item/629488014072/,操作很容易(3);清洗很方便(6);性比价超高(4);配色好看(3);孩子们很喜欢(2);大方(2)
121,https://img.alicdn.com/imgextra/i4/848066728/O1CN01e1ehmM1zZTPBgx7X1_!!848066728.jpg,利仁多功能料理锅电烤肉火锅一体锅家用多功能电烤锅多用锅网红锅,	629688231727,,999.0,999.0,1999,1999,49.97%,2,1466,0,82,1889,0.17%,81918,0.69%,1887111,12322,393,0,,,专属优惠,7天无理由|运费险|蚂蚁花呗|信用卡支付|集分宝,厨房电器,多功能料理锅,多功能料理锅,,,2021-05-26,11:00:00,3天12时26分45秒,三,http://item.taobao.com/item.htm?id=629688231727,https://kandianbao.com/item/629688231727/,方便蒸煮(2);烧水特别快(2);很简单(26);功能很齐全(30);速度飞快(2);做工粗糙(6)
122,https://img.alicdn.com/imgextra/i3/848066728/O1CN01dHaDyD1zZTKNi6FyA_!!848066728.jpg,利仁电饼铛双面加热新款加深加大家用电饼档煎饼机烤饼烙饼锅正品,	563028828714,,229.0,229.0,399,399,57.39%,1,1555,0,83,12273,0.18%,19007,0.16%,2810517,24320,893,0,,,专属优惠,7天无理由|运费险|公益宝贝|蚂蚁花呗|信用卡支付|集分宝,厨房电器,电饼铛/华夫饼机/薄饼机,电饼铛/华夫饼机/薄饼机,,,2021-05-25,17:31:01,2天18时57分46秒,二,http://item.taobao.com/item.htm?id=563028828714,https://kandianbao.com/item/563028828714/,适合不粘锅(2);功能非常齐全(2);功能效果好用(2);煎东西巴适(2);好用(9);商家发货慢(3)
123,https://img.alicdn.com/imgextra/i1/848066728/O1CN0156WiGi1zZTPWbXot5_!!848066728-0-lubanu-s.jpg,利仁空气炸锅家用无油多功能电炸锅大容量全自动炸薯条机KZ-J2502,	606907891382,,369.0,369.0,598,598,61.71%,1,497,0,85,776,0.18%,31365,0.26%,286344,5030,156,0,,,热卖促销,7天无理由|运费险|蚂蚁花呗|信用卡支付|集分宝,厨房电器,空气炸锅,空气炸锅,,,2021-05-28,16:25:11,5天17时51分56秒,五,http://item.taobao.com/item.htm?id=606907891382,https://kandianbao.com/item/606907891382/,效果超棒(2)
124,https://img.alicdn.com/imgextra/i3/848066728/O1CN01qK8hO51zZTPTcIj1r_!!848066728-0-lubanu-s.jpg,利仁绞肉机家用电动小型绞馅机多功能打肉馅蒜泥不锈钢搅拌机辅食,	597948416297,,129.0,199.0,199,499,39.88%,4,4700,0,89,7584,0.19%,13973.000000000002,0.12%,1190688.0000000002,9870,1336,0,,,热卖促销,7天无理由|运费险|蚂蚁花呗|信用卡支付|集分宝,厨房电器,绞肉/碎肉/绞菜机,绞肉/碎肉/绞菜机,,,2021-05-23,14:26:30,15时53分15秒,日,http://item.taobao.com/item.htm?id=597948416297,https://kandianbao.com/item/597948416297/,声音不大(15);客服服务好评(12);打的很细(3);绞肉绞菜很好(18);空间容量很大(11);和描述的相符(4)
125,https://img.alicdn.com/imgextra/i2/848066728/O1CN01bgyQwP1zZTNxbOefq_!!848066728.jpg,利仁电火锅锅家用电煮锅电锅多功能一体锅料理锅电热锅电炒锅分体,	620700547230,,459.0,459.0,899,899,51.06%,1,353,0,93,1894,0.20%,42687,0.36%,869346,8888,332,0,,,专属优惠,7天无理由|运费险|蚂蚁花呗|信用卡支付|集分宝,厨房电器,电热/火锅,电热/火锅,,,2021-05-27,10:00:00,4天11时26分45秒,四,http://item.taobao.com/item.htm?id=620700547230,https://kandianbao.com/item/620700547230/,适合不粘锅(6);适合两个人用(2);火力大(4);容量大(8);清洗很方便(11);客服青梅(2)
126,https://img.alicdn.com/imgextra/i4/848066728/O1CN01DsURNJ1zZTOCigBI3_!!848066728.jpg,利仁恒温热水壶电热水壶恒温水壶调奶烧水壶电热自动家用保温一体,	630168247595,,309.0,309.0,599,599,51.59%,1,356,0,99,9574,0.21%,30591,0.26%,2958366,10340,1878,0,,,专属优惠,7天无理由|运费险|蚂蚁花呗|信用卡支付|集分宝,厨房电器,电热水壶,电热水壶,,,2021-05-26,22:35:59,4天2分44秒,三,http://item.taobao.com/item.htm?id=630168247595,https://kandianbao.com/item/630168247595/,莫兰迪色壶身(2);女儿超满意(5);薇娅推荐(7);烧水声音很小(19);保温好好(61);差评店铺(2)
127,https://img.alicdn.com/imgextra/i3/848066728/O1CN01zMaSv01zZTPCvBGL1_!!848066728-0-lubanu-s.jpg,利仁空气炸锅家用大容量新款无油电炸锅网红薯条机智能全自动10升,	45414756035,,599.0,599.0,3999,3999,14.98%,1,3603,0,104,12974,0.22%,62296,0.52%,7771426,34104,1947,1,,,热卖促销,7天无理由|运费险|公益宝贝|蚂蚁花呗|信用卡支付|集分宝,厨房电器,空气炸锅,空气炸锅,,,2021-05-25,09:53:39,2天11时20分24秒,二,http://item.taobao.com/item.htm?id=45414756035,https://kandianbao.com/item/45414756035/,烤地瓜很简单(8);非常实用(5);味道很好(4);个头很大(8);用了几天很好(26);商家服务差(3)
128,https://img.alicdn.com/imgextra/i3/848066728/O1CN01oTsN3h1zZTOXZdWCC_!!848066728.jpg,利仁电饼铛家用多功能加深加大电煎锅单面加热烙饼锅平底锅煎饼机,	569727337713,,219.0,219.0,499,499,43.89%,1,603,0,105,6898,0.22%,22995,0.19%,1510662,11510,1296,0,,,专属优惠,7天无理由|运费险|公益宝贝|蚂蚁花呗|信用卡支付|集分宝,厨房电器,电饼铛/华夫饼机/薄饼机,电饼铛/华夫饼机/薄饼机,,,2021-05-25,18:48:13,2天20时14分58秒,二,http://item.taobao.com/item.htm?id=569727337713,https://kandianbao.com/item/569727337713/,火候完全可控(2);第二台(2);可以煎炒(2);一锅多用(3);比较大(2);非常实用(2)
129,https://img.alicdn.com/imgextra/i3/848066728/O1CN01cUvJX41zZTOztHKWi_!!848066728-0-lubanu-s.jpg,利仁硅胶油刷子厨房烙饼家用耐高温不掉毛电饼铛烤箱食用小油刷,	602592007187,GJS-1,29.9,29.9,99,99,30.20%,3,934,0,120,26818,0.26%,3588,0.03%,801858.2,5272,5842,0,,,热卖促销,7天无理由|运费险|蚂蚁花呗|信用卡支付|集分宝,厨房/烹饪用具,烧烤/烘焙用具,烧烤刷,,,2021-05-28,10:21:14,5天11时47分59秒,五,http://item.taobao.com/item.htm?id=602592007187,https://kandianbao.com/item/602592007187/,清洗起来方便(10);包装袋精致(4);耐高温(2);没有小味道(6);下次再来(4);不是很好用(3)
130,https://img.alicdn.com/imgextra/i1/848066728/O1CN01DKainb1zZTP7ApZkM_!!848066728-0-lubanu-s.jpg,利仁空气炸锅家用无油全自动多功能智能新款大容量电薯条机2.8L,	628457453719,,499.0,499.0,599,599,83.31%,1,2300,0,125,2855,0.27%,62375,0.53%,1424645,4960,418,0,,,热卖促销,7天无理由|运费险|蚂蚁花呗|信用卡支付|集分宝,厨房电器,空气炸锅,空气炸锅,,,2021-05-25,16:19:21,2天17时46分6秒,二,http://item.taobao.com/item.htm?id=628457453719,https://kandianbao.com/item/628457453719/,很好看红色(13);温度可以调节(2);声音不大(4);很简约(2);清洗很方便(19);功效一般(3)
131,https://img.alicdn.com/imgextra/i2/848066728/O1CN01ot2ftj1zZTLeHjUu6_!!848066728.jpg,利仁电火锅家用多功能不粘涮烤一体锅室内烤肉电烤盘烧烤炉2-4人,	527615159853,,139.0,139.0,279,279,49.82%,2,5685,0,128,73941,0.27%,17792,0.15%,10277799,117572,615,3,,,专属优惠,7天无理由|运费险|公益宝贝|蚂蚁花呗|信用卡支付|集分宝,厨房电器,电热/火锅,电热/火锅,,,2021-05-24,00:00:00,1天1时26分45秒,一,http://item.taobao.com/item.htm?id=527615159853,https://kandianbao.com/item/527615159853/, 
132,https://img.alicdn.com/imgextra/i4/848066728/O1CN01jg3GB51zZTP3tsROP_!!848066728-0-lubanu-s.jpg,利仁烤面包机家用小型多士炉多功能全自动早餐机烤吐司机懒人电器,	606863004969,ZCJ-DS801,169.0,179.0,199,299,59.87%,2,1291,0,128,18199,0.27%,22144.000000000004,0.19%,3148427.0000000005,22642,3525,0,,,专属优惠,7天无理由|运费险|蚂蚁花呗|信用卡支付|集分宝,厨房电器,多士炉/早餐机,多士炉/早餐机,,,2021-05-28,01:02:00,5天2时28分45秒,五,http://item.taobao.com/item.htm?id=606863004969,https://kandianbao.com/item/606863004969/,回购不错(3);很便宜(20);简单方便(3);不占地方(9);方便(19);不会买(2)
133,https://img.alicdn.com/imgextra/i4/848066728/O1CN01lfjXVa1zZTODTJPsb_!!848066728.jpg,烧烤夹不粘锅专用牛排夹430不锈钢烤肉夹子耐高温硅胶防烫食物夹,	606632119625,GJJ-1,19.9,19.9,99.9,99.9,19.92%,1,4087,0,130,5268,0.28%,2587,0.02%,104833.2,1822,1111,0,,,优惠促销,7天无理由|运费险|蚂蚁花呗|信用卡支付|集分宝,厨房/烹饪用具,烧烤/烘焙用具,烧烤夹/叉/铲/针,,,2021-05-29,11:32:30,6天12时59分15秒,六,http://item.taobao.com/item.htm?id=606632119625,https://kandianbao.com/item/606632119625/,没异味(3);用了几天很好(7);质量很好(8);清洗很方便(2);物美价廉(2);包装很简单(3)
134,https://img.alicdn.com/imgextra/i1/848066728/O1CN01K7VDr11zZTPU8IspH_!!848066728.jpg,利仁蒸蛋器自动断电家用小型多功能煮蛋器迷你宿舍早餐煮鸡蛋神器,	642284528935,,79.0,79.0,159,159,49.69%,1,486,0,159,161,0.34%,12561,0.11%,12719,378,20,0,,,专属优惠,7天无理由|运费险|蚂蚁花呗|信用卡支付|集分宝,厨房电器,煮蛋器/蒸蛋器,煮蛋器/蒸蛋器,,,2021-05-25,17:27:16,2天18时54分1秒,二,http://item.taobao.com/item.htm?id=642284528935,https://kandianbao.com/item/642284528935/, 
135,https://img.alicdn.com/imgextra/i1/848066728/O1CN01CaWUWY1zZTNaO4RlB_!!848066728.jpg,利仁网红薄饼机春饼机春卷皮家用电饼铛千层皮博饼机煎饼烙饼锅烤,	570787039009,,89.0,89.0,199,199,44.72%,2,2122,0,164,20976,0.35%,14596,0.12%,1866864,26356,4294,0,,,专属优惠,7天无理由|运费险|蚂蚁花呗|信用卡支付|集分宝,厨房电器,电饼铛/华夫饼机/薄饼机,电饼铛/华夫饼机/薄饼机,,,2021-05-26,00:00:00,3天1时26分45秒,三,http://item.taobao.com/item.htm?id=570787039009,https://kandianbao.com/item/570787039009/,品牌还不错(4);适合不粘锅(5);特别省时(2);薄款坚硬(2);加热效果真好(8);不好用(2)
136,https://img.alicdn.com/imgextra/i1/848066728/O1CN01boCMG21zZTPJGD6Y9_!!0-item_pic.jpg,利仁净水壶家用自来水过滤器净水器厨房直饮过滤水壶净化器滤芯,	640337720432,JSH35-01,149.0,304.0,309,309,98.38%,2,1166,0,176,278,0.37%,37136.00000000001,0.31%,58658.00000000001,706,61,0,,,热卖促销,7天无理由|运费险|蚂蚁花呗|信用卡支付|集分宝,厨房电器,净水器,净水器,,,2021-05-25,10:00:00,2天11时26分45秒,二,http://item.taobao.com/item.htm?id=640337720432,https://kandianbao.com/item/640337720432/,没有发现水垢(3);客服服务好评(6);没异味(3);热水来的很快(2);使用方便(2);颜值高(7)
137,https://img.alicdn.com/imgextra/i4/848066728/O1CN01ouMSe71zZTOctW58s_!!848066728.jpg,利仁趣味电饼铛料理锅家用双面加热可拆洗涮烤一体烙煎饼锅绿洲G1,	603493520162,g-1,799.0,1099.0,1198,1999,54.98%,2,4101,0,209,25828,0.44%,192071,1.62%,23735932,263556,5228,0,,,专属优惠,7天无理由|运费险|蚂蚁花呗|信用卡支付|集分宝,厨房电器,电饼铛/华夫饼机/薄饼机,电饼铛/华夫饼机/薄饼机,,,2021-05-26,21:51:30,3天23时18分15秒,三,http://item.taobao.com/item.htm?id=603493520162,https://kandianbao.com/item/603493520162/,三个档位(2);适合不粘锅(26);不易糊(8);油烟少(2);煎饺毫不费力(9);上盖比较松(2)
138,https://img.alicdn.com/imgextra/i2/848066728/O1CN01fO0Sz71zZTPLvHm8T_!!848066728-0-lubanu-s.jpg,利仁空气炸锅家用新款特价大容量电炸锅无油低脂全自动薯条机烤箱,	561130834933,,359.0,359.0,999,999,35.94%,2,11691,0,221,7944,0.47%,79339,0.67%,2851896,19124,1465,0,,,热卖促销,7天无理由|运费险|公益宝贝|蚂蚁花呗|信用卡支付|集分宝,厨房电器,空气炸锅,空气炸锅,,,2021-05-29,16:18:54,6天17时45分39秒,六,http://item.taobao.com/item.htm?id=561130834933,https://kandianbao.com/item/561130834933/,烤红薯给力(12);白色好看(6);好用(41);个头很大(6);第三次回购(2);受热不均匀(2)
139,https://img.alicdn.com/imgextra/i1/848066728/O1CN01G97kUG1zZTNk3LVSu_!!848066728.jpg,利仁三明治早餐机多功能轻食机懒人家用甜甜圈烤盘华夫饼机神器,	626432213116,,169.0,189.0,399,399,47.37%,4,591,0,237,9318,0.50%,41949.00000000001,0.35%,1649286.0000000002,12436,1670,0,,,专属优惠,7天无理由|运费险|蚂蚁花呗|信用卡支付|集分宝,厨房电器,三明治机,三明治机,,,2021-05-23,10:00:00,11时26分45秒,日,http://item.taobao.com/item.htm?id=626432213116,https://kandianbao.com/item/626432213116/,煎蛋不用锅(3);不粘(2);用了几天很好(21);价格便宜(12);小巧(9);味道放不进去(2)
140,https://img.alicdn.com/imgextra/i3/848066728/O1CN01jzN94I1zZTKUKc3Rk_!!848066728.jpg,利仁电火火锅家用多功能一体锅大容量电锅多功能家用电炒锅电煮锅,	538738635812,,119.0,149.0,499,499,29.86%,5,3810,0,255,11415,0.54%,33405,0.28%,1495365,8148,1062,1,,,专属优惠,7天无理由|运费险|公益宝贝|蚂蚁花呗|信用卡支付|集分宝,厨房电器,电热/火锅,电热/火锅,,,2021-05-23,09:23:26,10时50分11秒,日,http://item.taobao.com/item.htm?id=538738635812,https://kandianbao.com/item/538738635812/,煎饼一点不焦(2);适合不粘锅(3);火力大(6);一直用牌子(3);多功能(4);好用(11)
141,https://img.alicdn.com/imgextra/i1/848066728/O1CN01SDCoEJ1zZTOCaAPHp_!!848066728.jpg,利仁网红薄饼机春卷皮家用电饼铛春饼机博饼机抖音煎饼烙饼锅正品,	41983124533,BC-411A,89.0,89.0,269,269,33.09%,2,623,0,266,112698,0.57%,23674,0.20%,10030122,190398,6001,6,,,专属优惠,7天无理由|运费险|公益宝贝|蚂蚁花呗|信用卡支付|集分宝,厨房电器,电饼铛/华夫饼机/薄饼机,电饼铛/华夫饼机/薄饼机,,,2021-05-28,11:28:30,5天12时55分15秒,五,http://item.taobao.com/item.htm?id=41983124533,https://kandianbao.com/item/41983124533/,颜色非常漂亮(2);加热的速度快(8);质量很好(15);方便(27);味道不错(5);操作很累(2)
142,https://img.alicdn.com/imgextra/i2/848066728/O1CN01vOq3Pe1zZTPajOQIN_!!848066728.jpg,利仁家用煎烤机双面加热电饼铛可拆洗自动断电烙饼锅加深加大款,	635166552223,,499.0,499.0,899,899,55.51%,2,488,0,297,1675,0.63%,148203,1.25%,835825,4458,284,0,,,专属优惠,7天无理由|运费险|蚂蚁花呗|信用卡支付|集分宝,厨房电器,电饼铛/华夫饼机/薄饼机,电饼铛/华夫饼机/薄饼机,,,2021-05-27,09:04:08,4天10时30分53秒,四,http://item.taobao.com/item.htm?id=635166552223,https://kandianbao.com/item/635166552223/,做饼很美味(3);适合不粘锅(7);挺有分量(2);功能多(5);质量很好(6);火力不足(3)
143,https://img.alicdn.com/imgextra/i2/848066728/O1CN01JdAjgA1zZTOI3n6HJ_!!848066728.jpg,利仁电烧烤炉家用烧烤无烟全自动烤串机电烤盘烤肉机烤肉炉烧烤机,	585868496698,KL-J121,379.0,429.0,799,799,53.69%,3,1638,0,298,53347,0.63%,118902.00000000001,1.00%,21285453.000000004,416410,12210,0,,,专属优惠,7天无理由|运费险|公益宝贝|蚂蚁花呗|信用卡支付|集分宝,厨房电器,烤串机/电烤炉/电烤盘,烤串机/电烤炉/电烤盘,,,2021-05-23,10:13:52,11时40分37秒,日,http://item.taobao.com/item.htm?id=585868496698,https://kandianbao.com/item/585868496698/,好拆卸安装(3);受热均匀(4);太方便了(14);档位容易调节(2);清洗起来方便(43);烤的比较麻烦(2)
144,https://img.alicdn.com/imgextra/i1/848066728/O1CN01UGbBP81zZTPPeV0O2_!!848066728-0-lubanu-s.jpg,利仁绞肉机家用电动绞馅机小型绞肉碎菜打肉馅机多功能辅食搅拌机,	637996807493,,109.0,109.0,299,299,36.45%,1,2155,0,336,1620,0.71%,36624,0.31%,176580,1200,358,0,,,优惠促销,7天无理由|运费险|蚂蚁花呗|信用卡支付|集分宝,厨房电器,绞肉/碎肉/绞菜机,绞肉/碎肉/绞菜机,,,2021-05-25,16:04:20,2天17时31分5秒,二,http://item.taobao.com/item.htm?id=637996807493,https://kandianbao.com/item/637996807493/,做工厚实(3);很厚实(3);性比价很高(24);使用方便(18);颜值高(24);容量太小(2)
145,https://img.alicdn.com/imgextra/i3/848066728/O1CN01tARDy51zZTOee1fiF_!!848066728.jpg,利仁电饼铛档家用双面加热新款自动断电烤饼煎饼机烙饼锅加深加大,	627977754320,,199.0,199.0,399,399,49.87%,1,881,0,349,11246,0.74%,69451,0.59%,2237954,13798,2018,0,,,专属优惠,7天无理由|运费险|蚂蚁花呗|信用卡支付|集分宝,厨房电器,电饼铛/华夫饼机/薄饼机,电饼铛/华夫饼机/薄饼机,,,2021-05-24,18:01:17,1天19时28分2秒,一,http://item.taobao.com/item.htm?id=627977754320,https://kandianbao.com/item/627977754320/,不放油不粘锅(3);档位可调节(2);加热的速度快(36);看图片一样(3);质量很好(15);加热有点儿慢(3)
146,https://img.alicdn.com/imgextra/i3/848066728/O1CN01nkS2eX1zZTPP2n2WS_!!848066728-0-lubanu-s.jpg,利仁空气炸锅机家用大容量新款特价多功能全自动无油电炸锅薯条机,	547585217264,,329.0,329.0,899,899,36.60%,2,6820,0,353,8119,0.75%,116137,0.98%,2671151,14748,1209,0,,,热卖促销,7天无理由|运费险|公益宝贝|蚂蚁花呗|信用卡支付|集分宝,厨房电器,空气炸锅,空气炸锅,,,2021-05-26,20:38:19,3天22时5分4秒,三,http://item.taobao.com/item.htm?id=547585217264,https://kandianbao.com/item/547585217264/,材质超级大(6);适合不粘锅(2);一锅多用(3);加热均匀(3);好用(19);处理太难(5)
147,https://img.alicdn.com/imgextra/i4/848066728/O1CN01UkZRPV1zZTOdDv4bK_!!848066728.jpg,利仁电饼铛档双面加热家用可拆洗加深加大多功能烤烙饼锅煎饼机,	39116533092,LR-FD431,599.0,599.0,1599,1599,37.46%,1,1454,0,358,21865,0.76%,214442,1.81%,13097135,48064,3275,22,,,专属优惠,7天无理由|运费险|公益宝贝|蚂蚁花呗|信用卡支付|集分宝,厨房电器,电饼铛/华夫饼机/薄饼机,电饼铛/华夫饼机/薄饼机,,,2021-05-28,17:00:04,5天18时26分49秒,五,http://item.taobao.com/item.htm?id=39116533092,https://kandianbao.com/item/39116533092/,外形方正(10);味道非常好(2);没有油烟(4);功能齐全(30);煎个鸡蛋方便(3);外包装被损坏(2)
148,https://img.alicdn.com/imgextra/i4/848066728/O1CN01SWl3yD1zZTOee2CxG_!!848066728.jpg,利仁电饼铛电饼档称家用大号加深加大新款双面加热烤煎饼机烙饼锅,	571616355891,,299.0,399.0,699,699,57.08%,2,1758,0,371,25827,0.79%,125769,1.06%,8755353,46718,3587,3,,,专属优惠,7天无理由|运费险|公益宝贝|蚂蚁花呗|信用卡支付|集分宝,厨房电器,电饼铛/华夫饼机/薄饼机,电饼铛/华夫饼机/薄饼机,,,2021-05-29,17:19:01,6天18时45分46秒,六,http://item.taobao.com/item.htm?id=571616355891,https://kandianbao.com/item/571616355891/,火力更加均匀(4);不易糊(2);多功能(6);好用(58);容量大(3);有塑料味(3)
149,https://img.alicdn.com/imgextra/i3/848066728/O1CN01wAvgIE1zZTOpighgr_!!848066728-0-lubanu-s.jpg,利仁空气炸锅家用新款特价智能无油电炸锅超大容量全自动炸薯条机,	588681845845,,499.0,499.0,2999,2999,16.64%,1,2649,0,375,38195,0.80%,187125,1.58%,19059305,82538,9176,1,,,热卖促销,7天无理由|运费险|公益宝贝|蚂蚁花呗|信用卡支付|集分宝,厨房电器,空气炸锅,空气炸锅,,,2021-05-24,20:40:38,1天22时7分23秒,一,http://item.taobao.com/item.htm?id=588681845845,https://kandianbao.com/item/588681845845/,家用妥妥的(7);声音不是很大(4);第二次(7);没有油烟(4);好用(108);塑料味道极大(2)
150,https://img.alicdn.com/imgextra/i1/848066728/O1CN01FBF8Ys1zZTPD7e1ve_!!848066728-0-lubanu-s.jpg,利仁绞蒜器家用捣蒜器电动拉蒜器迷你辅食机小型绞肉机蒜泥神器,	628461953081,LLQ-103,109.0,139.0,199,199,69.85%,3,6497,0,387,4373,0.82%,46827,0.39%,529133,5128,749,0,,,热卖促销,7天无理由|运费险|蚂蚁花呗|信用卡支付|集分宝,厨房/烹饪用具,厨用小工具/厨房储物,剥蒜器/压蒜器,,,2021-05-24,13:11:53,1天14时38分38秒,一,http://item.taobao.com/item.htm?id=628461953081,https://kandianbao.com/item/628461953081/,制作很精细(5);功率大小适中(3);质量很好(15);方便(23);性能很实用(7);容量小小(2)
151,https://img.alicdn.com/imgextra/i2/848066728/O1CN01aGSRbK1zZTPSBkidh_!!848066728.jpg,利仁火锅锅烧烤一体烤涮一体锅家用电烧烤炉烤肉锅烤肉盘电烤盘炉,	610397938579,SK-J6860,219.0,219.0,399,399,54.89%,2,153,0,387,10198,0.82%,84753,0.71%,2233362,26882,1324,0,,,专属优惠,7天无理由|运费险|蚂蚁花呗|信用卡支付|集分宝,厨房/烹饪用具,烧烤/烘焙用具,烧烤炉,,,2021-05-27,14:36:45,4天16时3分30秒,四,http://item.taobao.com/item.htm?id=610397938579,https://kandianbao.com/item/610397938579/,非常安逸(2);没有油烟(8);没有让我失望(2);受热均匀(5);很大(25);巨差商家(2)
152,https://img.alicdn.com/imgextra/i1/848066728/O1CN01YRLL3a1zZTP2PskDm_!!848066728-0-lubanu-s.jpg,利仁磨粉机家用电动研磨机小型五谷杂粮打粉机咖啡中药打磨粉碎机,	569883986552,MFJ-W300,109.0,119.0,299,299,39.80%,2,3054,0,423,5003,0.90%,47799,0.40%,565339,10368,1006,0,,,热卖促销,7天无理由|运费险|公益宝贝|蚂蚁花呗|信用卡支付|集分宝,厨房电器,商厨食品机械,商用磨粉机/药材粉碎机,,,2021-05-27,18:15:20,4天19时42分5秒,四,http://item.taobao.com/item.htm?id=569883986552,https://kandianbao.com/item/569883986552/,包装保护到位(7);推荐推荐(2);性比价很高(12);太方便了(2);有份量(3);容量有点小(4)
153,https://img.alicdn.com/imgextra/i1/848066728/O1CN01KhurmN1zZTOa5AQhk_!!848066728.jpg,利仁电饼铛档家用双面加热加深加大薄饼煎烤饼机烙饼锅迷小型正品,	588318209959,LR-X2902A,119.0,119.0,299,299,39.80%,3,1405,0,481,25902,1.02%,57239,0.48%,3082338,25888,5129,0,,,专属优惠,7天无理由|运费险|蚂蚁花呗|信用卡支付|集分宝,厨房电器,电饼铛/华夫饼机/薄饼机,电饼铛/华夫饼机/薄饼机,,,2021-05-23,00:34:29,2时1分14秒,日,http://item.taobao.com/item.htm?id=588318209959,https://kandianbao.com/item/588318209959/,儿子说超好吃(2);可以煎炒(7);比较深(2);预热挺快(2);好用(56);质量不咋样(5)
154,https://img.alicdn.com/imgextra/i4/848066728/O1CN01wEei4X1zZTOqzTjjY_!!848066728-0-lubanu-s.jpg,【薇娅推荐】利仁空气炸锅大容量多功能电炸锅全自动无油炸薯条机,	622244442680,,569.0,569.0,899,899,63.29%,1,4064,0,489,42294,1.04%,278241,2.34%,24065286,36134,6876,0,,,热卖促销,7天无理由|运费险|蚂蚁花呗|信用卡支付|集分宝,厨房电器,空气炸锅,空气炸锅,,,2021-05-24,23:11:55,2天38分40秒,一,http://item.taobao.com/item.htm?id=622244442680,https://kandianbao.com/item/622244442680/,可接受噪音(13);香肠挺成功(4);声音大(95);薇娅推荐(28);烤红薯给力(86);划痕没用(14)
155,https://img.alicdn.com/imgextra/i3/848066728/O1CN01CBq4PV1zZTPFLiW01_!!848066728-0-lubanu-s.jpg,利仁空气炸锅家用新款大容量智能无油电炸锅薯条机网红款特价,	612507839089,,599.0,599.0,998,998,60.02%,1,2909,0,656,35116,1.40%,392944,3.31%,21034484,55866,8233,0,,,热卖促销,7天无理由|运费险|蚂蚁花呗|信用卡支付|集分宝,厨房电器,空气炸锅,空气炸锅,,,2021-05-24,23:41:39,2天1时8分24秒,一,http://item.taobao.com/item.htm?id=612507839089,https://kandianbao.com/item/612507839089/,懒人救星(5);拆洗容易(3);温度可以调节(9);没塑料味(7);软糯(2);细节有些不足(2)
156,https://img.alicdn.com/imgextra/i4/848066728/O1CN01IA1iHk1zZTOk9xjYg_!!848066728.jpg,利仁电饼铛档家用双面加热加深加大自动断电煎烤饼机烙饼锅绿洲g3,	596901726887,G-3,289.0,289.0,899,899,32.15%,1,1343,0,736,153249,1.57%,212704,1.79%,44288961,383094,32101,0,,,专属优惠,7天无理由|运费险|公益宝贝|蚂蚁花呗|信用卡支付|集分宝,厨房电器,电饼铛/华夫饼机/薄饼机,电饼铛/华夫饼机/薄饼机,,,2021-05-25,19:41:55,2天21时8分40秒,二,http://item.taobao.com/item.htm?id=596901726887,https://kandianbao.com/item/596901726887/,神器烤肉(18);适合不粘锅(68);涂层很到位(2);受热均匀(29);很省油(4);和图片不太像(2)
157,https://img.alicdn.com/imgextra/i4/848066728/O1CN01NQ9ywd1zZTNeB4cZv_!!848066728.jpg,利仁电火锅锅家用电炒菜炒锅多功能一体锅电热锅电炒不粘锅电煮锅,	35596698079,,119.0,159.0,239,239,66.53%,3,2125,0,807,37645,1.72%,108945,0.92%,5082075,26332,3111,19,,,专属优惠,7天无理由|运费险|公益宝贝|蚂蚁花呗|信用卡支付|集分宝,厨房电器,电热/火锅,电热/火锅,,,2021-05-26,15:24:54,3天16时51分39秒,三,http://item.taobao.com/item.htm?id=35596698079,https://kandianbao.com/item/35596698079/,烤肉特别好用(2);适合不粘锅(13);煮可以(5);容量大(5);和实体店一样(2);有问题(3)
158,https://img.alicdn.com/imgextra/i1/848066728/O1CN01ILUPFU1zZTOjZBKzl_!!848066728.jpg,利仁电饼铛档家用双面加热可拆洗加深加大新款煎饼机烙烤饼锅,	594551270405,LR-D3020S,319.0,319.0,869,869,36.71%,1,1734,0,962,159884,2.05%,306878,2.59%,51002996,152750,37242,2,,,专属优惠,7天无理由|运费险|公益宝贝|蚂蚁花呗|信用卡支付|集分宝,厨房电器,电饼铛/华夫饼机/薄饼机,电饼铛/华夫饼机/薄饼机,,,2021-05-25,22:15:59,2天23时42分44秒,二,http://item.taobao.com/item.htm?id=594551270405,https://kandianbao.com/item/594551270405/,电源线一体(2);可拆卸(45);超级结实(3);功能效果好用(29);火候均匀(31);涂层有些发黄(2)
159,https://img.alicdn.com/imgextra/i1/848066728/O1CN01Q4tuih1zZTOdDxUJu_!!848066728.jpg,利仁电饼铛铛迷小型家用双面加热新款煎饼烤饼机烙饼锅迷你正品,	622167134593,LR-J2301,89.0,99.0,298,298,33.22%,2,1963,0,1141,7272,2.43%,106113,0.89%,676296,8398,1514,0,,,专属优惠,7天无理由|运费险|蚂蚁花呗|信用卡支付|集分宝,厨房电器,电饼铛/华夫饼机/薄饼机,电饼铛/华夫饼机/薄饼机,,,2021-05-24,11:25:39,1天12时52分24秒,一,http://item.taobao.com/item.htm?id=622167134593,https://kandianbao.com/item/622167134593/,煎鸡蛋不粘锅(6);挺有分量(2);受热均匀(3);不占地方(5);质量很好(6);快递不识字(3)
160,https://img.alicdn.com/imgextra/i4/848066728/O1CN01HaIdrN1zZTP4Rne6q_!!848066728.jpg,【薇娅推荐】利仁电饼铛档双面加热可拆洗自动加热家用烤煎烙饼锅,	619865140714,LR-D58,399.0,399.0,799,799,49.94%,1,1139,0,1729,111094,3.68%,689871,5.81%,44326506,64330,0,0,,,专属优惠,7天无理由|运费险|蚂蚁花呗|信用卡支付|集分宝,厨房电器,电饼铛/华夫饼机/薄饼机,电饼铛/华夫饼机/薄饼机,,,2021-05-27,23:24:36,5天51分21秒,四,http://item.taobao.com/item.htm?id=619865140714,https://kandianbao.com/item/619865140714/, 
161,https://img.alicdn.com/imgextra/i1/848066728/O1CN01Ikiulx1zZTONF7Nq6_!!848066728.jpg,利仁拉蒜器家庭手动蒜泥神器捣蒜器压蒜绞剥蒜蓉手拉式辅食搅碎机,	618693036013,SJX-407,39.9,76.9,89,109,70.55%,3,12652,0,2265,401816,4.82%,123895.5,1.04%,21979335.200000003,46572,77154,0,,,新品抢购,7天无理由|运费险|蚂蚁花呗|信用卡支付|集分宝,厨房/烹饪用具,厨用小工具/厨房储物,剥蒜器/压蒜器,,,2021-05-28,20:44:06,5天22时10分51秒,五,http://item.taobao.com/item.htm?id=618693036013,https://kandianbao.com/item/618693036013/,捣蒜神器(9);绞肉很方便(6);特别省时(16);看图片一样(11);够锋利(6);清洗需要小心(2)
162,https://img.alicdn.com/imgextra/i1/848066728/O1CN014nkEO71zZTPMDQtuF_!!848066728-0-lubanu-s.jpg,利仁空气炸锅家用新款网红大容量智能无油电炸锅薯条机特价绿洲g5,	604160019198,,449.0,449.0,798,798,56.27%,1,766,0,2279,216752,4.85%,1023271,8.62%,97321648,372284,44582,0,,,热卖促销,7天无理由|运费险|蚂蚁花呗|信用卡支付|集分宝,厨房电器,空气炸锅,空气炸锅,,,2021-05-29,10:11:57,6天11时38分42秒,六,http://item.taobao.com/item.htm?id=604160019198,https://kandianbao.com/item/604160019198/,重量轻(11);适合不粘锅(6);适合两个人用(10);适合一个人(2);没塑料味(13);玉米还不行(2)
163,https://img.alicdn.com/imgextra/i2/848066728/O1CN01ZnH0mj1zZTOXxoRbs_!!848066728.jpg,利仁电饼铛家用双面加热智能可拆洗多功能加深加大烤饼机烙饼锅,	627548610475,G-3S,319.0,319.0,999,999,31.93%,1,2541,0,4032,65251,8.58%,1286208,10.84%,20815069,67804,12577,0,,,专属优惠,7天无理由|运费险|蚂蚁花呗|信用卡支付|集分宝,厨房电器,电饼铛/华夫饼机/薄饼机,电饼铛/华夫饼机/薄饼机,,,2021-05-26,16:16:39,3天17时43分24秒,三,http://item.taobao.com/item.htm?id=627548610475,https://kandianbao.com/item/627548610475/,机身紧凑(2);炒菜不在话下(5);退差价(8);油烟非常小(13);适合不粘锅(95);有预热(6)
164,https://img.alicdn.com/imgextra/i1/848066728/O1CN01YDYdjI1zZTPKLTNPd_!!848066728-0-lubanu-s.jpg,【薇娅推荐】利仁多功能煎烤机家用电饼铛双面可拆洗加深煎烙饼锅,	630442739533,,499.0,599.0,899,899,66.63%,2,830,0,7152,10325,15.22%,3854928,32.48%,5565175,21138,1569,0,,,专属优惠,7天无理由|运费险|蚂蚁花呗|信用卡支付|集分宝,厨房电器,电饼铛/华夫饼机/薄饼机,电饼铛/华夫饼机/薄饼机,,,2021-05-27,20:00:00,4天21时26分45秒,四,http://item.taobao.com/item.htm?id=630442739533,https://kandianbao.com/item/630442739533/,烤肉非常方便(5);不易糊(6);体积小(2);好用(71);可拆卸底盘(4);包装竟如此(4)
165,https://img.alicdn.com/imgextra/i2/848066728/O1CN01urqwCd1zZTPVRtPl5_!!0-item_pic.jpg,扯蛋神器手动黄金摇蛋拉蛋器鸡蛋混合转蛋器利仁匀蛋器甩蛋神器,	640782081569,YDQ-1,39.9,51.9,99,99,52.42%,3,13694,0,15094,21705,32.11%,674701.8,5.69%,970213.5000000001,8954,2818,0,,,热卖促销,7天无理由|运费险|新品|蚂蚁花呗|信用卡支付|集分宝,厨房/烹饪用具,厨用小工具/厨房储物,打蛋器,,,2021-05-23,18:46:03,20时12分48秒,日,http://item.taobao.com/item.htm?id=640782081569,https://kandianbao.com/item/640782081569/,非常实用(7);好用(60);质量很好(42);很好操作(8);还会再来买(4);外壳缺了2块(3)
,,,,,,,,,,,,,30天销量总计,,,30天销售额总计,,,收藏数总计,,分享量总计,,,,,,,,,,,,,,,,
,,,,,,,,,,,,,47004,,,11867392.080000002,,,3305914,,117,,,,,,,,,,,,,,,,
序号,主图,标题,宝贝id,货号,销售价最低,销售价最高,原价最低,原价最高,折扣率,sku数量,库存,邮费,30天销量,总销量,占全店销量比例,30天销售额,占全店销售额比例,总销售额,收藏数,评价数,PC总分享量,宝贝促销,店铺促销,活动促销,服务保证,一级类目,二级类目,三级类目,宝贝创建时间,宝贝创建时长,下架日期,下架时间,天数,星期,宝贝地址,分析地址,评价标签
数据下载时间：2021-05-22 22:33:19 功能：看店宝【kandianbao.com】全店宝贝 相关查询网址：https://kandianbao.com/dian/利仁电器旗舰店,,,,,,,,,,,,,,,,,,,,,,,,,,,,,,,,,,,,,