数据下载时间：2021-06-29 13:26:11 功能：看店宝【https://kandianbao.com/】 宝贝评价信息分析 相关查询网址：https://kandianbao.com/item/pingjia/638924841217/,,,,,,,
序号,评价用户,sku,评价类型,评价内容,追评,掌柜回评,评价时间
1,t**6,颜色分类: 悦刻1代【黑暴力熊】☆送同款挂绳,好评,挺好的，基本没有异味，用了挺久了，忘了评价，主要是特别可爱，男女适用，手感很好，不易脏容易清洗,-,-,2021-06-25
2,t**7,颜色分类: 悦刻1代【黑色法斗】☆送同款挂绳,好评,可可爱爱的人的电子烟也一定要可可爱爱的哈哈哈哈，我好喜欢呀  ,-,-,2021-05-17
3,红**兔,颜色分类: 悦刻4代【皮卡丘】☆送同款挂绳,好评,壳子做工非常的好，装上去也没有缝隙，材质软软的硅胶，套上去好看多了，而且跟杆子很贴合，充电孔的设计非常的合适，颜色又耐脏，摸上去质感很舒服的，性价比高，很赞 ,-,-,2021-05-31
4,半**惑,颜色分类: 悦刻4代【皮卡丘】☆送同款挂绳,好评,超级可爱 ,-,-,2021-06-17
5,t**9,颜色分类: 悦刻1代【皮卡丘】☆送同款挂绳,好评,开孔满精致的，整个的贴合也不错。挂绳还没用。整体手感好。软软的，很亲肤的手感。跟之前买的液态硅胶手机壳的手感差不多。 ,-,-,2021-04-18
6,t**5,颜色分类: 悦刻4代【皮卡丘】☆送同款挂绳,好评,手感也软软的整个保护套手感很好，贴合的非常好！质量很好，手感舒适，值得拥有挺不错的，挺好看的,-,-,2021-05-17
7,莫**苒,颜色分类: 悦刻4代【绿小恐龙】☆送同款挂绳,好评,真的太好看了，做工很不错也没啥异味。,-,-,2021-05-28
8,颜**t,颜色分类: 悦刻4代【黑色中指】☆送同款挂绳,好评,优点：开孔准的，摘掉帽子的时候不会带下来烟弹，手感不错，性价比值得购买。 缺点：分体式，帽摘下来容易丢。 ,-,-,2021-06-05
9,t**1,颜色分类: 悦刻1代【粉小恐龙】☆送同款挂绳,好评,质量挺好，物流也很快，赞！ ,-,-,2021-05-12
10,喜**1,颜色分类: 悦刻4代【黑色法斗】☆送同款挂绳,好评,超级无敌好用！这是我买过保护套中最喜欢的一个～真的超级喜欢了，壳子是软硅胶的，手感超级舒服～也很耐脏，也不沾灰沾指纹，平常没事儿拿手上把玩，保护套很小巧，可以无限回购~ ,-,-,2021-05-10
11,c**6,颜色分类: 悦刻4代【黑色法斗】☆送同款挂绳,好评,颜色很正，木有色差，这个手感真的很好呀，用久了也不会很脏，而且套上也沒有缝隙，严实得很，装上之后不会有缝隙，贴合度很完美，而且携带十分方便，很耐磨，性价比非常高的壳子呀，非常满意的,-,-,2021-05-14
12,慧**1,颜色分类: 悦刻4代【魔法棒】☆送同款挂绳,好评,硅胶质感很好，壳子完全贴合，做工也很强硬。暴力熊跟图片一样很酷，之前一直裸着，杆子都花了，现在用这个保护套颜值还高一些。总的我很喜欢，之前看了很多店，比了比才选定了这款，是我想要的没错啦，确实没让我失望。这个保护套真的爱了。 ,-,-,2021-05-10
13,蔚**力,颜色分类: 悦刻4代【黑色法斗】☆送同款挂绳,好评,物流超级快，质量很好，很喜欢，物美价廉推荐大家购买,-,-,2021-05-29
14,a**g,颜色分类: 悦刻4代【绿小恐龙】☆送同款挂绳,好评,很可爱的图案，携带方便，很喜欢 ,-,-,2021-06-05
15,方**精,颜色分类: 悦刻4代【黑暴力熊】☆送同款挂绳,好评,"很实用，拿到了就特意试了一下安装和拆卸，都很容易的，一推就好啦。没有异味，很亲肤拿在手上舒服，保护套的材质不会沾灰，不粘指纹，看起来很有质感，无色差,就喜欢这种不沾灰的质感，手感很赞~",-,-,2021-05-10
16,t**8,颜色分类: 悦刻4代【黑小恐龙】☆送同款挂绳,好评,跟图片一样，手感也挺好，味道很大…不介意可以放心买挺好看 ,-,-,2021-05-11
17,t**5,颜色分类: 悦刻4代【黑暴力熊】☆送同款挂绳,好评,还行吧  挺合适的   尺寸贴合：有点不合适  还可以 产品材质：橡胶 ,-,-,2021-05-17
18,a**c,颜色分类: 悦刻4代【黑哈士奇】☆送同款挂绳,好评,手感十分的舒服，我用着是真心觉得不错，保护壳质量很好，颜色看着也非常舒服，拆卸的时候只需要按住底部往前推出来就可以了，尺寸很贴合,-,-,2021-05-13
19,t**8,颜色分类: 悦刻4代【黑色法斗】☆送同款挂绳,好评,很精致的保护套，很酷，很耐脏，用着非常合适，还显得很有质感，质量值得好评，也是软硅胶的，不会刮伤杆子，容易安装容易拆卸，很方便的呀，还带了挂绳，平时带出去都放心多了 ,-,-,2021-05-11
20,t**7,颜色分类: 悦刻4代【猫爪】☆送同款挂绳,好评,很值得，质量与做工很好，一眼就能看出来，满意东西很漂亮，大小刚刚合适，手感挺不错的，推荐购买。而且色泽醇和柔顺，，性能价格比较高 ,-,-,2021-05-17
21,t**5,颜色分类: 悦刻4代【黑色法斗】☆送同款挂绳,好评,开孔满精致的，整个的贴合也不错。挂绳还没用。整体手感好。软软的，很亲肤的手感。跟之前买的液态硅胶手机壳的手感差不多。在家经常找不到放哪里了，天天就在找，以后就挂脖子上方便了。爱了爱了 ,-,-,2021-05-17
22,t**1,颜色分类: 悦刻4代【猫爪】☆送同款挂绳,好评,壳子挺好看的，是我喜欢的款式，也没有色差，和图片上的一样，就是我想要的那种，而且手感也比我想象的好，还挺惊喜的，喜欢，5星支持一下 ,-,-,2021-05-12
23,穷**1,颜色分类: 悦刻1代【黑暴力熊】☆送同款挂绳,好评,太好用了。很趁手的保护套，戴上以后比裸机的手感更舒服。我是不太喜欢金属沙沙的手感的，这个保护套正好 拿着顺手细腻 ，孔位都很贴合 手感很棒！ ,-,-,2021-05-17
24,韭**1,颜色分类: 悦刻4代【皮卡丘】☆送同款挂绳,好评,买的保护壳挺精致有范儿，做工不错，挺搭的，安装非常的方便，放进取出一气呵成，还不容易掉。当时看到还有点犹豫，收货查看可以算是物有所值！！,-,-,2021-05-14
25,彡**笑,颜色分类: 悦刻4代【黑暴力熊】☆送同款挂绳,好评,保护壳是硅胶的手感摸起来非常舒服，耐脏不沾灰，比之前的硅胶款好用很多 挺小巧方便携带，安装拆卸也简单,-,-,2021-05-21
26,t**1,颜色分类: 悦刻4代【黑暴力熊】☆送同款挂绳,好评,快递真的挺快的，两三天就到了，东西拿在手上真的觉得不错，外面的包装挺精致的，保护套很合适，贴合度很高，没有异味，没有瑕疵 ,-,-,2021-05-12
27,爱**啊,颜色分类: 悦刻4代【黑哈士奇】☆送同款挂绳,好评,物流很快就到了，味道有点重，洗了凉了两天还臭，盖子很松，容易粘灰尘 ,-,-,2021-06-11
28,甘**7,颜色分类: 悦刻4代【黑暴力熊】☆送同款挂绳,好评,拿到手真的惊讶到我了，保护套果然防摔效果做的不错，掉在地上两次都没有什么问题，保护的很好。而且装上后也不会有缝隙！！,-,-,2021-05-10
29,清**0,颜色分类: 悦刻4代【黑哈士奇】☆送同款挂绳,好评,这个保护套挺好的诶，质量蛮好，手感舒服，没有缝隙，密封性挺好的，安装好后刚刚合适，真的太惊喜了，没想到能买到这么好的保护套,-,-,2021-05-11
30,c**1,颜色分类: 悦刻4代【黑暴力熊】☆送同款挂绳,好评,质感很好 物流很快 非常中意好评 很好看 好看方便又适用 质量也还行非常棒真心好啊，便宜实惠还会再来的,-,-,2021-05-11
31,愤**士,颜色分类: 悦刻4代【绿小恐龙】☆送同款挂绳,好评,这个是真的好，还很可爱。材料和做工都特别精致，做工真的非常棒，我已经推荐给身边朋友买了。 ,-,-,2021-05-11
32,神**u,颜色分类: 悦刻1代【黑色路飞】☆送同款挂绳,好评,此用户没有填写评价。,买的时候感觉太重了这个一直没用，这两天拿出来用了，用了两天橡胶的地方就折了，只能说质量太差了，不想看你可以试试，也许这本身就是个残次品,-,2021-05-14
33,t**2,颜色分类: 悦刻4代【绿小恐龙】☆送同款挂绳,好评,确实是很好的感觉呀，颜色好看，还可可爱爱的，手感也是非常舒服，真的太喜欢的啦，应该也很能防刮花啥的，能保护好杆子但是也不厚重，软硬度也是我喜欢的，真的太太太满意了 ,-,-,2021-05-19
34,我**i,颜色分类: 悦刻4代【黑暴力熊】☆送同款挂绳,好评,都是我喜欢的，手感也挺不错，质量还是可以看出来很好的，没有毛边啥的，总体都很满意哦，还有充电孔，充电可以直接充，不用拆下来，很方便的不错不错 ,-,-,2021-05-18
35,元**儿,颜色分类: 悦刻4代【黑暴力熊】☆送同款挂绳,好评,做工很精致，没有毛边瑕疵，也没有色差，非常的好看，贴合的不错，盖子不容易掉，开盖关盖试了很久也没有出现问题，非常不错。客服服务很好 有啥问题可以找他回复很快,-,-,2021-05-11
36,t**2,颜色分类: 悦刻4代【黑哈士奇】☆送同款挂绳,好评,这我太好看了吧，太喜欢了，材质也很好，不会很软也不是硬壳，黑色很上档次~太喜欢了太喜欢了，物超所值 ,-,-,2021-05-19
37,丶**丶,颜色分类: 悦刻4代【黑无脸男】☆送同款挂绳,好评,有点惊喜。是我想要的保护套没错了。这手感无敌。朋友看到又找我要了链接。给其他小伙伴参考下。使用感是不错的。  ,-,-,2021-05-12
38,博**小,颜色分类: 悦刻1代【黑小恐龙】☆送同款挂绳,好评,质量很好，收到货第一时间打开看了，很不错，很满意 ,-,-,2021-06-07
39,张**2,颜色分类: 悦刻4代【魔法棒】☆送同款挂绳,好评,挺可爱的，用用看，也很实惠,-,-,2021-06-08
40,划**美,颜色分类: 悦刻1代【猫爪】☆送同款挂绳,好评,尺寸贴合：孔挺准的 整体评价：好看！！！！！冲啊集美们！！！！！！ ,-,-,2021-06-08
41,小**君,颜色分类: 悦刻1代【黑小恐龙】☆送同款挂绳,好评,真心超级萌，质量看着也很好…喜欢 ,-,-,2021-05-10
42,唯**啊,颜色分类: 悦刻4代【皮卡丘】☆送同款挂绳,好评,手感很好，也不怕摔了，烟弹也不会拔掉，很满意，喜欢 ,-,-,2021-05-19
43,t**4,颜色分类: 悦刻4代【绿小恐龙】☆送同款挂绳,好评,产品包装完整 物流给力 宝贝跟描述完全一样 老板人也超级好 解答有耐心 必须回购~ ,-,-,2021-05-20
44,t**9,颜色分类: 悦刻4代【皮卡丘】☆送同款挂绳,好评,此用户没有填写评价。,保护套跟描述一样，材质非常的柔软，手感很好，拿在手里特别的舒服，也贴合的很好，合上中间也没有缝隙，掉在桌子底下都不会有事，质量超级强硬的。出去的时候带着非常方便，不用担心安装拆卸，套上了也很贴合，上盖完全不会掉的。真心感觉不错，很奈斯的！,-,2021-04-18
45,任**雪,颜色分类: 悦刻1代【黑色纯色】☆送编织扁挂绳,好评,特别容易脏，摘下帽的时候老是把烟蛋带出来，尺寸不合理，差评 ,-,-,2021-06-05
46,饮**前,颜色分类: 悦刻4代【黑暴力熊】☆送同款挂绳,好评,此用户没有填写评价。,硅胶材质不用担心会刮伤我的悦刻，大小贴合易拿取，拿在手上非常舒服，而且做的是真的精致，底部有预留充电口的，充电完全不影响，价格很合理，质量不错呢,-,2021-05-05
47,h**7,颜色分类: 悦刻4代【黑色法斗】☆送同款挂绳,好评,很喜欢这款保护套，这个保护套很贴合而且孔位对的也非常精准，做工比较细致，边缘不会有毛边啥的。也没有瑕疵，一开始觉得小贵，但收到质量确实不错，这个保护套让我非常满意，赞~  ,-,-,2021-05-11
48,t**0,颜色分类: 悦刻4代【绿小恐龙】☆送同款挂绳,好评,宝贝很好，用起来也很好用，客服也很热情，期待下一次的购物 ,-,-,2021-05-19
49,小**美,颜色分类: 悦刻4代【猫爪】☆送同款挂绳,好评,很喜欢这种类型的，包裹性也很好，挺贴合的，品质不错呦，边缘做得挺精致的，孔位很准，都说这款做工不错，而且手感舒适挺不错！,-,-,2021-05-15
50,c**8,颜色分类: 悦刻1代【皮卡丘】☆送同款挂绳,好评,非常好，特别喜欢又可爱,-,-,2021-05-13
51,如**6,颜色分类: 悦刻1代【皮卡丘】☆送同款挂绳,好评,保护情况：皮卡丘很可爱！可是，盖子太松了！一碰就掉💔 ,心塞，下午带去在朋友家挂在脖子，盖子什么时候掉了都不知道！还好是在朋友家，找到了！盖子太太太太松了！😭,-,2021-05-29
52,心**起,颜色分类: 悦刻4代【魔法棒】☆送同款挂绳,好评,觉得这些款式都挺好看的，保护套很可爱萌炸啦，这个保护套手感也十分的舒服，硅胶材质的怎么捏都不会变形，充电孔位对的准，不会影响到正常充电。材质很耐脏，不会粘指纹，看好多好评都是很防摔，我没有摔过也不清楚，不过防磨，不会出现有划痕，好喜欢。 ,-,-,2021-04-17
53,r**2,颜色分类: 悦刻4代【绿小恐龙】☆送同款挂绳,好评,保护套是软的，不会担心不好取下来、质量很不错哦，也没有变形，贴合度挺好的，不松，充电的那个孔也对的很准，这个款式真的太可爱了，超级好看，颜色搭配的也好，看起来简单大气。店铺内还有其他我喜欢的风格，下次有需要再来买,-,-,2021-04-27
54,t**2,颜色分类: 悦刻4代【猫爪】☆送同款挂绳,好评,颜值很高，设计的也很合理，小巧好携带，平时出门就包里面，厚度也适中，主要是也不容易沾灰，做工差的和这个完全没有可比性，这个就是精细的，和缝线和小细节都很到位，还会再来购买其他图案的壳子,-,-,2021-05-19
55,t**6,颜色分类: 悦刻4代【魔法棒】☆送同款挂绳,好评,可爱得很,-,-,2021-06-25
56,杨**0,颜色分类: 悦刻4代【皮卡丘】☆送同款挂绳,好评,特意给烟杆买了个保护套，这么贵的烟杆还是待好好保护一下，这个保护套也不贵，质量还这么好，硅胶的手感好，材质也舒服，边角打磨的都很好，充电也不会受影响，没有瑕疵，价钱很值了 ,-,-,2021-04-28
57,x**界,颜色分类: 悦刻4代【黑色法斗】☆送同款挂绳,好评,好看又实用的保护套，摸着挺舒服哈哈哈哈，当时看到价格那么便宜，觉得质量应该不会太好，性价比一般，但是收到货后听惊喜的，软软的手感摸着很舒服，质量也是很过关，做工精细细节部分都处理得比较好，颜值满满哦。,-,-,2021-04-26
58,t**3,颜色分类: 悦刻4代【黑色法斗】☆送同款挂绳,好评,保护套是软的，不会担心不好取下来、质量很不错哦，也没有变形，贴合度挺好的，不松，充电的那个孔也对的很准，这个款式真的太酷了，超级好看，看起来简单大气。店铺内还有其他我喜欢的风格，下次有需要再来买 ,-,-,2021-04-21
59,酷**9,颜色分类: 悦刻1代【粉小恐龙】☆送同款挂绳,好评,爱了,-,-,2021-06-01
60,t**5,颜色分类: 悦刻4代【黑暴力熊】☆送同款挂绳,好评,好看的一匹 套子完美合适.,-,-,2021-05-17
61,爱**哎,颜色分类: 悦刻4代【黑色中指】☆送同款挂绳,好评,感觉蛮不错的，用着很顺手，质量过关，首先 装上去没有缝隙还贴合，刚刚好的厚度，能够保护到位，其次 做工方面没有瑕疵，细节点也处理的很好，送了一根硅胶挂绳，很搭，很喜欢 ,-,-,2021-04-20
62,o**6,颜色分类: 悦刻4代【绿小恐龙】☆送同款挂绳,好评,保护套和图片上一样的，手感真的很好，用久了也不会很脏，安装套上也沒有缝隙，严实得很，带着也挺方便，刚刚好的厚度，能够保护到，做工方面和细节点也处理的非常好，真棒！,-,-,2021-04-20
63,小**肉,颜色分类: 悦刻4代【黑暴力熊】☆送同款挂绳,好评,质量很好，是薄款的，对比之前买的造型的款式，好很多，而且主要要很好拆卸也好安装，黑色的很耐脏，可以持续用很久，都不用担心外观脏了很丑的问题，尺寸很贴合，不容易掉，商家说是负压吸附工艺，感觉听高级的，挺好的，性价比高，整体好评~,-,-,2021-04-27
64,y**8,颜色分类: 悦刻1代【猫爪】☆送同款挂绳,好评,质量很好，是硅胶的，对比之前买的造型的款式，好很多，而且主要要很好拆卸也好安装，很耐脏，可以持续用很久，都不用担心外观脏了很丑的问题，尺寸很贴合，不容易掉，商家说是负压吸附工艺，感觉听高级的，挺好的，性价比高，整体好评~ ,-,-,2021-04-21
65,t**4,颜色分类: 悦刻4代【黑暴力熊】☆送同款挂绳,好评,收到后就开始使用了，很好用，比较的小巧，平时出门就挂在脖子上，颜色好看也比较耐脏，这个再黑也不显脏，表面有磨砂的手感，不沾毛，口袋出来还是很干净的，上面光溜溜的，很棒啦，细节也不错 ,-,-,2021-05-20
66,早**7,颜色分类: 悦刻1代【黑暴力熊】☆送同款挂绳,好评,特别不错，保护套贴合度很强，没有缝隙。从外观看很美，材质做工都不错，感觉买值了，还有物流超级快，点赞！手感自然是不错~套上整体很搭配~非常完美啦，还是很好看，哈哈  ,-,-,2021-04-20
67,j**0,颜色分类: 悦刻1代【黑色法斗】☆送同款挂绳,好评,颜值很高喲，而且手感非常好，柔软细腻，装上去一点缝隙都没有，不会影响充电，防摔防刮花效果很好，完美的保护到位了，让我很安心，非常值得购买，朋友有需要的也会安利的！ ,-,-,2021-04-19
68,你**德,颜色分类: 悦刻4代【黑无脸男】☆送同款挂绳,好评,很好看，手感也好,-,-,2021-05-21
69,t**5,颜色分类: 悦刻4代【绿小恐龙】☆送同款挂绳,好评,这家店服务挺好的，保护套也挺Ok，喜欢它的形状，感觉特别酷，出去带着也很方便，十分贴合，带上后没有缝隙，而且硅胶的手感挺不错的，摸着质感很好，保护套也很轻薄，重量适中，保护效果特别强！ ,-,-,2021-05-17
70,t**6,颜色分类: 悦刻4代【黑暴力熊】☆送同款挂绳,好评,还行 就是有点味道,-,-,2021-06-25
71,小**8,颜色分类: 悦刻4代【黑哈士奇】☆送同款挂绳,好评,手感不错，位置精准，使用起来也是非常的方便简单，漂亮又可爱的保护套，也没有什么异味，装起来也不怕被刮花了。 ,-,-,2021-05-08
72,会**饭,颜色分类: 悦刻1代【猫爪】☆送同款挂绳,好评,合适，充电方便,-,-,2021-05-12
73,t**1,颜色分类: 悦刻1代【粉小恐龙】☆送同款挂绳,好评,做工确实精致，小恐龙图案很可爱，造型很好看，硅胶的手感，手感非常舒适，十分喜欢，感觉非常棒！ ,-,-,2021-05-12
74,a**杨,颜色分类: 悦刻4代【猫爪】☆送同款挂绳,好评,是理想中的产品💖，质量不错，物流也很快，值得点赞！,-,-,2021-05-14
75,t**4,颜色分类: 悦刻4代【皮卡丘】☆送同款挂绳,好评,颜值很高的一款保护套，很喜欢这种卡通的图案，质量方面是我最看重的，做工很到位，很精致，没有毛边，实话实说，看到实物后，我觉得很值了,-,-,2021-05-20
76,我**耶,颜色分类: 悦刻1代【黑无脸男】☆送同款挂绳,好评,可以，十几块钱值了 ,-,-,2021-05-22
77,青**鸟,颜色分类: 悦刻4代【魔法棒】☆送同款挂绳,好评,真的超级超级喜欢呢，可爱爆了，而且质量非常好，完美贴合度，建议入手一个，太可爱了很小巧轻便出去带着也很方便！,-,-,2021-05-04
78,t**5,颜色分类: 悦刻4代【皮卡丘】☆送同款挂绳,好评,这个焦皮味太大了，物流太慢,-,-,2021-05-17
79,t**6,颜色分类: 悦刻4代【黑暴力熊】☆送同款挂绳,好评,这个造型太酷了，后悔没有早点入手它这款保护套做工很棒，摸起来不会有那种粗糙感，而且盖子开合也很顺畅，设计也很棒呢,-,-,2021-06-25
80,我**耶,颜色分类: 悦刻1代【黑哈士奇】☆送同款挂绳,好评,可以，值了 ,-,-,2021-05-22
81,代**1,颜色分类: 悦刻4代【绿小恐龙】☆送同款挂绳,好评,收到第一天就用了，没有味道，刚刚买的电子烟舍不得刮到，买了保护套就很棒，不用担心了，质量还蛮不错，也防尘卫生了，丢包里也没有顾虑了，不错。,-,-,2021-04-22
82,为**哒,颜色分类: 悦刻4代【绿小恐龙】☆送同款挂绳,好评,产品很好希望能用的更久这样质量就保障了 尺寸刚刚好，很好看，我很喜欢，不错下回还来买 大小正好 ，很顺手摸着也很舒服 ,-,-,2021-05-05
83,t**8,颜色分类: 悦刻4代【黑哈士奇】☆送同款挂绳,好评,快递很快就送到了。等了几天宝贝终于到了，收到货迫不及待打开，手感超级棒，非常不错，还在犹豫的小伙伴抓紧时间入手吧！,-,-,2021-05-11
84,姿**儿,颜色分类: 悦刻4代【绿小恐龙】☆送同款挂绳,好评,保护套很不错，刚好适合我的悦刻，以后再也不用担心被划的外表不好看了,-,-,2021-05-06
85,t**5,颜色分类: 悦刻4代【魔法棒】☆送同款挂绳,好评,超级可爱，手感也超好，材质也好，再也不怕摔地上了🙈🙈,-,-,2021-05-17
86,t**8,颜色分类: 悦刻4代【魔法棒】☆送同款挂绳,好评,不错，很可爱,-,-,2021-05-11
87,借**1,颜色分类: 悦刻1代【皮卡丘】☆送同款挂绳,好评,挺可爱挺好看哒，萌萌哒，材质也不错贴合度也很好。性价比还是蛮高的，东西虽小但能看出卖家的用心，好评！ ,-,-,2021-04-30
88,h**a,颜色分类: 悦刻4代【皮卡丘】☆送同款挂绳,好评,客服态度非常好，关键是这个套的开孔位置比较精准，我用过那么多套，就这个开孔是最精准的。下次还会购买的。,-,-,2021-05-06
89,一**0,颜色分类: 悦刻1代【黑暴力熊】☆送同款挂绳,好评,手感舒服，设计合理好看，保护也不错大小刚好 ,-,-,2021-04-25
90,胡**5,颜色分类: 悦刻4代【魔法棒】☆送同款挂绳,好评,美得很，非常适合女孩子 ,-,-,2021-05-01
91,t**5,颜色分类: 悦刻1代【魔法棒】☆送同款挂绳,好评,产品材质：要有什么语句才能表达我的开心呀，就挺不错的东西，大小合适，也方便充电 ,-,-,2021-05-17
92,晴**2,颜色分类: 悦刻4代【黑色法斗】☆送同款挂绳,好评,买的保护壳挺精致有范儿，做工不错，挺搭的，安装非常的方便，放进取出一气呵成，还不容易掉。当时看到还有点犹豫，收获查看可以算是物有所值，朋友问我怎么买个这么骚气的保护套，哈哈。钱没白花啊！,-,-,2021-04-27
93,六**m,颜色分类: 悦刻4代【皮卡丘】☆送同款挂绳,好评,买的保护壳挺精致有范儿，做工不错，挺搭的，安装非常的方便，放进取出一气呵成，还不容易掉。当时看到还有点犹豫，收获查看可以算是物有所值，朋友问我怎么买个这么好看的保护套，哈哈。钱没白花啊！,-,-,2021-04-21
94,韩**亮,颜色分类: 悦刻1代【皮卡丘】☆送同款挂绳,好评,造型十分的可爱，很喜欢这种类型的，包裹性也很好，挺贴合的，品质不错呦，边缘做得挺精致的，孔位也对得精准做工不错，而且手感舒适。,-,-,2021-05-04
95,t**7,颜色分类: 悦刻4代【绿小恐龙】☆送同款挂绳,好评,非常好，很精致，非常喜欢，值得购买，,-,-,2021-05-17
96,t**7,颜色分类: 悦刻1代【粉小恐龙】☆送同款挂绳,好评,可可爱爱,-,-,2021-05-17
97,懒**0,颜色分类: 悦刻4代【黑小恐龙】☆送同款挂绳,好评,不是特别喜欢，拿那个头套的时候，老是把烟弹也带出来,-,-,2021-05-20
98,x**m,颜色分类: 悦刻4代【夜光暴力熊】☆送同款挂绳,好评,还不错哦，就是夜光效果需要持续照才能达到效果,-,-,2021-04-16
99,为**醉,颜色分类: 悦刻1代【绿小恐龙】☆送同款挂绳,好评,不错的，很喜欢,-,-,2021-04-25
100,t**8,颜色分类: 悦刻4代【黑暴力熊】☆送同款挂绳,好评,真的很不错，保护套从款式到图案都是我很喜欢的，而且做工相当不错，壳子很贴合的，材质是硅胶软壳的，之前出去跟朋友玩，看了我这边壳子都说很可以，一个两个问我要链接，也想入手一个，主要在意的是壳子底部的孔位是很精准的，也不占地方，也无异味，挺耐脏耐用的，性价比很高，最最最重要的还是好看哈哈~,-,-,2021-05-11
101,p**3,颜色分类: 悦刻1代【魔法棒】☆送同款挂绳,好评,太好了，好看又实用。做工不错😊,-,-,2021-04-27
102,l**5,颜色分类: 悦刻1代【黑色法斗】☆送同款挂绳,好评,尺寸正合适。再也不怕摔了 ,-,-,2021-04-19
103,t**5,颜色分类: 悦刻1代【黑暴力熊】☆送同款挂绳,好评,尺寸贴合：就很不错啦，挺合适的 ,-,-,2021-05-17
104,a**8,颜色分类: 悦刻1代【皮卡丘】☆送同款挂绳,好评,包装好，物流快，价格实惠，比超市便宜多了,-,-,2021-04-28
105,清**0,颜色分类: 悦刻1代【黑无脸男】☆送同款挂绳,好评,经常把弹带出来，可以说百分百带出来,-,-,2021-05-11
106,小**9,颜色分类: 悦刻4代【皮卡丘】☆送同款挂绳,好评,好看了很多啊，套上之后非常可爱了，也没有出现缝隙，很好，质量看着就很不错，硅胶材质的保护套，拿在手里非常滴舒服。肯定很防摔的，保护套也没有出现色差，没有出现偏差，已经推荐给朋友下单购买啦~这个真的很不错  ,-,-,2021-04-14
107,成**6,颜色分类: 悦刻1代【黑哈士奇】☆送同款挂绳,好评,很好，上手手感很好，非常的柔软亲肤，是液态硅胶材质的，早上出门放在桌上，不小心手挡到了，从一米高的桌子掉下来了，吓*我了，赶紧拿起来看看，没有一丢丢事，这防摔效果也太赞了吧~非常满意哇完全不会失望，之前买的不够贴合，这个很贴合，推荐购买 ,-,-,2021-04-12
108,t**5,颜色分类: 悦刻4代【绿小恐龙】☆送同款挂绳,好评,外观形状和图片一样，没瑕疵做工精致，厚度刚刚好可以防摔防刮，不用担心杆子给弄划痕了，完美贴合、大小很合适，特别是盖子没有松松垮垮的感觉，也没有不贴合，充电挺方便的，手感非常舒服。性价比还是非常奈斯的。  ,-,-,2021-05-17
109,t**0,颜色分类: 悦刻1代【黑小恐龙】☆送同款挂绳,好评,宝贝与描述基本一致，发货很快，值得一买,-,-,2021-05-19
110,t**6,颜色分类: 悦刻1代【绿小恐龙】☆送同款挂绳,好评,就是头不太好，容易丢，,-,-,2021-06-25
111,t**1,颜色分类: 悦刻4代【黑哈士奇】☆送同款挂绳,好评,硅胶质感很好，壳子很贴合，做工也很强硬。跟图片一样很酷，之前一直裸着，杆都被刮花了，现在用这个保护套颜值还高一些。总的我很喜欢，之前看了很多店，比了比才选定了这款，是我想要的没错啦，确实没让我失望。这个保护套真的爱了。,-,-,2021-05-12
112,h**u,颜色分类: 悦刻4代【黑暴力熊】☆送同款挂绳,好评,保护套是软硅胶的，不用担心不好取下来啦！试了一下拆卸也超级简单，质量很不错哦，贴合度挺好的，盖子特别紧，充电的那个孔也对的很准，这个暴力熊真是太酷啦，超级好看，店铺内还有好多其他的款式呀，下次有需要会再来买哦 ,-,-,2021-04-10
113,努**4,颜色分类: 悦刻1代【皮卡丘】☆送同款挂绳,好评,保护套的设计很好，充电也不需要拿出来可以直接冲了，大小刚好合适，防摔防刮花的，完美贴合，能包裹住我的烟杆，手感也不错，顺滑的硅胶材质，这下也不用怕把它摔了，揉捏不会变形，装上有焕然一新的感觉，设计的非常合理,-,-,2021-04-12
114,蔚**力,颜色分类: 悦刻1代【黑色路飞】☆送同款挂绳,好评,颜值很高，看着就很好，不会有黏腻感，强硬的做工质量，套好后也不会有缝隙，大小正合适，这质量杠杠滴好，贴合度也好，拿在手里质感特别棒，想买的宝贝不要犹豫了，我马上再准备入手一个,-,-,2021-05-29
115,g**8,颜色分类: 悦刻1代【魔法棒】☆送同款挂绳,好评,太大不适用 ,-,-,2021-05-23
116,雁**起,颜色分类: 悦刻4代【黑哈士奇】☆送同款挂绳,好评,大小刚刚好套上很合适，硅胶有弹性防摔效果很好，这种还挺特别的，做工很精致，质量也OK，手感还很不错，材质摸起来很舒服，开合很流畅，真的超级好看的呀,-,-,2021-03-31
117,t**9,颜色分类: 悦刻1代【皮卡丘】☆送同款挂绳,好评,保护套不厚重，做工还有检查很细心，卡通的保护套很喜欢，壳子安装起来很简单，可以做到真的无缝，比我预期的要好太多了，充电的孔位也很准确，没异味手感也很好~看上的可以入手哦  ,-,-,2021-04-18
118,c**9,颜色分类: 悦刻4代【黑色法斗】☆送同款挂绳,好评,做工看上去蛮精致的，价格也实惠，实物和图片上一样好看，硅胶的材质挺有质感的，质量很好。防护性能也是很高，平时防刮防摔都是没问题的，带上去后颜值变得可高啦,-,-,2021-04-12
119,a**h,颜色分类: 悦刻4代【猫爪】☆送同款挂绳,好评,可可爱爱的，保护套套上去很适合。细节做工的也不错，没有毛边瑕疵，充电口孔位很准，而且保护性真的挺好的，防摔防刮，这个套子质量真的不错，可以说是妥妥的,-,-,2021-03-30
120,t**0,颜色分类: 悦刻1代【粉小恐龙】☆送同款挂绳,好评,爱了爱了 ,-,-,2021-05-19
121,行**好,颜色分类: 悦刻4代【魔法棒】☆送同款挂绳,好评,十分贴合，带上后没有缝隙，而且硅胶的手感挺不错的，充电孔位对得准呢，材质很耐脏，保护效果很好，套上严丝合缝的没半点瑕疵 掉落到地上弄脏了用水洗 ,-,-,2021-04-03
122,柳**z,颜色分类: 悦刻4代【魔法棒】☆送同款挂绳,好评,保护套很好用，外部很内部都很精致，没有什么瑕疵的地方，和图片是一样的，都是那种可爱的感觉，尺寸合适几乎没有缝隙，开盖顺畅，做工很好也没有异味，不管是从外观，材质，手感都非常喜欢，实物和图片上一致，保护效果特别强！,-,-,2021-03-30
123,o**6,颜色分类: 悦刻4代【绿小恐龙】☆送同款挂绳,好评,感觉蛮不错的，用着很顺手，质量过关，首先 装上去没有缝隙还贴合，刚刚好的厚度，能够保护到位，其次 做工方面没有瑕疵，细节点也处理的很好，送了一根硅胶挂绳，很搭，颜色很喜欢,-,-,2021-03-31
124,t**1,颜色分类: 悦刻1代【黑暴力熊】☆送同款挂绳,好评,真佩服我的眼光，保护套装上无缝隙，开盖顺畅，尺寸大小很合适，颜值很高，包裹的很好，专门选的液态硅胶材质的材质很耐摔也耐脏，边边角角的处理的都很棒哟nice ,-,-,2021-05-12
125,老**4,颜色分类: 悦刻1代【黑哈士奇】☆送同款挂绳,好评,"性价比较高的一款软壳保护套,可以很全面的保护到杆子和烟蛋,装好之后很贴合,沒有缝隙。我拿在手里玩,不小心掉地上,表面沒有一点受伤的痕迹,质量方面都做的很到位，满意",-,-,2021-04-06
126,我**兴,颜色分类: 悦刻4代【绿小恐龙】☆送同款挂绳,好评,一直很想给我的4代杆子买一个壳子的，怕被刮花，之前的1代杆就是刮花了所以换了4代了，淘宝上看了多家，逛了这家的宝贝非常我钟意，材质软软的很舒服，做工的细节也到位，这个颜色是我最喜欢的，保护力十足，非常推荐的一款 ,-,-,2021-04-12
127,景**s,颜色分类: 悦刻1代【黑暴力熊】☆送同款挂绳,好评,特意用了两天来评论的，外观上是我喜欢的风格，酷酷萌萌的，颜值还是很高的，材质很轻薄不是那种厚重的硅胶款式，平时放包包里面，有保护套也不用担心在口袋被其他东西划伤和弄脏,-,-,2021-04-09
128,t**4,颜色分类: 悦刻4代【黑哈士奇】☆送同款挂绳,好评,颜值很高，设计的也很合理，小巧好携带，平时出门就放口袋里面，厚度也适中，也不容易沾灰，其他店做工差的和这个完全没有可比性，这个就是精细的，细节都很到位，还会再来购买款式的壳子。 ,-,-,2021-05-20
129,周**怀,颜色分类: 悦刻4代【皮卡丘】☆送同款挂绳,好评,一眼就喜欢上了🔋，很有特点，找了很久这种比较有特色的保护套，使用了有段时间了💕，感觉质量超赞👜，没有毛边，💪细节很nice👍👍👍👍👍👍👍👍👍，防护性很强，全面保护了我的耳机☕，强烈推荐，买到满意的宝贝当然美滋滋😍,-,-,2021-03-19
130,大**人,颜色分类: 悦刻4代【绿小恐龙】☆送同款挂绳,好评,材质很好，做工精细，手感很好不会粘毛。贴合度也是满分！非常好看，做工精致，没有掉盖子，开合也比较顺畅。不吸灰也确实不容易发黄，孔位也很准确，不会用用变形了，充电孔位对的准不会影响到正常充电。 ,-,-,2021-04-02
131,小**会,颜色分类: 悦刻4代【皮卡丘】☆送同款挂绳,好评,这个皮卡丘造型太萌啦，颜色很正，没异味，装好后基本贴合，不会掉盖，拿在手上挺有质感，还送了硅胶防丢挂绳，卸什么的都挺方便的，表白卖家~~,-,-,2021-04-04
132,神**兔,颜色分类: 悦刻1代【皮卡丘】☆送同款挂绳,好评,拍了几张到照片，给大家参考一下，确实是大小合适，孔位精准，盖上去也不会供起来，液态硅胶的材质本身就比较细腻，简直绝了，因为是硅胶软壳，手感很不错，很细腻,-,-,2021-03-31
133,z**3,颜色分类: 悦刻4代【皮卡丘】☆送同款挂绳,好评,表扬一下客服，拍错型号了，很快就帮我换成1代了！外观设计美观大方很漂亮，尺寸大小合适，有手感没有色差防摔质量超好好喜欢好满意大爱了 ,-,-,2021-03-24
134,旋**2,颜色分类: 悦刻1代【黑暴力熊】☆送同款挂绳,好评,等了两天终于到了，宝贝质量让我挺满意的，手感很舒适，没有异味，做工也精致。很不错，特别是装上之后不会有缝隙，而且盖子还贴合的很好，下次会来回购的啦,-,-,2021-03-19
135,z**8,颜色分类: 悦刻1代【皮卡丘】☆送同款挂绳,好评,保护情况：如果皮卡丘的头可以和外壳有连接更好。不然拔下来没地方放只能拿在手里，颜值可以，亮亮的黄色一眼就能看到找起来也容易😏￼￼ ,-,-,2021-04-07
136,t**6,颜色分类: 悦刻4代【绿小恐龙】☆送同款挂绳,好评,此用户没有填写评价。,这个保护套贴合度很高，套上去后一点缝隙都没有，非常的贴合。样子很可爱，看着它不知不觉中心情都好了不少，很小巧的一个，感觉这个使用起来很不错，我朋友好像也要买一个保护套，推荐给ta看看,-,2021-06-25
137,t**5,颜色分类: 悦刻4代【黑暴力熊】☆送同款挂绳,好评,开合很顺畅，这个十分容易装上去，装上严丝合缝～没有不贴合的现象，很耐脏没有异味，边缘衔接的地方也处理的很不错，底部还留有充电，非常好的设计，超喜欢的,-,-,2021-05-17
138,小**8,颜色分类: 悦刻1代【黑色路飞】☆送同款挂绳,好评,物流发货挺快的，保护套质量非常好，设计工艺也非常喜欢，硅胶材质的保护套，把杆子保护的很好，能防止灰尘进入到烟嘴。非常实用，喜欢的小伙伴赶紧入手吧。 ,-,-,2021-04-13
139,i**笑,颜色分类: 悦刻4代【皮卡丘】☆送同款挂绳,好评,整体评价：还可以 尺寸贴合：贴合精 外观设计：可爱 保护情况：很好 尺寸大小：头套拔下来总会吧烟弹一起扯出来，很不好 产品材质：软厚 ,-,-,2021-03-27
140,香**0,颜色分类: 悦刻4代【黑暴力熊】☆送同款挂绳,好评,买了一个硅胶的保护套，好太多了，看上去就很好看，简简单单的，装上后没有空隙，细节部分处理的很好，质感满满的，能够很好的贴合耳机舱，这点不错 ,-,-,2021-03-25
141,t**4,颜色分类: 悦刻4代【魔法棒】☆送同款挂绳,好评,这个颜值来说的话，真是是撞到我的品位上了，很喜欢，再说到保护套本身的做工，质量真的挺好的，贴合，很容易就装上也能更好的保护不受到外力的损伤，放在包里，就算不小心掉落，有保护套的缓冲还不会刮花，挺满意的 ,-,-,2021-05-20
142,m**4,颜色分类: 悦刻1代【皮卡丘】☆送同款挂绳,好评,尺寸大小：参照样图弄得，结果设计不合理，配件硬是挤裂开了缝，希望改下那个配件内环的粗细，挂绳很粗，结果那个洞很小就很尴尬了。 ,-,-,2021-05-05
143,烦**啊,颜色分类: 悦刻4代【黑无脸男】☆送同款挂绳,好评,给大家参考一下，确实是大小合适，十分贴合，带上后没有缝隙，而且硅胶的手感挺不错的~之前以为这个价格做工不会很好，这家服务挺好的,-,-,2021-04-02
144,t**0,颜色分类: 悦刻4代【魔法棒】☆送同款挂绳,好评,手感很舒服哇，液态硅胶材质的就感觉很好，没有沾灰尘的现象，很满意的。而且贴合度很高，这样保护性就很强大了哈哈，不伤机，五星好评！！ ,-,-,2021-05-19
145,栩**0,颜色分类: 悦刻4代【猫爪】☆送同款挂绳,好评,尺寸刚刚好，质量也不错，壳子安装起来很简单，主要是不容易掉，尺寸合适，比我预期的要好太多了，店家的包装太用心了，值得推荐！ ,-,-,2021-03-25
146,t**5,颜色分类: 悦刻4代【黑暴力熊】☆送同款挂绳,好评,保护套还不错呢，是软软的硅胶材质，很好套进去，盖子也盖着也很稳，不会掉  ,-,-,2021-05-17
147,寒**看,颜色分类: 悦刻4代【皮卡丘】☆送同款挂绳,好评,很好看发货也非常快！客服也很温柔哦 戴上一个感觉颜值瞬间高了好多，显得很上档次，皮卡丘图案确实好看 买就对了！充电孔位也很准确，壳子拆卸也非常的方便。绝对是最开心的一次购物，店家服务态度很好 ,-,-,2021-04-03
148,我**滚,颜色分类: 悦刻4代【绿小恐龙】☆送同款挂绳,好评,很服帖 和实体店卖的一样但要便宜一半 之前那个被家里两只猫咬残了 又买了一个一摸一样的  ,-,-,2021-04-15
149,o**式,颜色分类: 悦刻4代【黑暴力熊】☆送同款挂绳,好评,感觉蛮不错的一款产品，也没有瑕疵，上下贴合度很好，宝贝非常酷，大小刚好，厚度适中，能够很好地保护杆子和烟嘴，防摔防划，蛮实用的是一款不错的产品。赞~,-,-,2021-04-14
150,小**守,颜色分类: 悦刻4代【黑小恐龙】☆送同款挂绳,好评,整体评价：很好， 尺寸贴合：很贴合， 外观设计：比较柔软， 保护情况：完美保护 产品材质：无味 尺寸大小：正好 ,-,-,2021-04-07
151,醉**m,颜色分类: 悦刻4代【猫爪】☆送同款挂绳,好评,这颜值，绝了！就是塑料啦你懂的，一开始会有点味道，让它晾一晾再用，完美！！ ,-,-,2021-04-02
152,醉**m,颜色分类: 悦刻4代【魔法棒】☆送同款挂绳,好评,这颜值，绝了！就是塑料啦你懂的，一开始会有点味道，让它晾一晾再用，完美！！  ,-,-,2021-04-02
153,韭**1,颜色分类: 悦刻4代【皮卡丘】☆送同款挂绳,好评,"我的是一代的，拍错了好在客服几时帮我改了一下型号，价格合理不算贵，质量超级好,用着非常满意，安装上后完美贴合，是硅胶材质的，日常防摔防刮花都没有问题的，我很喜欢。充电口也是非常精准的，质量很好，跟描述的一样~完全不用担心质量不好不贴合啦",-,-,2021-05-14
154,t**2,颜色分类: 悦刻1代【黑暴力熊】☆送同款挂绳,好评,很喜欢这款保护套，这个保护套很贴合而且孔位对的也非常精准，做工比较细致，边缘不会有毛边啥的。也没有瑕疵，一开始觉得小贵，但收到质量确实不错，这个保护套让我非常满意，赞~,-,-,2021-05-19
155,1**x,颜色分类: 悦刻1代【皮卡丘】☆送同款挂绳,好评,看着还不错,-,-,2021-03-31
156,s**1,颜色分类: 悦刻1代【黑暴力熊】☆送同款挂绳,好评,夏天到了，烟挂在脖子上很方便 ,-,-,2021-04-26
157,大**名,颜色分类: 悦刻4代【黑暴力熊】☆送同款挂绳,好评,这个头容易掉，我这个头掉了又重新买了一个,-,-,2021-05-01
158,琛**店,颜色分类: 悦刻4代【皮卡丘】☆送同款挂绳,好评,很漂亮 非常贴合！,-,-,2021-03-30
159,t**4,颜色分类: 悦刻4代【夜光暴力熊】☆送同款挂绳,好评,晚上夜光很棒,-,-,2021-05-20
160,夏**爱,颜色分类: 悦刻4代【黑暴力熊】☆送同款挂绳,好评,整体评价：没第一个的质量好 每次买东西回购的都没第一次买的好 不知道为什么 ,-,-,2021-04-27
161,弋**1,颜色分类: 悦刻1代【魔法棒】☆送同款挂绳,好评,很喜欢 不错,-,-,2021-04-11
162,恃**你,颜色分类: 悦刻1代【黑暴力熊】☆送同款挂绳,好评,还可以 ,-,-,2021-04-04
163,胖**g,颜色分类: 悦刻1代【皮卡丘】☆送同款挂绳,好评,好黑呀,-,-,2021-04-27
164,小**1,颜色分类: 悦刻4代【猫爪】☆送同款挂绳,好评,👍,-,-,2021-05-09
165,亲**贝,颜色分类: 悦刻1代【绿小恐龙】☆送同款挂绳,好评,颜色有点深，与买的颜色不一样，其它的都还好,-,-,2021-04-26
166,兰**锋,颜色分类: 悦刻4代【猫爪】☆送同款挂绳,好评,换了一个黑色的暴力熊，因为我感觉黑色的不会那么容易脏，手感这方面拿捏得也不错，可以说是很不错啦，贴合度可以，装上去也不会显得厚重，非常的好看还是很不错的，取下来也很容易，衔接的位置很紧密不会留白，保护套做工很可以，看上之后立马就买了，整体都相当的奈斯哈哈哈 ,-,-,2021-03-10
167,小**y,颜色分类: 悦刻1代【猫爪】☆送同款挂绳,好评,质量还可以，就是味道有点重 ,-,-,2021-05-11
168,没**8,颜色分类: 悦刻4代【黑色法斗】☆送同款挂绳,好评,不好 质量差～没手感,-,-,2021-04-30
169,衬**h,颜色分类: 悦刻1代【黑暴力熊】☆送同款挂绳,好评,说好不沾灰  结果全是灰,-,-,2021-04-29
170,t**3,颜色分类: 悦刻4代【黑暴力熊】☆送同款挂绳,好评,终于淘到一款喜欢的保护套了，这个硅胶手感的就很顺滑，而且轻便小巧，而且颜值还非常高啊，之前买过的那种硬壳的虽然也挺好看但是没那么好，这个不会，精致小巧，而且质量也挺不错，充电什么的都很方便! ,-,-,2021-03-09
171,转**峰,颜色分类: 悦刻4代【魔法棒】☆送同款挂绳,好评,买来很可爱很贴合，用着很顺手，太合适了，和图片是一样的，我个人觉得会比图片的可爱一些，很贴合而且孔位对的也精准，做工也很细致，使用过程中感觉也很便利，开盖充电都不会有影响，盖子还贴合的紧。硅胶的手感也特别舒服，款式好看。 ,-,-,2021-03-10
172,果**6,颜色分类: 悦刻1代【黑哈士奇】☆送同款挂绳,好评,当垃圾甩了 根本用不了,-,-,2021-05-08
173,t**4,颜色分类: 悦刻4代【魔法棒】☆送同款挂绳,好评,感觉很赞，可以很好的保护到烟杆，丢进包里也不怕被别的东西磨花到。大小尺寸刚刚好，是硅胶的软套，手感特别的舒服。而且安装拆卸都很简单，很好看，很特别呀！ ,-,-,2021-05-20
174,t**8,颜色分类: 悦刻1代【黑暴力熊】☆送同款挂绳,好评,收到货就用上了，这个保护套做的不错，服帖不会有缝隙，大小刚刚好，做工也没有瑕疵！底部充电孔吻合，充电超方便。超喜欢拿在手里玩哈哈，手感超级好呀，这家保护套的款式还蛮多好看的，打算再入手一波~ ,-,-,2021-05-11
175,袁**佳,颜色分类: 悦刻4代【皮卡丘】☆送同款挂绳,好评,超级好看 ,-,-,2021-03-30
176,t**3,颜色分类: 悦刻4代【皮卡丘】☆送同款挂绳,好评,颜值很高，设计的也很合理，小巧好携带，平时出门就放口袋里面，厚度也适中，主要是也不容易沾灰。比较精细，和缝线和小细节都很到位，还会再来购买款式的保护套的，看到其他的款式也很好看，皮卡丘挺不错的。 ,-,-,2021-03-09
177,t**4,颜色分类: 悦刻4代【皮卡丘】☆送同款挂绳,好评,保护套不厚重，做工还有检查很细心，皮卡丘的保护套很喜欢，壳子安装起来很简单，可以做到真的无缝，比我预期的要好太多了，充电的孔位也很准确，没异味手感也很好~看上的可以入手哦 ,-,-,2021-05-20
178,t**8,颜色分类: 悦刻4代【黑哈士奇】☆送同款挂绳,好评,冲着这个颜值买的，哈士奇真的太好看了，手感极其的好啊，壳子已经试了下，比裸机手感还好，孔位大小都是刚刚好的，质量细节都很完美，贴合无缝，无瑕疵~再也不会担心被摔了 ,-,-,2021-05-11
179,d**i,颜色分类: 悦刻1代【皮卡丘】☆送同款挂绳,好评,等了两天终于到了，宝贝质量让我挺满意的，手感很舒适，没有异味，做工也精致。之前有买过一个 质量太差，直接扔了，这个皮卡丘很不错，特别是装上之后不会有缝隙，而且盖子还贴合的很好，下次会来回购的啦 ,-,-,2021-03-11
180,木**2,颜色分类: 悦刻4代【猫爪】☆送同款挂绳,好评,保护套的贴合度很高，装上保护套后，机子和保护套之间很贴合，没有缝隙的，硅胶软壳的 ，材质很亲肤，使用起来非常的舒适，这次买的这个保护套，做工就很实在，耐脏防摔，使用起来很得劲 ,-,-,2021-03-15
181,大**子,颜色分类: 悦刻1代【魔法棒】☆送同款挂绳,好评,外观呢是非常好看的，总体很贴合，不算严丝合缝但是孔位都对的上。套上之后整体跟个魔法棒似的，少女心……绳子上面那个标志没了……不知道是我自己弄丢了还是咋的…难受。唯一缺陷就是开盖容易把烟弹带出来 ,-,-,2021-04-06
182,t**8,颜色分类: 悦刻1代【黑暴力熊】☆送同款挂绳,好评,不错，很好,-,-,2021-05-11
183,t**8,颜色分类: 悦刻4代【皮卡丘】☆送同款挂绳,好评,东西已经收到！没有异味，很可爱呀哈哈，手感也不错！用料扎实！质量针不戳。 ,-,-,2021-05-11
184,祥**祥,颜色分类: 悦刻4代【绿小恐龙】☆送同款挂绳,好评,产品包装精致美观大气，目前用着非常不错，真实评价，希望可以帮到集美们  ,-,-,2021-03-16
185,t**7,颜色分类: 悦刻4代【黑暴力熊】☆送同款挂绳,好评,完美开模 手感不错 没有异味，质感不要太棒，还以为这个价钱买不到啥东西呢，结果惊喜啊，挺好的回购！ ,-,-,2021-05-17
186,t**6,颜色分类: 悦刻4代【魔法棒】☆送同款挂绳,好评,外观干净漂亮，做工很不错，没发现什么瑕疵，个人感觉大小也挺合适。,-,-,2021-06-25
187,t**6,颜色分类: 悦刻4代【猫爪】☆送同款挂绳,好评,非常可以的，很喜欢这种款式的，太可爱了，上盖很结实，是无缝贴合的，而且充电很方便，底部也留了那个充电孔，不用拆卸下来就能充电，这个挺方便的，戴着完全不影响正常的使用，又很耐脏耐用，真的很不错哟~,-,-,2021-06-25
188,t**7,颜色分类: 悦刻4代【黑暴力熊】☆送同款挂绳,好评,颜值在线，设计的很精致还有做工各方面都做非常精细，这个款式是我喜欢的一眼就相中了，一点不厚重上盖吸附的非常好~放里面刚刚好，尺寸大小很合适，不会有缝隙啥的。 ,追评： 拿在手里相当有手感，黑色很有质感，好评！！！,-,2021-05-17
189,z**风,颜色分类: 悦刻4代【魔法棒】☆送同款挂绳,好评,很可爱也很有型的一款保护套，有了它就不怕乱放烟嘴会脏了 ,-,-,2021-03-16
190,t**5,颜色分类: 悦刻4代【黑暴力熊】☆送同款挂绳,好评,颜值很高的一款烟套。好喜欢。就是我以为他是盖子连着的 其实不是。哈！很满意这种套 ,-,-,2021-05-17
191,j**5,颜色分类: 悦刻4代【黑暴力熊】☆送同款挂绳,好评,拔盖子的时候，灯会闪一下，我以前用其他孩子没这种情况，找客服 客服态度就是：我不知道哦，不清楚勒，我也不知道怎么办哦，你轻一点开。 录了视频过去 明明就闪了灯 客服又说：没有闪呢，这一点没关系勒 ** 牛*,-,-,2021-04-15
192,t**1,颜色分类: 悦刻1代【魔法棒】☆送同款挂绳,好评,好看就是容易脏,-,-,2021-05-12
193,蛋**1,颜色分类: 悦刻4代【猫爪】☆送同款挂绳,好评,整体评价：买了两个，一个有绳子一个没绳子，没绳子容易丢 ,-,-,2021-04-07
194,t**3,颜色分类: 悦刻4代【绿小恐龙】☆送同款挂绳,好评,这个味道开水泡了一天还是有味道 ,-,-,2021-04-13
195,无**偶,颜色分类: 悦刻4代【黑哈士奇】☆送同款挂绳,好评,整体评价：普通，运费太贵，懒得退 ,-,-,2021-04-04
196,c**1,颜色分类: 悦刻4代【黑暴力熊】☆送同款挂绳,好评,挺好的，就是盖子没有孔拴着容易丢,-,-,2021-05-11
197,t**5,颜色分类: 悦刻1代【魔法棒】☆送同款挂绳,好评,愛了愛了 ,-,-,2021-05-17
198,b**0,颜色分类: 悦刻4代【黑小恐龙】☆送同款挂绳,好评,货收到了，还没用,-,-,2021-03-31
199,f**0,颜色分类: 悦刻4代【猫爪】☆送同款挂绳,好评,很精致，质量非常好，实用性很不错，喜欢，手感好好喜欢好看666五星好评。 ,-,-,2021-05-04
200,z**9,颜色分类: 悦刻1代【黑色法斗】☆送同款挂绳,好评,戴了这个壳以后抽一股橡胶味，没戴之前还好好的，吐了。,-,-,2021-04-18
201,l**7,颜色分类: 悦刻4代【皮卡丘】☆送同款挂绳,好评,赞赞赞赞赞赞赞赞赞赞赞赞赞赞赞赞赞赞赞赞赞赞赞赞,-,-,2021-05-11
202,韩**贝,颜色分类: 悦刻4代【黑无脸男】☆送同款挂绳,好评,很好 ,-,-,2021-04-21
203,阿**1,颜色分类: 悦刻1代【皮卡丘】☆送同款挂绳,好评,不错,-,-,2021-05-17
204,t**4,颜色分类: 悦刻4代【黑色法斗】☆送同款挂绳,好评,挺喜欢,-,-,2021-05-20
205,爱**杰,颜色分类: 悦刻1代【黑哈士奇】☆送同款挂绳,好评,好,-,-,2021-05-09
206,内**征,颜色分类: 悦刻1代【绿小恐龙】☆送同款挂绳,好评,一级棒,-,-,2021-06-05
207,阿**炜,颜色分类: 悦刻1代【猫爪】☆送同款挂绳,好评,可爱可爱 ,-,-,2021-06-14
208,z**3,颜色分类: 悦刻1代【猫爪】☆送同款挂绳,好评,……,-,-,2021-04-11
209,艺**1,颜色分类: 悦刻1代【魔法棒】☆送同款挂绳,好评,合适 ,-,-,2021-04-09
210,t**3,颜色分类: 悦刻4代【皮卡丘】☆送同款挂绳,好评,买错了,-,-,2021-03-25
211,t**9,颜色分类: 悦刻4代【黑哈士奇】☆送同款挂绳,好评,就那样,-,-,2021-04-18
212,苏**然,颜色分类: 悦刻1代【黑暴力熊】☆送同款挂绳,好评,还行吧 ,-,-,2021-04-30
213,t**0,颜色分类: 悦刻1代【黑暴力熊】☆送同款挂绳,好评,还可以,-,-,2021-05-19
214,许**1,颜色分类: 悦刻4代【黑暴力熊】☆送同款挂绳,好评,很可爱啊！,-,-,2021-06-10
215,小**染,颜色分类: 悦刻1代【粉小恐龙】☆送同款挂绳,好评,很可爱,-,-,2021-05-31
216,泡**a,颜色分类: 悦刻1代【绿小恐龙】☆送同款挂绳,好评,喜欢 ,-,-,2021-05-24
217,t**4,颜色分类: 悦刻4代【猫爪】☆送同款挂绳,好评,此用户没有填写评价。,很好,-,2021-05-20
218,黄**梦,颜色分类: 悦刻4代【黑色纯色】☆送编织扁挂绳,好评,可,-,-,2021-06-02
219,l**0,颜色分类: 悦刻4代【猫爪】☆送同款挂绳,好评,此用户没有填写评价。,好好看的保护套，烟杆瞬间漂亮啦，套上去之后很贴合，携带很方便。细节做的很好，手感摸起来舒服，也是偏软的材质，爱了爱了，真是太好看了,-,2021-04-26
220,做**8,颜色分类: 悦刻4代【黑暴力熊】☆送同款挂绳,好评,发货很快，也太好看了叭，手感也十分的舒服，我用着是真心觉得不错，保护壳质量很好，颜色看着也非常舒服，拆卸的时候只需要按住底部往前推出来就可以了，尺寸很贴合,-,-,2021-04-13
221,敏**0,颜色分类: 悦刻1代【黑暴力熊】☆送同款挂绳,好评,此用户没有填写评价。,挺酷的，还是比较喜欢这个外表的，显得很高级，不错的~，颜值非常很高，拿在手上也很舒服，保护套安装拆卸，非常方便，保护套本身的贴合度也不错，而且随身带着很方便，店家的服务也挺让人舒服的，整体很喜欢,-,2021-04-22
222,t**1,颜色分类: 悦刻1代【魔法棒】☆送同款挂绳,好评,可以说是，物美价廉了！客服也很好，沟通很快，很方便，会继续关注！物流很快，产品很快就收到了，比想象中还好，不错不错 ,-,-,2021-05-12
223,t**9,颜色分类: 悦刻4代【皮卡丘】☆送同款挂绳,好评,客服态度很好，型号拍错了  还帮我换了一代的，物流发货速度快，颜值高且颜色比较正，性价比挺高的，非常不错无异味，很好用，硅胶材质的保护壳拿在手上非常的舒服，非常的满意，保护套质量很好，没有瑕疵，图片跟实物一样，挺满意的一次购物，会推荐的。 ,-,-,2021-04-18
224,t**1,颜色分类: 悦刻4代【黑无脸男】☆送同款挂绳,好评,我觉得很不错，有需要还会再来购买，做工看上去蛮精致的，价格也实惠，实物和图片上一样好看，挺有质感的，质量很好。装上很贴合，非常合适，开盖顺畅，很贴合，摸着手感也很舒服的，很满意 ,-,-,2021-05-12
225,d**o,颜色分类: 悦刻1代【皮卡丘】☆送同款挂绳,好评,挺可爱的,-,-,2021-04-20
226,t**1,颜色分类: 悦刻4代【魔法棒】☆送同款挂绳,好评,收到货，第一时间拆包装，质量非常好，与卖家描述一致，完全超出我的期望值，包装很仔细、严实，总的来说这次是很满意的一次购物，感谢卖家。 ,-,-,2021-05-12
227,林**哈,颜色分类: 悦刻4代【魔法棒】☆送同款挂绳,好评,好看 ,-,-,2021-06-24
228,人**首,颜色分类: 悦刻4代【夜光暴力熊】☆送同款挂绳,好评,这个宝贝我太喜欢啦 值得购买呀 软软的 跟悦刻也很配 喜欢的小宝贝们赶紧下单吧 祝店家生意兴隆财源广进！孔都对的很齐，质量不错，没有异味，买个套带着卫生还不容易摔坏.,-,-,2021-04-23
229,t**9,颜色分类: 悦刻4代【黑暴力熊】☆送同款挂绳,好评,这款保护套光看上去就感觉个性十足！摸着手感超级好，材质是硅胶的，尺寸很合适，是1：1尺寸的小巧方便携带，还可以直接充电，是我想要的~ ,-,-,2021-04-18
230,我**8,颜色分类: 悦刻1代【黑小恐龙】☆送同款挂绳,好评,这质量真是太意外了，实物美美哒，触感很好，很推荐哦~趁着活动入手划算，发货快，包装得好，非常不错，全新体验，赞赞赞！ ,-,-,2021-05-02
231,t**7,颜色分类: 悦刻4代【魔法棒】☆送同款挂绳,好评,质量很好，物流也很快，卖家服务态度也很好，颜色也很喜欢，非常喜欢,-,-,2021-05-17
232,v**8,颜色分类: 悦刻4代【黑暴力熊】☆送同款挂绳,好评,此用户没有填写评价。,质感很好 物流很快 非常中意好评 很好看 好看方便又适用 质量也还行非常棒真心好啊，便宜实惠！还会再来回购的!,-,2021-05-07
233,t**2,颜色分类: 悦刻4代【皮卡丘】☆送同款挂绳,好评,好！！n超级好 可爱 漂亮 跟照片一样 可喜欢了！！！值得入手呢 推荐推荐推荐推荐 nice！  ,-,-,2021-05-19
234,独**l,颜色分类: 悦刻4代【黑暴力熊】☆送同款挂绳,好评,此用户没有填写评价。,-,-,2021-06-12
235,t**1,颜色分类: 悦刻1代【魔法棒】☆送同款挂绳,好评,此用户没有填写评价。,-,-,2021-05-12
236,完**运,颜色分类: 悦刻1代【黑暴力熊】☆送同款挂绳,好评,物流发货速度很快，保护套很好，收到就套上了我的一代，是硅胶材质的，拿在手上非常滴舒服，并且材质很好，没有异味，做工精细，没有瑕疵，还是蛮喜欢的，主要是防摔防刮都没问题，实用性很强，推荐！,-,-,2021-04-14
237,t**2,颜色分类: 悦刻4代【魔法棒】☆送同款挂绳,好评,超级棒哦很高兴淘到这么好的商品，给的全5星好评哦图就不上了毕竟这个文案也是随手复制过来的省点事，下次还会回购的哦么么哒,-,-,2021-05-19
238,t**7,颜色分类: 悦刻1代【黑哈士奇】☆送同款挂绳,好评,好看 ,-,-,2021-05-17
239,张**2,颜色分类: 悦刻4代【皮卡丘】☆送同款挂绳,好评,掌柜的服务态度真好，发货很快。商品质量也相当不错。太喜欢了，谢谢！,-,-,2021-06-08
240,米**磺,颜色分类: 悦刻4代【魔法棒】☆送同款挂绳,好评,是软壳的保护套，硅胶材质的，非常的柔软，而且这个材质摸起来很舒服，手感超级好。保护套的大小也是合适的 很贴合，装上去是没有缝隙，很防止灰尘的进入。做工方面也很不错，很细致，没有瑕疵。不像我之前买的一个 一点也不贴合 装好后有很大的缝隙 我直接就退了 这个就很不错，满意满意满意,-,-,2021-05-22
241,李**9,颜色分类: 悦刻1代【魔法棒】☆送同款挂绳,好评,此用户没有填写评价。,-,-,2021-06-09
242,o**k,颜色分类: 悦刻1代【黑暴力熊】☆送同款挂绳,好评,挺好的,-,-,2021-04-18
243,a**4,颜色分类: 悦刻4代【黑暴力熊】☆送同款挂绳,好评,此用户没有填写评价。,拿到壳子了，很小巧精致，上盖特别的稳，安装好之后有着很好的保护效果，手感也很很舒服，携带方便起来也很方便，也没有奇怪的味道。做工很不错。性价比很好了~而且充电的时候也是超级方便,-,2021-03-14
244,大**f,颜色分类: 悦刻4代【黑色法斗】☆送同款挂绳,好评,很不错的小东西，大小合适，随身携带特别方便的哦，保护套非常的耐脏，非常完美的解决我担心的问题，保护非常到位，而且厚度适中，拿在手里不会有沉重感，手感特别舒服，非常满意,-,-,2021-04-17
245,周**人,颜色分类: 悦刻4代【黑暴力熊】☆送同款挂绳,好评,"   质量非常好，与卖家描述的完全一致，非常满意,真的很喜欢，完全超出期望值，发货速度非常快，包装非常仔细、严实，物流公司服务态度很好，运送速度很快，很满意的一次购物，以后有机会还会光临本店，希望多点优惠，祝生意兴隆。。。  ",-,-,2021-05-08
246,t**1,颜色分类: 悦刻1代【黑色法斗】☆送同款挂绳,好评,此用户没有填写评价。,-,-,2021-05-12
247,g**2,颜色分类: 悦刻4代【黑暴力熊】☆送同款挂绳,好评,大小尺寸很贴合，严丝合缝特有安全感，质量真的没话说，真心好用，手感也很舒服，不沾灰尘指纹，喜欢的朋友可以放心购买，与卖家描述的一致，性价比高,-,-,2021-04-02
248,t**4,颜色分类: 悦刻1代【粉小恐龙】☆送同款挂绳,好评,必须好评，一开始卖家发错了，后来联系卖家，卖家这边也同意补偿。服务态度很好，宝贝质量很好，很实惠，推荐购买！！ ,-,-,2021-05-20
249,鞘**n,颜色分类: 悦刻4代【绿小恐龙】☆送同款挂绳,好评,贴合度也很高，手感更是舒服而细腻，没有异味，大小尺寸刚好合适，做工细节做得很好。质量挺好的，物流也很快，很推荐值得入手。而且保护套质量很好，重点是价格实惠做工还很精致 ！外层不沾灰,-,-,2021-04-12
250,凝**梦,颜色分类: 悦刻4代【黑色法斗】☆送同款挂绳,好评,在网上看了好久的保护套，终于找到了一款自己中意的，收到货，颜值真的没话说，很帅气，质量手感都非常的好，保护套非常方便取出，耐脏，越看越喜欢，客服服务很好，好东西大家值得拥有哦 ,-,-,2021-04-17
251,不**5,颜色分类: 悦刻4代【黑色法斗】☆送同款挂绳,好评,质量很好，是薄款的，对比之前买的造型的款式，好很多，而且主要要很好拆卸也好安装，黑色的很耐脏，可以持续用很久，都不用担心外观脏了很丑的问题，尺寸很贴合，不容易掉，商家说是负压吸附工艺，感觉听高级的，挺好的，性价比高，整体好评~ ,-,-,2021-04-30
252,w**d,颜色分类: 悦刻1代【魔法棒】☆送同款挂绳,好评,保护套材质非常的柔软，手感很好，拿在手里特别的舒服，与图片差别不大，很实用保护套贴合的很好，合上中间也没有缝隙，防摔效果很不错，质量超级强硬。,-,-,2021-04-06
253,t**1,颜色分类: 悦刻4代【黑无脸男】☆送同款挂绳,好评,孔位什么都很准，刚刚好合适，完美贴合，能包裹住我的杆子，起到很好的保护效果，材质很棒；没有异味异味。没有硅胶的气味，设计新颖，美观大方，合盖开盖非常顺畅，质量很棒，爱了爱了~很满意~五星加推荐啦！,-,-,2021-05-12
254,t**6,颜色分类: 悦刻1代【黑色纯色】☆送编织扁挂绳,好评,挺好的,-,-,2021-06-25
255,卜**间,颜色分类: 悦刻4代【黑暴力熊】☆送同款挂绳,好评,店家的服务态度真好，发货很快。商品质量也相当不错。太喜欢了，感谢！ ,-,-,2021-05-19
256,b**h,颜色分类: 悦刻4代【魔法棒】☆送同款挂绳,好评,手感摸着也是很舒服的，很好的可以贴合杆子。虽然小贵~但物有所值，小巧轻便，厚度也是刚刚好，保护力还是可以相信的，装上也挺好的，没缝隙，做工方面没瑕疵，还是可以的,-,-,2021-04-29
257,t**1,颜色分类: 悦刻1代【皮卡丘】☆送同款挂绳,好评,客服态度很好 物流速度也很快 值得下次回购 必须给个五星好评 老顾客了 ,-,-,2021-05-12
258,t**4,颜色分类: 悦刻4代【皮卡丘】☆送同款挂绳,好评,很热情的卖家，下次还来。质量非常好真出乎我的意料。实物很靓，摸着很舒服哦，也很好安装拆卸，简单上手，尺寸正好，这下再也不怕掉地上刮花啦，我试过啦很好套进去也很好取下；包装非常仔细。祝生意兴隆 ,-,-,2021-05-20
259,铁**营,颜色分类: 悦刻4代【魔法棒】☆送同款挂绳,好评,实物跟图片没有什么差距，做工也不错，尺寸刚刚好，质量也非常好，店家的包装太用心了，值得推荐！ ,-,-,2021-03-17
260,飞**官,颜色分类: 悦刻4代【黑无脸男】☆送同款挂绳,好评,收到货，第一时间拆包装，质量非常好，与卖家描述一致，完全超出我的期望值，包装很仔细、严实，总的来说这次是很满意的一次购物，感谢卖家。,-,-,2021-05-08
261,林**哈,颜色分类: 悦刻4代【黑小恐龙】☆送同款挂绳,好评,好看 ,-,-,2021-06-24
262,t**7,颜色分类: 悦刻1代【魔法棒】☆送同款挂绳,好评,可可爱爱的人的电子烟也一定要可可爱爱的哈哈哈哈，我好喜欢呀 ,-,-,2021-05-17
263,我**8,颜色分类: 悦刻1代【魔法棒】☆送同款挂绳,好评,总体来说，确实很不错，客服的服务态度也很棒，说话几乎马上就会回消息，物超所值，真心推荐 ,-,-,2021-04-30
264,艳**好,颜色分类: 悦刻4代【黑色法斗】☆送同款挂绳,好评,一次很好的购物体验，服务周到，物流快速，配送也很周到，态度也很好，好评！质量不错，做工精致，推荐购买,-,-,2021-05-07
265,电**i,颜色分类: 悦刻4代【猫爪】☆送同款挂绳,好评,挺可爱的,-,-,2021-06-02
266,米**磺,颜色分类: 悦刻1代【魔法棒】☆送同款挂绳,好评,是软壳的保护套，硅胶材质的，非常的柔软，而且这个材质摸起来很舒服，手感超级好。保护套的大小也是合适的 很贴合，装上去是没有缝隙，很防止灰尘的进入。做工方面也很不错，很细致，没有瑕疵。不像我之前买的一个 一点也不贴合 装好后有很大的缝隙 我直接就退了 这个就很不错，满意满意满意,-,-,2021-04-20
267,唯**啊,颜色分类: 悦刻4代【绿小恐龙】☆送同款挂绳,好评,此用户没有填写评价。,宝贝收到后很满意，外形颜色也很喜欢，摸着手感特别舒服，拆卸也简单方便～挑选好多家，果然没看错，希望把好物分享给大家,-,2021-05-19
268,k**r,颜色分类: 悦刻4代【黑暴力熊】☆送同款挂绳,好评,可以,-,-,2021-04-26
269,k**r,颜色分类: 悦刻4代【夜光暴力熊】☆送同款挂绳,好评,可以,-,-,2021-04-26
270,t**6,颜色分类: 悦刻4代【绿小恐龙】☆送同款挂绳,好评,在这里买的  非常满意，品质非常好💜，快递小哥态度非常好，这个价格非常给力💪，十分推荐，会继续回购 ,-,-,2021-06-25
271,t**2,颜色分类: 悦刻4代【魔法棒】☆送同款挂绳,好评,超级棒哦很高兴淘到这么好的商品，给的全5星好评哦图就不上了毕竟这个文案也是随手复制过来的省点事，下次还会回购的哦么么哒,-,-,2021-05-19
272,k**5,颜色分类: 悦刻4代【绿小恐龙】☆送同款挂绳,好评,可以可以，贴合度很好，没看到什么缝隙，开合也方便，设计不错，打开时不会卡住，然后手感还软软的，摸着很舒服，带着出去都没人发现是个烟杆，哈哈哈，也挺耐脏的，脏了擦一下就干净了 ,-,-,2021-04-21
273,t**7,颜色分类: 悦刻1代【皮卡丘】☆送同款挂绳,好评,可可爱爱的人的电子烟也一定要可可爱爱的哈哈哈哈，我好喜欢呀 ,-,-,2021-05-17
274,t**6,颜色分类: 悦刻4代【绿小恐龙】☆送同款挂绳,好评,很好啊，很贴合，手感滑滑的。孔位也对的很好。刚收到有一点包装的气味，过一会就没有了。非常上档次。一切都恰到好处。比之前买的套子都好用。笔芯！  ,-,-,2021-06-25
275,t**1,颜色分类: 悦刻4代【黑暴力熊】☆送同款挂绳,好评,总的来说还是很不错的，颜色也没有色差，包装也不错，大小合适，帽子也不会把弹卡住。还是硅胶的，不用担心yan帽会掉，而且质感也很好，赞！！ ,-,-,2021-05-12
276,w**e,颜色分类: 悦刻1代【黑暴力熊】☆送同款挂绳,好评,套子大小很合适的，细节处理挺不错的，贴合度很好，实物与图片一样，酷酷的，做工细腻手感好，质量也很好，摸着手感很舒服，不影响开盖。质量做工不像我以前买的一款，超级差劲，这款还是非常可以的！完美。,-,-,2021-04-14
277,l**9,颜色分类: 悦刻4代【黑哈士奇】☆送同款挂绳,好评,液态硅胶的保护套手感很舒服，安装非常方便，开盖没有阻碍，边缘的贴合也好，也没有缝隙~颜值也非常高，特别喜欢这种设计，买的是黑色的哈士奇，很好看，非常实用，下次在买个其他颜色的！！,-,-,2021-04-14
278,t**0,颜色分类: 悦刻4代【黑哈士奇】☆送同款挂绳,好评,这款保护套光看上去就感觉个性十足！摸着手感超级好，材质是硅胶的，尺寸很合适，是1：1尺寸的小巧方便携带，还可以直接充电，是我想要的~ ,-,-,2021-05-19
279,z**0,颜色分类: 悦刻4代【黑暴力熊】☆送同款挂绳,好评,非常容易装上去，贴合度贼高，几乎没有一点缝隙。大小尺码刚刚好，👍🏻上盖下身边缘都对的很齐，😍充电口准确，保护壳质量很好，是硅胶软壳材质，拿在手里手感很好，颜值高，尺寸大小刚刚好，戴上去很合适，无缝隙。🐮 ,-,-,2021-03-21
280,王**6,颜色分类: 悦刻4代【黑暴力熊】☆送同款挂绳,好评,挺好的,-,-,2021-04-16
281,y**3,颜色分类: 悦刻4代【黑暴力熊】☆送同款挂绳,好评,此用户没有填写评价。,-,-,2021-04-05
282,f**7,颜色分类: 悦刻4代【黑暴力熊】☆送同款挂绳,好评,挺好的,-,-,2021-04-14
283,s**6,颜色分类: 悦刻4代【魔法棒】☆送同款挂绳,好评,此用户没有填写评价。,-,-,2021-05-13
284,小**呵,颜色分类: 悦刻1代【魔法棒】☆送同款挂绳,好评,此用户没有填写评价。,-,-,2021-03-31
285,七**月,颜色分类: 悦刻1代【皮卡丘】☆送同款挂绳,好评,此用户没有填写评价。,-,-,2021-05-12
286,s**5,颜色分类: 悦刻1代【皮卡丘】☆送同款挂绳,好评,此用户没有填写评价。,-,-,2021-04-12
287,曹**0,颜色分类: 悦刻4代【绿小恐龙】☆送同款挂绳,好评,此用户没有填写评价。,-,-,2021-04-16
288,p**薇,颜色分类: 悦刻1代【绿小恐龙】☆送同款挂绳,好评,此用户没有填写评价。,-,-,2021-04-23
289,l**0,颜色分类: 悦刻4代【黑小恐龙】☆送同款挂绳,好评,此用户没有填写评价。,-,-,2021-04-18
290,h**星,颜色分类: 悦刻1代【黑小恐龙】☆送同款挂绳,好评,此用户没有填写评价。,-,-,2021-05-09
291,t**9,颜色分类: 悦刻4代【黑暴力熊】☆送同款挂绳,好评,此用户没有填写评价。,-,-,2021-04-18
292,涵**洛,颜色分类: 悦刻4代【黑无脸男】☆送同款挂绳,好评,此用户没有填写评价。,-,-,2021-05-14
293,死**活,颜色分类: 悦刻1代【黑哈士奇】☆送同款挂绳,好评,此用户没有填写评价。,-,-,2021-06-04
294,醋**x,颜色分类: 悦刻1代【猫爪】☆送同款挂绳,好评,此用户没有填写评价。,-,-,2021-04-22
295,y**0,颜色分类: 悦刻4代【皮卡丘】☆送同款挂绳,好评,此用户没有填写评价。,-,-,2021-05-17
296,段**z,颜色分类: 悦刻1代【黑小恐龙】☆送同款挂绳,好评,此用户没有填写评价。,-,-,2021-04-16
297,m**s,颜色分类: 悦刻4代【绿小恐龙】☆送同款挂绳,好评,此用户没有填写评价。,-,-,2021-04-10
298,也**色,颜色分类: 悦刻4代【黑小恐龙】☆送同款挂绳,好评,此用户没有填写评价。,-,-,2021-04-18
299,t**2,颜色分类: 悦刻1代【魔法棒】☆送同款挂绳,好评,此用户没有填写评价。,-,-,2021-05-19
300,t**6,颜色分类: 悦刻1代【黑无脸男】☆送同款挂绳,好评,此用户没有填写评价。,-,-,2021-06-25
301,s**6,颜色分类: 悦刻4代【皮卡丘】☆送同款挂绳,好评,此用户没有填写评价。,-,-,2021-05-15
302,t**3,颜色分类: 悦刻4代【夜光暴力熊】☆送同款挂绳,好评,此用户没有填写评价。,-,-,2021-04-27
303,草**7,颜色分类: 悦刻4代【黑色法斗】☆送同款挂绳,好评,此用户没有填写评价。,-,-,2021-04-20
304,希**1,颜色分类: 悦刻1代【绿小恐龙】☆送同款挂绳,好评,此用户没有填写评价。,-,-,2021-04-17
305,一**婗,颜色分类: 悦刻1代【黑小恐龙】☆送同款挂绳,好评,此用户没有填写评价。,-,-,2021-05-06
306,y**3,颜色分类: 悦刻1代【魔法棒】☆送同款挂绳,好评,此用户没有填写评价。,-,-,2021-04-21
307,t**0,颜色分类: 悦刻4代【绿小恐龙】☆送同款挂绳,好评,此用户没有填写评价。,-,-,2021-05-19
308,幻**恋,颜色分类: 悦刻4代【黑哈士奇】☆送同款挂绳,好评,此用户没有填写评价。,-,-,2021-04-04
309,我**休,颜色分类: 悦刻1代【黑暴力熊】☆送同款挂绳,好评,此用户没有填写评价。,-,-,2021-05-05
310,t**8,颜色分类: 悦刻4代【绿小恐龙】☆送同款挂绳,好评,此用户没有填写评价。,-,-,2021-05-11
311,俄**看,颜色分类: 悦刻1代【黑无脸男】☆送同款挂绳,好评,此用户没有填写评价。,-,-,2021-04-09
312,糖**0,颜色分类: 悦刻1代【皮卡丘】☆送同款挂绳,好评,此用户没有填写评价。,-,-,2021-04-13
313,戒**浓,颜色分类: 悦刻1代【魔法棒】☆送同款挂绳,好评,此用户没有填写评价。,-,-,2021-05-05
314,最**寒,颜色分类: 悦刻4代【黑小恐龙】☆送同款挂绳,好评,此用户没有填写评价。,-,-,2021-05-16
315,t**6,颜色分类: 悦刻1代【皮卡丘】☆送同款挂绳,好评,此用户没有填写评价。,-,-,2021-06-25
316,t**1,颜色分类: 悦刻1代【猫爪】☆送同款挂绳,好评,此用户没有填写评价。,-,-,2021-05-12
317,t**4,颜色分类: 悦刻1代【猫爪】☆送同款挂绳,好评,此用户没有填写评价。,-,-,2021-05-20
318,z**4,颜色分类: 悦刻1代【绿小恐龙】☆送同款挂绳,好评,此用户没有填写评价。,-,-,2021-04-13
319,o**6,颜色分类: 悦刻1代【皮卡丘】☆送同款挂绳,好评,此用户没有填写评价。,-,-,2021-04-14
320,5**t,颜色分类: 悦刻4代【黑暴力熊】☆送同款挂绳,好评,此用户没有填写评价。,-,-,2021-04-23
321,t**4,颜色分类: 悦刻1代【黑小恐龙】☆送同款挂绳,好评,此用户没有填写评价。,-,-,2021-05-20
322,t**8,颜色分类: 悦刻1代【猫爪】☆送同款挂绳,好评,此用户没有填写评价。,-,-,2021-05-11
323,法**9,颜色分类: 悦刻4代【皮卡丘】☆送同款挂绳,好评,此用户没有填写评价。,-,-,2021-05-11
324,夏**爱,颜色分类: 悦刻4代【黑暴力熊】☆送同款挂绳,好评,此用户没有填写评价。,-,-,2021-04-27
325,也**色,颜色分类: 悦刻1代【猫爪】☆送同款挂绳,好评,此用户没有填写评价。,-,-,2021-04-18
326,刘**5,颜色分类: 悦刻1代【黑暴力熊】☆送同款挂绳,好评,此用户没有填写评价。,-,-,2021-05-01
327,东**韩,颜色分类: 悦刻1代【黑色纯色】☆送编织扁挂绳,好评,此用户没有填写评价。,-,-,2021-05-21
328,0**0,颜色分类: 悦刻1代【黑哈士奇】☆送同款挂绳,好评,此用户没有填写评价。,-,-,2021-05-15
329,张**，,颜色分类: 悦刻1代【魔法棒】☆送同款挂绳,好评,此用户没有填写评价。,-,-,2021-05-12
330,乔**4,颜色分类: 悦刻1代【黑哈士奇】☆送同款挂绳,好评,此用户没有填写评价。,-,-,2021-04-10
331,张**y,颜色分类: 悦刻1代【黑暴力熊】☆送同款挂绳,好评,此用户没有填写评价。,-,-,2021-04-05
332,毕**涵,颜色分类: 悦刻4代【魔法棒】☆送同款挂绳,好评,此用户没有填写评价。,-,-,2021-04-12
333,这**颜,颜色分类: 悦刻1代【黑色纯色】☆送编织扁挂绳,好评,此用户没有填写评价。,-,-,2021-06-02
334,t**7,颜色分类: 悦刻1代【绿小恐龙】☆送同款挂绳,好评,此用户没有填写评价。,-,-,2021-05-17
335,z**0,颜色分类: 悦刻4代【皮卡丘】☆送同款挂绳,好评,此用户没有填写评价。,-,-,2021-05-24
336,郑**鑫,颜色分类: 悦刻4代【黑无脸男】☆送同款挂绳,好评,此用户没有填写评价。,-,-,2021-03-15
337,t**0,颜色分类: 悦刻4代【夜光暴力熊】☆送同款挂绳,好评,此用户没有填写评价。,-,-,2021-05-19
338,浪**爷,颜色分类: 悦刻1代【魔法棒】☆送同款挂绳,好评,此用户没有填写评价。,-,-,2021-04-12
339,t**0,颜色分类: 悦刻4代【魔法棒】☆送同款挂绳,好评,此用户没有填写评价。,-,-,2021-05-19
340,a**0,颜色分类: 悦刻1代【绿小恐龙】☆送同款挂绳,好评,此用户没有填写评价。,-,-,2021-04-16
341,我**人,颜色分类: 悦刻1代【猫爪】☆送同款挂绳,好评,此用户没有填写评价。,-,-,2021-06-25
342,茱**3,颜色分类: 悦刻1代【猫爪】☆送同款挂绳,好评,此用户没有填写评价。,-,-,2021-04-30
343,摔**去,颜色分类: 悦刻4代【黑小恐龙】☆送同款挂绳,好评,此用户没有填写评价。,-,-,2021-03-29
344,暖**n,颜色分类: 悦刻1代【猫爪】☆送同款挂绳,好评,此用户没有填写评价。,-,-,2021-04-21
345,王**3,颜色分类: 悦刻4代【黑暴力熊】☆送同款挂绳,好评,此用户没有填写评价。,-,-,2021-04-21
346,左**9,颜色分类: 悦刻4代【猫爪】☆送同款挂绳,好评,此用户没有填写评价。,-,-,2021-05-02
347,t**1,颜色分类: 悦刻1代【魔法棒】☆送同款挂绳,好评,此用户没有填写评价。,-,-,2021-05-12
348,q**7,颜色分类: 悦刻4代【皮卡丘】☆送同款挂绳,好评,此用户没有填写评价。,-,-,2021-04-11
349,l**1,颜色分类: 悦刻4代【魔法棒】☆送同款挂绳,好评,此用户没有填写评价。,-,-,2021-05-03
350,t**8,颜色分类: 悦刻1代【黑哈士奇】☆送同款挂绳,好评,此用户没有填写评价。,-,-,2021-05-11
351,g**n,颜色分类: 悦刻4代【黑色法斗】☆送同款挂绳,好评,此用户没有填写评价。,-,-,2021-04-10
352,美**6,颜色分类: 悦刻4代【绿小恐龙】☆送同款挂绳,好评,此用户没有填写评价。,-,-,2021-05-12
353,l**墓,颜色分类: 悦刻1代【黑色法斗】☆送同款挂绳,好评,此用户没有填写评价。,-,-,2021-04-16
354,鸡**d,颜色分类: 悦刻4代【猫爪】☆送同款挂绳,好评,此用户没有填写评价。,-,-,2021-04-19
355,文**w,颜色分类: 悦刻4代【魔法棒】☆送同款挂绳,好评,此用户没有填写评价。,-,-,2021-03-30
356,浪**叔,颜色分类: 悦刻1代【黑哈士奇】☆送同款挂绳,好评,此用户没有填写评价。,-,-,2021-04-08
357,t**0,颜色分类: 悦刻1代【黑暴力熊】☆送同款挂绳,好评,此用户没有填写评价。,-,-,2021-05-19
358,乔**4,颜色分类: 悦刻1代【皮卡丘】☆送同款挂绳,好评,此用户没有填写评价。,-,-,2021-04-10
359,t**7,颜色分类: 悦刻1代【黑色纯色】☆送编织扁挂绳,好评,此用户没有填写评价。,-,-,2021-05-17
360,1**s,颜色分类: 悦刻1代【黑色纯色】☆送编织扁挂绳,好评,此用户没有填写评价。,-,-,2021-05-31
361,小**啊,颜色分类: 悦刻1代【黑哈士奇】☆送同款挂绳,好评,此用户没有填写评价。,-,-,2021-04-28
362,t**1,颜色分类: 悦刻4代【魔法棒】☆送同款挂绳,好评,此用户没有填写评价。,-,-,2021-05-12
363,小**n,颜色分类: 悦刻1代【黑暴力熊】☆送同款挂绳,好评,此用户没有填写评价。,-,-,2021-06-13
364,l**9,颜色分类: 悦刻4代【魔法棒】☆送同款挂绳,好评,此用户没有填写评价。,-,-,2021-06-23
365,名**啊,颜色分类: 悦刻1代【黑色纯色】☆送编织扁挂绳,好评,此用户没有填写评价。,-,-,2021-06-05
366,t**6,颜色分类: 悦刻1代【猫爪】☆送同款挂绳,好评,此用户没有填写评价。,-,-,2021-06-25
367,三**仙,颜色分类: 悦刻1代【黑暴力熊】☆送同款挂绳,好评,此用户没有填写评价。,-,-,2021-06-02
368,t**3,颜色分类: 悦刻1代【黑暴力熊】☆送同款挂绳,好评,此用户没有填写评价。,-,-,2021-06-20
369,z**5,颜色分类: 悦刻1代【皮卡丘】☆送同款挂绳,好评,此用户没有填写评价。,-,-,2021-06-16
370,小**神,颜色分类: 悦刻1代【黑哈士奇】☆送同款挂绳,好评,此用户没有填写评价。,-,-,2021-04-26
371,l**9,颜色分类: 悦刻4代【皮卡丘】☆送同款挂绳,好评,此用户没有填写评价。,-,-,2021-06-23
372,光**1,颜色分类: 悦刻4代【绿小恐龙】☆送同款挂绳,好评,此用户没有填写评价。,-,-,2021-04-09
373,流**我,颜色分类: 悦刻1代【猫爪】☆送同款挂绳,好评,此用户没有填写评价。,-,-,2021-05-31
374,t**4,颜色分类: 悦刻1代【黑小恐龙】☆送同款挂绳,好评,此用户没有填写评价。,-,-,2021-05-20
375,t**2,颜色分类: 悦刻1代【皮卡丘】☆送同款挂绳,好评,此用户没有填写评价。,-,-,2021-05-19
376,t**6,颜色分类: 悦刻4代【魔法棒】☆送同款挂绳,好评,此用户没有填写评价。,-,-,2021-06-25
377,张**9,颜色分类: 悦刻4代【皮卡丘】☆送同款挂绳,好评,此用户没有填写评价。,-,-,2021-05-08
378,大**m,颜色分类: 悦刻4代【绿小恐龙】☆送同款挂绳,好评,此用户没有填写评价。,-,-,2021-04-26
379,t**2,颜色分类: 悦刻4代【绿小恐龙】☆送同款挂绳,好评,此用户没有填写评价。,-,-,2021-05-19
380,g**h,颜色分类: 悦刻1代【黑色纯色】☆送编织扁挂绳,好评,此用户没有填写评价。,-,-,2021-05-12
381,一**t,颜色分类: 悦刻4代【绿小恐龙】☆送同款挂绳,好评,此用户没有填写评价。,-,-,2021-05-05
382,q**4,颜色分类: 悦刻4代【黑暴力熊】☆送同款挂绳,好评,此用户没有填写评价。,-,-,2021-04-22
383,这**呀,颜色分类: 悦刻1代【绿小恐龙】☆送同款挂绳,好评,此用户没有填写评价。,-,-,2021-06-01
384,白**哲,颜色分类: 悦刻1代【黑色纯色】☆送编织扁挂绳,好评,此用户没有填写评价。,-,-,2021-05-11
385,t**3,颜色分类: 悦刻4代【魔法棒】☆送同款挂绳,好评,此用户没有填写评价。,-,-,2021-05-06
386,t**3,颜色分类: 悦刻1代【皮卡丘】☆送同款挂绳,好评,此用户没有填写评价。,-,-,2021-05-01
387,a**尚,颜色分类: 悦刻4代【黑暴力熊】☆送同款挂绳,好评,此用户没有填写评价。,-,-,2021-05-03
388,s**l,颜色分类: 悦刻1代【黑无脸男】☆送同款挂绳,好评,此用户没有填写评价。,-,-,2021-06-19
389,t**2,颜色分类: 悦刻1代【黑暴力熊】☆送同款挂绳,好评,此用户没有填写评价。,-,-,2021-05-19
390,t**7,颜色分类: 悦刻4代【皮卡丘】☆送同款挂绳,好评,此用户没有填写评价。,-,-,2021-05-17
391,t**8,颜色分类: 悦刻4代【黑色法斗】☆送同款挂绳,好评,此用户没有填写评价。,-,-,2021-05-11
392,t**4,颜色分类: 悦刻1代【魔法棒】☆送同款挂绳,好评,此用户没有填写评价。,-,-,2021-05-20
393,k**飞,颜色分类: 悦刻1代【魔法棒】☆送同款挂绳,好评,此用户没有填写评价。,-,-,2021-04-23
394,z**0,颜色分类: 悦刻4代【绿小恐龙】☆送同款挂绳,好评,此用户没有填写评价。,-,-,2021-05-24
395,s**8,颜色分类: 悦刻1代【黑小恐龙】☆送同款挂绳,好评,此用户没有填写评价。,-,-,2021-04-14
396,你**c,颜色分类: 悦刻1代【魔法棒】☆送同款挂绳,好评,此用户没有填写评价。,-,-,2021-04-20
397,t**6,颜色分类: 悦刻4代【黑色法斗】☆送同款挂绳,好评,此用户没有填写评价。,-,-,2021-06-25
398,酷**希,颜色分类: 悦刻1代【魔法棒】☆送同款挂绳,好评,此用户没有填写评价。,-,-,2021-04-21
399,q**7,颜色分类: 悦刻4代【皮卡丘】☆送同款挂绳,好评,此用户没有填写评价。,-,-,2021-04-27
400,1**咩,颜色分类: 悦刻4代【夜光暴力熊】☆送同款挂绳,好评,此用户没有填写评价。,-,-,2021-04-23
401,t**6,颜色分类: 悦刻1代【魔法棒】☆送同款挂绳,好评,此用户没有填写评价。,-,-,2021-06-25
402,素**6,颜色分类: 悦刻1代【皮卡丘】☆送同款挂绳,好评,此用户没有填写评价。,-,-,2021-04-21
403,是**戏,颜色分类: 悦刻4代【黑哈士奇】☆送同款挂绳,好评,此用户没有填写评价。,-,-,2021-04-13
404,瞤**然,颜色分类: 悦刻1代【绿小恐龙】☆送同款挂绳,好评,此用户没有填写评价。,-,-,2021-04-23
405,y**2,颜色分类: 悦刻1代【黑暴力熊】☆送同款挂绳,好评,此用户没有填写评价。,-,-,2021-05-12
406,y**2,颜色分类: 悦刻1代【魔法棒】☆送同款挂绳,好评,此用户没有填写评价。,-,-,2021-05-12
407,j**5,颜色分类: 悦刻4代【黑色中指】☆送同款挂绳,好评,此用户没有填写评价。,-,-,2021-04-10
408,超**y,颜色分类: 悦刻4代【猫爪】☆送同款挂绳,好评,此用户没有填写评价。,-,-,2021-05-31
409,洋**1,颜色分类: 悦刻4代【黑色纯色】☆送编织扁挂绳,好评,此用户没有填写评价。,-,-,2021-04-29
410,f**7,颜色分类: 悦刻4代【魔法棒】☆送同款挂绳,好评,此用户没有填写评价。,-,-,2021-04-21
411,z**4,颜色分类: 悦刻1代【粉小恐龙】☆送同款挂绳,好评,此用户没有填写评价。,-,-,2021-04-13
412,小**2,颜色分类: 悦刻1代【粉小恐龙】☆送同款挂绳,好评,此用户没有填写评价。,-,-,2021-05-12
413,t**7,颜色分类: 悦刻1代【黑暴力熊】☆送同款挂绳,好评,此用户没有填写评价。,-,-,2021-05-17
414,t**4,颜色分类: 悦刻4代【黑暴力熊】☆送同款挂绳,好评,此用户没有填写评价。,-,-,2021-05-20
415,谢**克,颜色分类: 悦刻1代【黑小恐龙】☆送同款挂绳,好评,此用户没有填写评价。,-,-,2021-04-07
416,w**5,颜色分类: 悦刻1代【魔法棒】☆送同款挂绳,好评,此用户没有填写评价。,-,-,2021-04-08
417,杜**0,颜色分类: 悦刻1代【魔法棒】☆送同款挂绳,好评,此用户没有填写评价。,-,-,2021-05-05
418,往**i,颜色分类: 悦刻4代【黑暴力熊】☆送同款挂绳,好评,此用户没有填写评价。,-,-,2021-05-09
419,小**人,颜色分类: 悦刻1代【黑哈士奇】☆送同款挂绳,好评,此用户没有填写评价。,-,-,2021-04-24
420,你**叽,颜色分类: 悦刻1代【黑小恐龙】☆送同款挂绳,好评,此用户没有填写评价。,-,-,2021-04-28
421,名**8,颜色分类: 悦刻1代【绿小恐龙】☆送同款挂绳,好评,此用户没有填写评价。,-,-,2021-04-26
422,北**0,颜色分类: 悦刻1代【猫爪】☆送同款挂绳,好评,此用户没有填写评价。,-,-,2021-04-18
423,三**界,颜色分类: 悦刻1代【猫爪】☆送同款挂绳,好评,此用户没有填写评价。,-,-,2021-05-15
424,t**i,颜色分类: 悦刻1代【绿小恐龙】☆送同款挂绳,好评,此用户没有填写评价。,-,-,2021-04-16
425,t**4,颜色分类: 悦刻1代【皮卡丘】☆送同款挂绳,好评,此用户没有填写评价。,-,-,2021-05-20
426,舞**娟,颜色分类: 悦刻1代【皮卡丘】☆送同款挂绳,好评,此用户没有填写评价。,-,-,2021-04-17
427,t**3,颜色分类: 悦刻4代【黑哈士奇】☆送同款挂绳,好评,此用户没有填写评价。,-,-,2021-04-01
428,欢**欢,颜色分类: 悦刻1代【黑哈士奇】☆送同款挂绳,好评,此用户没有填写评价。,-,-,2021-04-17
429,t**7,颜色分类: 悦刻1代【黑哈士奇】☆送同款挂绳,好评,此用户没有填写评价。,-,-,2021-05-17
430,黄**3,颜色分类: 悦刻1代【黑暴力熊】☆送同款挂绳,好评,此用户没有填写评价。,-,-,2021-05-10
431,薄**0,颜色分类: 悦刻4代【黑暴力熊】☆送同款挂绳,好评,此用户没有填写评价。,-,-,2021-04-23
432,丨**貌,颜色分类: 悦刻1代【黑色纯色】☆送编织扁挂绳,好评,此用户没有填写评价。,-,-,2021-03-16
433,寻**s,颜色分类: 悦刻1代【黑暴力熊】☆送同款挂绳,好评,此用户没有填写评价。,-,-,2021-05-12
434,q**4,颜色分类: 悦刻1代【黑无脸男】☆送同款挂绳,好评,此用户没有填写评价。,-,-,2021-04-24
435,t**1,颜色分类: 悦刻1代【黑色法斗】☆送同款挂绳,好评,此用户没有填写评价。,-,-,2021-05-12
436,刘**儿,颜色分类: 悦刻1代【黑小恐龙】☆送同款挂绳,好评,此用户没有填写评价。,-,-,2021-04-13
437,小**2,颜色分类: 悦刻1代【绿小恐龙】☆送同款挂绳,好评,此用户没有填写评价。,-,-,2021-05-12
438,l**花,颜色分类: 悦刻4代【黑暴力熊】☆送同款挂绳,好评,此用户没有填写评价。,-,-,2021-04-21
439,风**过,颜色分类: 悦刻1代【魔法棒】☆送同款挂绳,好评,此用户没有填写评价。,-,-,2021-04-17
440,宝**2,颜色分类: 悦刻1代【黑小恐龙】☆送同款挂绳,好评,此用户没有填写评价。,-,-,2021-04-23
441,懿**芒,颜色分类: 悦刻4代【魔法棒】☆送同款挂绳,好评,此用户没有填写评价。,-,-,2021-04-17
442,t**0,颜色分类: 悦刻1代【猫爪】☆送同款挂绳,好评,此用户没有填写评价。,-,-,2021-05-19
443,t**6,颜色分类: 悦刻1代【黑色法斗】☆送同款挂绳,好评,此用户没有填写评价。,-,-,2021-06-25
444,g**n,颜色分类: 悦刻4代【魔法棒】☆送同款挂绳,好评,此用户没有填写评价。,-,-,2021-06-21
445,冷**哇,颜色分类: 悦刻1代【黑暴力熊】☆送同款挂绳,好评,此用户没有填写评价。,-,-,2021-04-09
446,逗**u,颜色分类: 悦刻1代【黑暴力熊】☆送同款挂绳,好评,此用户没有填写评价。,-,-,2021-04-25
447,z**3,颜色分类: 悦刻1代【黑无脸男】☆送同款挂绳,好评,此用户没有填写评价。,-,-,2021-04-09
448,t**3,颜色分类: 悦刻1代【黑色法斗】☆送同款挂绳,好评,此用户没有填写评价。,-,-,2021-05-10
449,王**秒,颜色分类: 悦刻1代【黑色法斗】☆送同款挂绳,好评,此用户没有填写评价。,-,-,2021-04-18
450,好**2,颜色分类: 悦刻4代【黑哈士奇】☆送同款挂绳,好评,此用户没有填写评价。,-,-,2021-04-04
451,何**怜,颜色分类: 悦刻1代【魔法棒】☆送同款挂绳,好评,此用户没有填写评价。,-,-,2021-04-23
452,v**7,颜色分类: 悦刻4代【黑暴力熊】☆送同款挂绳,好评,此用户没有填写评价。,-,-,2021-04-07
453,g**n,颜色分类: 悦刻4代【绿小恐龙】☆送同款挂绳,好评,此用户没有填写评价。,-,-,2021-06-21
454,s**8,颜色分类: 悦刻1代【黑色法斗】☆送同款挂绳,好评,此用户没有填写评价。,-,-,2021-04-14
455,t**6,颜色分类: 悦刻1代【魔法棒】☆送同款挂绳,好评,此用户没有填写评价。,-,-,2021-06-25
456,z**爪,颜色分类: 悦刻4代【黑暴力熊】☆送同款挂绳,好评,此用户没有填写评价。,-,-,2021-05-08
457,y**3,颜色分类: 悦刻4代【黑色纯色】☆送编织扁挂绳,好评,此用户没有填写评价。,-,-,2021-04-29
458,t**6,颜色分类: 悦刻4代【魔法棒】☆送同款挂绳,好评,此用户没有填写评价。,-,-,2021-06-25
459,真**丶,颜色分类: 悦刻4代【绿小恐龙】☆送同款挂绳,好评,此用户没有填写评价。,-,-,2021-04-30
460,小**3,颜色分类: 悦刻4代【黑无脸男】☆送同款挂绳,好评,此用户没有填写评价。,-,-,2021-05-26
461,t**5,颜色分类: 悦刻1代【黑哈士奇】☆送同款挂绳,好评,此用户没有填写评价。,-,-,2021-05-17
462,陈**颖,颜色分类: 悦刻4代【皮卡丘】☆送同款挂绳,好评,此用户没有填写评价。,-,-,2021-05-13
463,t**i,颜色分类: 悦刻4代【黑色纯色】☆送编织扁挂绳,好评,此用户没有填写评价。,-,-,2021-04-01
464,刘**5,颜色分类: 悦刻4代【绿小恐龙】☆送同款挂绳,好评,此用户没有填写评价。,-,-,2021-04-28
465,t**6,颜色分类: 悦刻1代【黑色路飞】☆送同款挂绳,好评,此用户没有填写评价。,-,-,2021-06-25
466,歪**4,颜色分类: 悦刻1代【绿小恐龙】☆送同款挂绳,好评,此用户没有填写评价。,-,-,2021-04-25
467,哈**吖,颜色分类: 悦刻4代【黑暴力熊】☆送同款挂绳,好评,此用户没有填写评价。,-,-,2021-06-04
468,t**2,颜色分类: 悦刻1代【魔法棒】☆送同款挂绳,好评,此用户没有填写评价。,-,-,2021-05-19
469,小**阿,颜色分类: 悦刻1代【黑哈士奇】☆送同款挂绳,好评,此用户没有填写评价。,-,-,2021-04-21
470,t**3,颜色分类: 悦刻1代【黑暴力熊】☆送同款挂绳,好评,此用户没有填写评价。,-,-,2021-05-09
471,一**t,颜色分类: 悦刻4代【魔法棒】☆送同款挂绳,好评,此用户没有填写评价。,-,-,2021-05-05
472,t**2,颜色分类: 悦刻1代【猫爪】☆送同款挂绳,好评,此用户没有填写评价。,-,-,2021-05-19
473,t**1,颜色分类: 悦刻1代【猫爪】☆送同款挂绳,好评,此用户没有填写评价。,-,-,2021-05-12
474,t**8,颜色分类: 悦刻1代【魔法棒】☆送同款挂绳,好评,此用户没有填写评价。,-,-,2021-05-11
475,钻**m,颜色分类: 悦刻1代【魔法棒】☆送同款挂绳,好评,此用户没有填写评价。,-,-,2021-04-21
476,悦**0,颜色分类: 悦刻1代【黑色路飞】☆送同款挂绳,好评,此用户没有填写评价。,-,-,2021-05-22
477,t**0,颜色分类: 悦刻4代【黑无脸男】☆送同款挂绳,好评,此用户没有填写评价。,-,-,2021-05-19
478,y**0,颜色分类: 悦刻4代【黑哈士奇】☆送同款挂绳,好评,此用户没有填写评价。,-,-,2021-05-17
479,名**啊,颜色分类: 悦刻1代【黑色路飞】☆送同款挂绳,好评,此用户没有填写评价。,-,-,2021-06-05
480,t**6,颜色分类: 悦刻4代【皮卡丘】☆送同款挂绳,好评,此用户没有填写评价。,-,-,2021-06-25
481,别**谁,颜色分类: 悦刻1代【魔法棒】☆送同款挂绳,好评,此用户没有填写评价。,-,-,2021-04-29
482,潇**向,颜色分类: 悦刻1代【黑无脸男】☆送同款挂绳,好评,此用户没有填写评价。,-,-,2021-04-04
483,s**1,颜色分类: 悦刻1代【黑色法斗】☆送同款挂绳,好评,此用户没有填写评价。,-,-,2021-05-29
484,y**2,颜色分类: 悦刻1代【魔法棒】☆送同款挂绳,好评,此用户没有填写评价。,-,-,2021-03-23
485,k**泪,颜色分类: 悦刻1代【黑暴力熊】☆送同款挂绳,好评,此用户没有填写评价。,-,-,2021-04-14
486,巴**1,颜色分类: 悦刻4代【绿小恐龙】☆送同款挂绳,好评,此用户没有填写评价。,-,-,2021-03-23
487,k**9,颜色分类: 悦刻1代【黑色纯色】☆送编织扁挂绳,好评,此用户没有填写评价。,-,-,2021-06-16
488,宝**8,颜色分类: 悦刻4代【黑哈士奇】☆送同款挂绳,好评,此用户没有填写评价。,-,-,2021-06-16
489,t**1,颜色分类: 悦刻4代【绿小恐龙】☆送同款挂绳,好评,此用户没有填写评价。,-,-,2021-05-12
490,h**笑,颜色分类: 悦刻1代【黑暴力熊】☆送同款挂绳,好评,此用户没有填写评价。,-,-,2021-04-28
491,v**k,颜色分类: 悦刻4代【皮卡丘】☆送同款挂绳,好评,此用户没有填写评价。,-,-,2021-05-13
492,t**5,颜色分类: 悦刻4代【皮卡丘】☆送同款挂绳,好评,此用户没有填写评价。,-,-,2021-05-17
493,吴**宝,颜色分类: 悦刻1代【黑无脸男】☆送同款挂绳,好评,此用户没有填写评价。,-,-,2021-06-08
494,2**y,颜色分类: 悦刻4代【绿小恐龙】☆送同款挂绳,好评,此用户没有填写评价。,-,-,2021-05-10
495,魏**明,颜色分类: 悦刻4代【魔法棒】☆送同款挂绳,好评,此用户没有填写评价。,-,-,2021-05-26
496,y**8,颜色分类: 悦刻1代【魔法棒】☆送同款挂绳,好评,此用户没有填写评价。,-,-,2021-04-26
497,木**n,颜色分类: 悦刻1代【皮卡丘】☆送同款挂绳,好评,此用户没有填写评价。,-,-,2021-04-02
498,t**8,颜色分类: 悦刻4代【绿小恐龙】☆送同款挂绳,好评,此用户没有填写评价。,-,-,2021-05-11
499,我**爱,颜色分类: 悦刻1代【黑暴力熊】☆送同款挂绳,好评,此用户没有填写评价。,-,-,2021-04-17
500,k**y,颜色分类: 悦刻1代【黑暴力熊】☆送同款挂绳,好评,此用户没有填写评价。,-,-,2021-03-31
501,你**叽,颜色分类: 悦刻1代【魔法棒】☆送同款挂绳,好评,此用户没有填写评价。,-,-,2021-04-28
502,f**0,颜色分类: 悦刻1代【皮卡丘】☆送同款挂绳,好评,此用户没有填写评价。,-,-,2021-06-13
503,心**丽,颜色分类: 悦刻4代【黑无脸男】☆送同款挂绳,好评,此用户没有填写评价。,-,-,2021-04-27
504,z**2,颜色分类: 悦刻4代【猫爪】☆送同款挂绳,好评,此用户没有填写评价。,-,-,2021-05-19
505,生**6,颜色分类: 悦刻1代【魔法棒】☆送同款挂绳,好评,此用户没有填写评价。,-,-,2021-06-05
506,也**色,颜色分类: 悦刻4代【魔法棒】☆送同款挂绳,好评,此用户没有填写评价。,-,-,2021-04-18
507,t**9,颜色分类: 悦刻1代【黑无脸男】☆送同款挂绳,好评,此用户没有填写评价。,-,-,2021-04-18
508,独**z,颜色分类: 悦刻1代【绿小恐龙】☆送同款挂绳,好评,此用户没有填写评价。,-,-,2021-05-26
509,白**4,颜色分类: 悦刻1代【魔法棒】☆送同款挂绳,好评,此用户没有填写评价。,-,-,2021-04-09
510,大**i,颜色分类: 悦刻4代【猫爪】☆送同款挂绳,好评,此用户没有填写评价。,-,-,2021-05-31
511,t**8,颜色分类: 悦刻1代【绿小恐龙】☆送同款挂绳,好评,此用户没有填写评价。,-,-,2021-05-11
512,t**2,颜色分类: 悦刻1代【皮卡丘】☆送同款挂绳,好评,此用户没有填写评价。,-,-,2021-05-19
513,q**r,颜色分类: 悦刻4代【猫爪】☆送同款挂绳,好评,此用户没有填写评价。,-,-,2021-05-10
514,向**深,颜色分类: 悦刻4代【猫爪】☆送同款挂绳,好评,此用户没有填写评价。,-,-,2021-04-06
515,划**美,颜色分类: 悦刻1代【魔法棒】☆送同款挂绳,好评,此用户没有填写评价。,-,-,2021-06-08
516,t**6,颜色分类: 悦刻1代【魔法棒】☆送同款挂绳,好评,此用户没有填写评价。,-,-,2021-06-25
517,某**心,颜色分类: 悦刻1代【黑色纯色】☆送编织扁挂绳,好评,此用户没有填写评价。,-,-,2021-04-09
518,t**7,颜色分类: 悦刻1代【猫爪】☆送同款挂绳,好评,此用户没有填写评价。,-,-,2021-05-17
519,t**8,颜色分类: 悦刻1代【黑暴力熊】☆送同款挂绳,好评,此用户没有填写评价。,-,-,2021-05-11
520,t**6,颜色分类: 悦刻4代【黑哈士奇】☆送同款挂绳,好评,此用户没有填写评价。,-,-,2021-06-25
521,会**饭,颜色分类: 悦刻1代【黑哈士奇】☆送同款挂绳,好评,此用户没有填写评价。,-,-,2021-05-21
522,往**i,颜色分类: 悦刻1代【黑无脸男】☆送同款挂绳,好评,此用户没有填写评价。,-,-,2021-05-09
523,登**哩,颜色分类: 悦刻1代【黑暴力熊】☆送同款挂绳,好评,此用户没有填写评价。,-,-,2021-04-28
524,m**梅,颜色分类: 悦刻1代【黑暴力熊】☆送同款挂绳,好评,此用户没有填写评价。,-,-,2021-05-21
525,t**2,颜色分类: 悦刻1代【粉小恐龙】☆送同款挂绳,好评,此用户没有填写评价。,-,-,2021-05-19
526,班**新,颜色分类: 悦刻4代【黑色中指】☆送同款挂绳,好评,此用户没有填写评价。,-,-,2021-04-06
527,小**3,颜色分类: 悦刻1代【皮卡丘】☆送同款挂绳,好评,此用户没有填写评价。,-,-,2021-06-03
528,t**0,颜色分类: 悦刻1代【猫爪】☆送同款挂绳,好评,此用户没有填写评价。,-,-,2021-05-19
529,p**薇,颜色分类: 悦刻1代【粉小恐龙】☆送同款挂绳,好评,此用户没有填写评价。,-,-,2021-04-23
530,a**4,颜色分类: 悦刻1代【黑哈士奇】☆送同款挂绳,好评,此用户没有填写评价。,-,-,2021-04-19
531,小**o,颜色分类: 悦刻1代【魔法棒】☆送同款挂绳,好评,此用户没有填写评价。,-,-,2021-05-10
532,t**5,颜色分类: 悦刻1代【黑哈士奇】☆送同款挂绳,好评,此用户没有填写评价。,-,-,2021-05-17
533,l**6,颜色分类: 悦刻4代【夜光暴力熊】☆送同款挂绳,好评,此用户没有填写评价。,-,-,2021-05-17
534,q**4,颜色分类: 悦刻1代【黑哈士奇】☆送同款挂绳,好评,此用户没有填写评价。,-,-,2021-04-24
535,陈**滢,颜色分类: 悦刻1代【魔法棒】☆送同款挂绳,好评,此用户没有填写评价。,-,-,2021-06-01
536,t**7,颜色分类: 悦刻1代【黑小恐龙】☆送同款挂绳,好评,此用户没有填写评价。,-,-,2021-05-17
537,t**6,颜色分类: 悦刻4代【黑暴力熊】☆送同款挂绳,好评,此用户没有填写评价。,-,-,2021-06-25
538,1**祭,颜色分类: 悦刻1代【魔法棒】☆送同款挂绳,好评,此用户没有填写评价。,-,-,2021-04-19
539,陌**生,颜色分类: 悦刻4代【黑无脸男】☆送同款挂绳,好评,此用户没有填写评价。,-,-,2021-03-25
540,t**0,颜色分类: 悦刻4代【黑色法斗】☆送同款挂绳,好评,此用户没有填写评价。,-,-,2021-05-19
541,f**生,颜色分类: 悦刻1代【黑色法斗】☆送同款挂绳,好评,此用户没有填写评价。,-,-,2021-03-31
542,f**7,颜色分类: 悦刻4代【黑色法斗】☆送同款挂绳,好评,此用户没有填写评价。,-,-,2021-04-21
543,王**m,颜色分类: 悦刻4代【黑哈士奇】☆送同款挂绳,好评,此用户没有填写评价。,-,-,2021-04-12
544,t**8,颜色分类: 悦刻4代【黑色中指】☆送同款挂绳,好评,此用户没有填写评价。,-,-,2021-05-11
545,我**1,颜色分类: 悦刻4代【皮卡丘】☆送同款挂绳,好评,此用户没有填写评价。,-,-,2021-05-17
546,一**0,颜色分类: 悦刻1代【黑哈士奇】☆送同款挂绳,好评,此用户没有填写评价。,-,-,2021-05-13
547,但**x,颜色分类: 悦刻1代【黑暴力熊】☆送同款挂绳,好评,此用户没有填写评价。,-,-,2021-04-09
548,a**辉,颜色分类: 悦刻4代【黑色中指】☆送同款挂绳,好评,此用户没有填写评价。,-,-,2021-04-06
549,a**姿,颜色分类: 悦刻1代【黑无脸男】☆送同款挂绳,好评,此用户没有填写评价。,-,-,2021-05-10
550,小**革,颜色分类: 悦刻4代【猫爪】☆送同款挂绳,好评,此用户没有填写评价。,-,-,2021-05-01
551,y**n,颜色分类: 悦刻1代【皮卡丘】☆送同款挂绳,好评,此用户没有填写评价。,-,-,2021-04-08
552,t**5,颜色分类: 悦刻1代【魔法棒】☆送同款挂绳,好评,此用户没有填写评价。,-,-,2021-05-17
553,此**3,颜色分类: 悦刻4代【绿小恐龙】☆送同款挂绳,好评,此用户没有填写评价。,-,-,2021-05-03
554,l**9,颜色分类: 悦刻4代【黑哈士奇】☆送同款挂绳,好评,此用户没有填写评价。,-,-,2021-05-22
555,t**3,颜色分类: 悦刻4代【黑暴力熊】☆送同款挂绳,好评,此用户没有填写评价。,-,-,2021-04-22
556,浮**8,颜色分类: 悦刻1代【黑暴力熊】☆送同款挂绳,好评,此用户没有填写评价。,-,-,2021-04-29
557,死**活,颜色分类: 悦刻1代【黑哈士奇】☆送同款挂绳,好评,此用户没有填写评价。,-,-,2021-06-04
558,t**8,颜色分类: 悦刻1代【皮卡丘】☆送同款挂绳,好评,此用户没有填写评价。,-,-,2021-05-11
559,小**妈,颜色分类: 悦刻4代【黑色中指】☆送同款挂绳,好评,此用户没有填写评价。,-,-,2021-04-07
560,g**6,颜色分类: 悦刻4代【皮卡丘】☆送同款挂绳,好评,此用户没有填写评价。,-,-,2021-05-20
561,韩**9,颜色分类: 悦刻1代【粉小恐龙】☆送同款挂绳,好评,此用户没有填写评价。,-,-,2021-05-13
562,z**航,颜色分类: 悦刻1代【魔法棒】☆送同款挂绳,好评,此用户没有填写评价。,-,-,2021-04-23
563,l**y,颜色分类: 悦刻1代【黑色纯色】☆送编织扁挂绳,好评,此用户没有填写评价。,-,-,2021-05-12
564,不**°,颜色分类: 悦刻4代【皮卡丘】☆送同款挂绳,好评,此用户没有填写评价。,-,-,2021-05-28
565,t**3,颜色分类: 悦刻4代【绿小恐龙】☆送同款挂绳,好评,此用户没有填写评价。,-,-,2021-04-14
566,潮**静,颜色分类: 悦刻4代【绿小恐龙】☆送同款挂绳,好评,此用户没有填写评价。,-,-,2021-06-10
567,光**1,颜色分类: 悦刻4代【皮卡丘】☆送同款挂绳,好评,此用户没有填写评价。,-,-,2021-04-09
568,1**r,颜色分类: 悦刻1代【黑哈士奇】☆送同款挂绳,好评,此用户没有填写评价。,-,-,2021-06-15
569,t**6,颜色分类: 悦刻4代【黑暴力熊】☆送同款挂绳,好评,此用户没有填写评价。,-,-,2021-06-25
570,玩**1,颜色分类: 悦刻1代【绿小恐龙】☆送同款挂绳,好评,此用户没有填写评价。,-,-,2021-05-24
571,b**0,颜色分类: 悦刻4代【魔法棒】☆送同款挂绳,好评,此用户没有填写评价。,-,-,2021-05-03
572,飞**糖,颜色分类: 悦刻1代【黑哈士奇】☆送同款挂绳,好评,此用户没有填写评价。,-,-,2021-03-29
573,还**吧,颜色分类: 悦刻1代【绿小恐龙】☆送同款挂绳,好评,此用户没有填写评价。,-,-,2021-06-21
574,t**1,颜色分类: 悦刻1代【粉小恐龙】☆送同款挂绳,好评,此用户没有填写评价。,-,-,2021-05-12
575,冷**丶,颜色分类: 悦刻4代【黑暴力熊】☆送同款挂绳,好评,此用户没有填写评价。,-,-,2021-04-21
576,s**6,颜色分类: 悦刻4代【夜光暴力熊】☆送同款挂绳,好评,此用户没有填写评价。,-,-,2021-04-16
577,w**y,颜色分类: 悦刻1代【黑暴力熊】☆送同款挂绳,好评,此用户没有填写评价。,-,-,2021-05-02
578,李**2,颜色分类: 悦刻4代【黑暴力熊】☆送同款挂绳,好评,此用户没有填写评价。,-,-,2021-04-06
579,d**h,颜色分类: 悦刻1代【黑暴力熊】☆送同款挂绳,好评,此用户没有填写评价。,-,-,2021-06-21
580,w**6,颜色分类: 悦刻1代【黑小恐龙】☆送同款挂绳,好评,此用户没有填写评价。,-,-,2021-05-10
581,哭**颜,颜色分类: 悦刻1代【猫爪】☆送同款挂绳,好评,此用户没有填写评价。,-,-,2021-05-05
582,c**甜,颜色分类: 悦刻4代【魔法棒】☆送同款挂绳,好评,此用户没有填写评价。,-,-,2021-04-23
583,鲜**肉,颜色分类: 悦刻1代【黑小恐龙】☆送同款挂绳,好评,此用户没有填写评价。,-,-,2021-04-05
584,t**4,颜色分类: 悦刻4代【黑暴力熊】☆送同款挂绳,好评,此用户没有填写评价。,-,-,2021-05-20
585,毛**杰,颜色分类: 悦刻1代【黑色路飞】☆送同款挂绳,好评,此用户没有填写评价。,-,-,2021-04-05
586,小**7,颜色分类: 悦刻1代【魔法棒】☆送同款挂绳,好评,此用户没有填写评价。,-,-,2021-04-09
587,笑**你,颜色分类: 悦刻4代【皮卡丘】☆送同款挂绳,好评,此用户没有填写评价。,-,-,2021-06-22
588,t**0,颜色分类: 悦刻1代【黑哈士奇】☆送同款挂绳,好评,此用户没有填写评价。,-,-,2021-05-19
589,大**名,颜色分类: 悦刻4代【黑暴力熊】☆送同款挂绳,好评,此用户没有填写评价。,-,-,2021-04-13
590,蔡**7,颜色分类: 悦刻1代【黑色法斗】☆送同款挂绳,好评,此用户没有填写评价。,-,-,2021-04-08
591,l**0,颜色分类: 悦刻4代【皮卡丘】☆送同款挂绳,好评,此用户没有填写评价。,-,-,2021-04-18
592,a**0,颜色分类: 悦刻1代【魔法棒】☆送同款挂绳,好评,此用户没有填写评价。,-,-,2021-06-19
593,w**0,颜色分类: 悦刻1代【黑色法斗】☆送同款挂绳,好评,此用户没有填写评价。,-,-,2021-04-18
594,t**4,颜色分类: 悦刻1代【绿小恐龙】☆送同款挂绳,好评,此用户没有填写评价。,-,-,2021-05-20
595,t**6,颜色分类: 悦刻1代【黑小恐龙】☆送同款挂绳,好评,此用户没有填写评价。,-,-,2021-06-25
596,赵**3,颜色分类: 悦刻1代【皮卡丘】☆送同款挂绳,好评,此用户没有填写评价。,-,-,2021-06-10
597,俄**看,颜色分类: 悦刻1代【猫爪】☆送同款挂绳,好评,此用户没有填写评价。,-,-,2021-04-09
598,t**9,颜色分类: 悦刻1代【黑暴力熊】☆送同款挂绳,好评,此用户没有填写评价。,-,-,2021-04-18
599,t**6,颜色分类: 悦刻4代【黑色法斗】☆送同款挂绳,好评,此用户没有填写评价。,-,-,2021-06-25
600,l**0,颜色分类: 悦刻1代【黑小恐龙】☆送同款挂绳,好评,此用户没有填写评价。,-,-,2021-03-26
601,秋**雨,颜色分类: 悦刻4代【黑无脸男】☆送同款挂绳,好评,此用户没有填写评价。,-,-,2021-05-30
602,t**9,颜色分类: 悦刻1代【粉小恐龙】☆送同款挂绳,好评,此用户没有填写评价。,-,-,2021-04-18
603,胖**我,颜色分类: 悦刻1代【黑小恐龙】☆送同款挂绳,好评,此用户没有填写评价。,-,-,2021-06-02
604,g**n,颜色分类: 悦刻4代【黑无脸男】☆送同款挂绳,好评,此用户没有填写评价。,-,-,2021-04-10
605,t**3,颜色分类: 悦刻1代【绿小恐龙】☆送同款挂绳,好评,此用户没有填写评价。,-,-,2021-04-03
606,朱**豪,颜色分类: 悦刻1代【绿小恐龙】☆送同款挂绳,好评,此用户没有填写评价。,-,-,2021-04-08
607,a**2,颜色分类: 悦刻4代【黑小恐龙】☆送同款挂绳,好评,此用户没有填写评价。,-,-,2021-06-07
608,小**6,颜色分类: 悦刻1代【黑暴力熊】☆送同款挂绳,好评,此用户没有填写评价。,-,-,2021-04-14
609,h**3,颜色分类: 悦刻1代【皮卡丘】☆送同款挂绳,好评,此用户没有填写评价。,-,-,2021-04-09
610,b**7,颜色分类: 悦刻1代【猫爪】☆送同款挂绳,好评,此用户没有填写评价。,-,-,2021-05-02
611,z**0,颜色分类: 悦刻1代【黑无脸男】☆送同款挂绳,好评,此用户没有填写评价。,-,-,2021-05-02
612,哦**6,颜色分类: 悦刻1代【黑小恐龙】☆送同款挂绳,好评,此用户没有填写评价。,-,-,2021-05-20
613,思**5,颜色分类: 悦刻1代【猫爪】☆送同款挂绳,好评,此用户没有填写评价。,-,-,2021-04-08
614,大**3,颜色分类: 悦刻1代【黑无脸男】☆送同款挂绳,好评,此用户没有填写评价。,-,-,2021-04-15
615,l**玲,颜色分类: 悦刻1代【黑小恐龙】☆送同款挂绳,好评,此用户没有填写评价。,-,-,2021-04-11
616,a**o,颜色分类: 悦刻1代【黑色法斗】☆送同款挂绳,好评,此用户没有填写评价。,-,-,2021-05-23
617,t**5,颜色分类: 悦刻4代【黑暴力熊】☆送同款挂绳,好评,此用户没有填写评价。,-,-,2021-05-17
618,t**1,颜色分类: 悦刻4代【黑暴力熊】☆送同款挂绳,好评,此用户没有填写评价。,-,-,2021-05-12
619,王**秒,颜色分类: 悦刻1代【黑色路飞】☆送同款挂绳,好评,此用户没有填写评价。,-,-,2021-04-18
620,苏**s,颜色分类: 悦刻1代【皮卡丘】☆送同款挂绳,好评,此用户没有填写评价。,-,-,2021-04-09
621,a**2,颜色分类: 悦刻4代【黑暴力熊】☆送同款挂绳,好评,此用户没有填写评价。,-,-,2021-05-17
622,花**香,颜色分类: 悦刻4代【皮卡丘】☆送同款挂绳,好评,此用户没有填写评价。,-,-,2021-05-30
623,d**7,颜色分类: 悦刻1代【黑暴力熊】☆送同款挂绳,好评,此用户没有填写评价。,-,-,2021-03-25
624,t**2,颜色分类: 悦刻4代【黑暴力熊】☆送同款挂绳,好评,此用户没有填写评价。,-,-,2021-05-19
625,我**g,颜色分类: 悦刻1代【黑哈士奇】☆送同款挂绳,好评,此用户没有填写评价。,-,-,2021-06-18
626,b**元,颜色分类: 悦刻4代【夜光暴力熊】☆送同款挂绳,好评,此用户没有填写评价。,-,-,2021-04-17
627,温**花,颜色分类: 悦刻1代【黑小恐龙】☆送同款挂绳,好评,此用户没有填写评价。,-,-,2021-05-21
628,帅**妞,颜色分类: 悦刻4代【黑色中指】☆送同款挂绳,好评,此用户没有填写评价。,-,-,2021-04-29
629,w**6,颜色分类: 悦刻1代【粉小恐龙】☆送同款挂绳,好评,此用户没有填写评价。,-,-,2021-05-10
630,t**3,颜色分类: 悦刻1代【黑暴力熊】☆送同款挂绳,好评,此用户没有填写评价。,-,-,2021-04-13
631,校**友,颜色分类: 悦刻1代【魔法棒】☆送同款挂绳,好评,此用户没有填写评价。,-,-,2021-05-11
632,x**9,颜色分类: 悦刻4代【黑色中指】☆送同款挂绳,好评,此用户没有填写评价。,-,-,2021-04-22
633,威**果,颜色分类: 悦刻1代【黑小恐龙】☆送同款挂绳,好评,此用户没有填写评价。,-,-,2021-04-15
634,岩**8,颜色分类: 悦刻4代【夜光暴力熊】☆送同款挂绳,好评,此用户没有填写评价。,-,-,2021-05-28
635,小**5,颜色分类: 悦刻1代【猫爪】☆送同款挂绳,好评,此用户没有填写评价。,-,-,2021-05-13
636,t**8,颜色分类: 悦刻4代【黑无脸男】☆送同款挂绳,好评,此用户没有填写评价。,-,-,2021-05-11
637,t**4,颜色分类: 悦刻1代【皮卡丘】☆送同款挂绳,好评,此用户没有填写评价。,-,-,2021-05-20
638,博**i,颜色分类: 悦刻1代【魔法棒】☆送同款挂绳,好评,此用户没有填写评价。,-,-,2021-05-06
639,但**事,颜色分类: 悦刻1代【绿小恐龙】☆送同款挂绳,好评,此用户没有填写评价。,-,-,2021-04-18
640,北**y,颜色分类: 悦刻4代【夜光暴力熊】☆送同款挂绳,好评,此用户没有填写评价。,-,-,2021-04-25
641,朱**0,颜色分类: 悦刻1代【黑暴力熊】☆送同款挂绳,好评,此用户没有填写评价。,-,-,2021-04-12
642,王**哒,颜色分类: 悦刻1代【黑色法斗】☆送同款挂绳,好评,此用户没有填写评价。,-,-,2021-05-16
643,铭**婷,颜色分类: 悦刻4代【皮卡丘】☆送同款挂绳,好评,此用户没有填写评价。,-,-,2021-04-17
644,女**3,颜色分类: 悦刻1代【黑暴力熊】☆送同款挂绳,好评,此用户没有填写评价。,-,-,2021-06-23
645,可**点,颜色分类: 悦刻4代【猫爪】☆送同款挂绳,好评,此用户没有填写评价。,-,-,2021-04-25
646,d**y,颜色分类: 悦刻4代【皮卡丘】☆送同款挂绳,好评,此用户没有填写评价。,-,-,2021-06-07
647,t**9,颜色分类: 悦刻1代【黑色路飞】☆送同款挂绳,好评,此用户没有填写评价。,-,-,2021-04-18
648,郑**夷,颜色分类: 悦刻1代【猫爪】☆送同款挂绳,好评,此用户没有填写评价。,-,-,2021-03-17
649,h**9,颜色分类: 悦刻1代【黑暴力熊】☆送同款挂绳,好评,此用户没有填写评价。,-,-,2021-04-06
650,小**我,颜色分类: 悦刻1代【黑哈士奇】☆送同款挂绳,好评,此用户没有填写评价。,-,-,2021-05-08
651,p**薇,颜色分类: 悦刻1代【猫爪】☆送同款挂绳,好评,此用户没有填写评价。,-,-,2021-04-23
652,林**丶,颜色分类: 悦刻1代【黑色路飞】☆送同款挂绳,好评,此用户没有填写评价。,-,-,2021-04-25
653,t**7,颜色分类: 悦刻1代【魔法棒】☆送同款挂绳,好评,此用户没有填写评价。,-,-,2021-05-17
654,狂**盐,颜色分类: 悦刻1代【皮卡丘】☆送同款挂绳,好评,此用户没有填写评价。,-,-,2021-05-17
655,郑**夷,颜色分类: 悦刻1代【黑暴力熊】☆送同款挂绳,好评,此用户没有填写评价。,-,-,2021-03-17
656,孟**o,颜色分类: 悦刻4代【黑小恐龙】☆送同款挂绳,好评,此用户没有填写评价。,-,-,2021-06-15
657,s**6,颜色分类: 悦刻1代【猫爪】☆送同款挂绳,好评,此用户没有填写评价。,-,-,2021-05-13
658,傻**啊,颜色分类: 悦刻4代【黑色法斗】☆送同款挂绳,好评,此用户没有填写评价。,-,-,2021-03-25
659,t**8,颜色分类: 悦刻1代【黑暴力熊】☆送同款挂绳,好评,此用户没有填写评价。,-,-,2021-05-11
660,金**3,颜色分类: 悦刻4代【黑哈士奇】☆送同款挂绳,好评,此用户没有填写评价。,-,-,2021-04-20
661,y**2,颜色分类: 悦刻1代【黑哈士奇】☆送同款挂绳,好评,此用户没有填写评价。,-,-,2021-04-02
662,夏**渊,颜色分类: 悦刻1代【黑哈士奇】☆送同款挂绳,好评,此用户没有填写评价。,-,-,2021-05-27
663,t**4,颜色分类: 悦刻1代【黑无脸男】☆送同款挂绳,好评,此用户没有填写评价。,-,-,2021-05-20
664,y**姐,颜色分类: 悦刻1代【粉小恐龙】☆送同款挂绳,好评,此用户没有填写评价。,-,-,2021-04-20
665,别**谁,颜色分类: 悦刻4代【魔法棒】☆送同款挂绳,好评,此用户没有填写评价。,-,-,2021-04-29
666,5**s,颜色分类: 悦刻1代【皮卡丘】☆送同款挂绳,好评,此用户没有填写评价。,-,-,2021-04-03
667,嘿**了,颜色分类: 悦刻1代【魔法棒】☆送同款挂绳,好评,此用户没有填写评价。,-,-,2021-04-21
668,t**6,颜色分类: 悦刻1代【绿小恐龙】☆送同款挂绳,好评,此用户没有填写评价。,-,-,2021-06-25
669,p**薇,颜色分类: 悦刻1代【魔法棒】☆送同款挂绳,好评,此用户没有填写评价。,-,-,2021-04-23
670,胡**雪,颜色分类: 悦刻4代【黑暴力熊】☆送同款挂绳,好评,此用户没有填写评价。,-,-,2021-05-29
671,t**8,颜色分类: 悦刻1代【黑暴力熊】☆送同款挂绳,好评,此用户没有填写评价。,-,-,2021-05-11
672,利**哒,颜色分类: 悦刻1代【魔法棒】☆送同款挂绳,好评,此用户没有填写评价。,-,-,2021-04-09
673,1**祭,颜色分类: 悦刻1代【皮卡丘】☆送同款挂绳,好评,此用户没有填写评价。,-,-,2021-04-19
674,t**8,颜色分类: 悦刻1代【魔法棒】☆送同款挂绳,好评,此用户没有填写评价。,-,-,2021-05-11
675,l**7,颜色分类: 悦刻1代【黑哈士奇】☆送同款挂绳,好评,此用户没有填写评价。,-,-,2021-04-12
676,何**辰,颜色分类: 悦刻4代【猫爪】☆送同款挂绳,好评,此用户没有填写评价。,-,-,2021-04-22
677,x**e,颜色分类: 悦刻1代【黑色法斗】☆送同款挂绳,好评,此用户没有填写评价。,-,-,2021-06-12
678,哈**撒,颜色分类: 悦刻1代【黑无脸男】☆送同款挂绳,好评,此用户没有填写评价。,-,-,2021-05-12
679,登**哩,颜色分类: 悦刻4代【黑色法斗】☆送同款挂绳,好评,此用户没有填写评价。,-,-,2021-03-29
680,寻**s,颜色分类: 悦刻1代【绿小恐龙】☆送同款挂绳,好评,此用户没有填写评价。,-,-,2021-05-12
681,t**i,颜色分类: 悦刻4代【黑暴力熊】☆送同款挂绳,好评,此用户没有填写评价。,-,-,2021-04-16
682,t**9,颜色分类: 悦刻1代【黑无脸男】☆送同款挂绳,好评,此用户没有填写评价。,-,-,2021-04-18
683,t**7,颜色分类: 悦刻4代【猫爪】☆送同款挂绳,好评,此用户没有填写评价。,-,-,2021-05-17
684,柯**娜,颜色分类: 悦刻1代【黑色纯色】☆送编织扁挂绳,好评,此用户没有填写评价。,-,-,2021-05-20
685,三**界,颜色分类: 悦刻1代【猫爪】☆送同款挂绳,好评,此用户没有填写评价。,-,-,2021-04-26
686,才**艺,颜色分类: 悦刻1代【粉小恐龙】☆送同款挂绳,好评,此用户没有填写评价。,-,-,2021-05-01
687,小**脸,颜色分类: 悦刻1代【黑暴力熊】☆送同款挂绳,好评,此用户没有填写评价。,-,-,2021-05-23
688,b**o,颜色分类: 悦刻1代【魔法棒】☆送同款挂绳,好评,此用户没有填写评价。,-,-,2021-06-18
689,h**i,颜色分类: 悦刻4代【黑暴力熊】☆送同款挂绳,好评,此用户没有填写评价。,-,-,2021-06-07
690,z**4,颜色分类: 悦刻1代【黑小恐龙】☆送同款挂绳,好评,此用户没有填写评价。,-,-,2021-05-17
691,春**0,颜色分类: 悦刻1代【魔法棒】☆送同款挂绳,好评,此用户没有填写评价。,-,-,2021-05-02
692,哇**咯,颜色分类: 悦刻1代【黑哈士奇】☆送同款挂绳,好评,此用户没有填写评价。,-,-,2021-04-26
693,t**2,颜色分类: 悦刻4代【黑色法斗】☆送同款挂绳,好评,此用户没有填写评价。,-,-,2021-05-19
694,t**7,颜色分类: 悦刻4代【黑暴力熊】☆送同款挂绳,好评,此用户没有填写评价。,-,-,2021-05-17
695,k**a,颜色分类: 悦刻4代【黑暴力熊】☆送同款挂绳,好评,此用户没有填写评价。,-,-,2021-04-05
696,小**革,颜色分类: 悦刻4代【皮卡丘】☆送同款挂绳,好评,此用户没有填写评价。,-,-,2021-05-01
697,t**e,颜色分类: 悦刻4代【黑暴力熊】☆送同款挂绳,好评,此用户没有填写评价。,-,-,2021-04-24
698,g**h,颜色分类: 悦刻1代【皮卡丘】☆送同款挂绳,好评,此用户没有填写评价。,-,-,2021-05-12
699,为**钱,颜色分类: 悦刻1代【黑哈士奇】☆送同款挂绳,好评,此用户没有填写评价。,-,-,2021-05-30
700,t**9,颜色分类: 悦刻4代【魔法棒】☆送同款挂绳,好评,此用户没有填写评价。,-,-,2021-04-18
701,宝**y,颜色分类: 悦刻1代【黑无脸男】☆送同款挂绳,好评,此用户没有填写评价。,-,-,2021-06-16
702,s**6,颜色分类: 悦刻4代【魔法棒】☆送同款挂绳,好评,此用户没有填写评价。,-,-,2021-04-16
703,t**8,颜色分类: 悦刻1代【猫爪】☆送同款挂绳,好评,此用户没有填写评价。,-,-,2021-05-11
704,秦**静,颜色分类: 悦刻1代【黑暴力熊】☆送同款挂绳,好评,此用户没有填写评价。,-,-,2021-04-10
705,s**0,颜色分类: 悦刻4代【绿小恐龙】☆送同款挂绳,好评,此用户没有填写评价。,-,-,2021-04-06
706,8**8,颜色分类: 悦刻1代【黑暴力熊】☆送同款挂绳,好评,此用户没有填写评价。,-,-,2021-04-25
707,t**i,颜色分类: 悦刻4代【黑小恐龙】☆送同款挂绳,好评,此用户没有填写评价。,-,-,2021-04-16
708,t**8,颜色分类: 悦刻1代【黑色法斗】☆送同款挂绳,好评,质量不错 很喜欢 就是那个套子的头不行 感觉不牢固 容易掉 其它的很棒 反正挺好看的 要是商家再把那个头和身子固定一下 就完美了,-,-,2021-05-11
709,朵**晓,颜色分类: 悦刻4代【黑小恐龙】☆送同款挂绳,好评,此用户没有填写评价。,-,-,2021-06-28
710,暗**s,颜色分类: 悦刻4代【魔法棒】☆送同款挂绳,好评,此用户没有填写评价。,-,-,2021-06-28
序号,评价用户,sku,评价类型,评价内容,追评,掌柜回评,评价时间
数据下载时间：2021-06-29 13:26:11 功能：看店宝【https://kandianbao.com/】 宝贝评价信息分析 相关查询网址：https://kandianbao.com/item/pingjia/638924841217/,,,,,,,