数据下载时间：2021-06-29 09:36:30 功能：看店宝【https://kandianbao.com/】 宝贝评价信息分析 相关查询网址：https://kandianbao.com/item/pingjia/612912040302/,,,,,,,
序号,评价用户,sku,评价类型,评价内容,追评,掌柜回评,评价时间
1,t**8,,好评,专用耳机很棒✅特地来评价一下，没有杂音，听歌效果很赞，高中低都能兼顾，确实是不错的好产品✅颜值也不低，最外面的漆层光滑有质感，又没有油腻的感觉✅怎么说呢，就是挺耐看的，线的材质非常好，柔软有韧性，性价比挺高的⛵⛵ ,-,-,2021-06-15
2,l**n,,好评,户外路面施工工程队的，由于一直在山区使用，自从配了这种耳机，这个耳机的通话效果真的好很多，再用都可以听到；只要有什么需要就在对讲机群里喊一下，就可以吩咐几十公里几百公里外的办公室配送货过来给我们使用 机器质量非常好 ,-,-,2021-06-24
3,t**4,,好评,此用户没有填写评价。,黑色感觉看起来不错💞，👀很贴合耳朵🎾，🎄佩戴感受：佩戴很舒适。顺丰快递很快🚇⛔音质清晰好用♦，⬇尤其是黑色显得特别高端与细节，📲材质杠杠滴，👋音质也不错，🔠总体效果特别的完美📤，♋音质也很对得起这个价格，⁉下次一定还会回购的🐘,-,2021-06-14
4,温**裙,,好评,很有科技感，我们是超五星级酒店，公司要求我们需要配的对讲机耳机就是要选择高级一点的。 这种在我们店里经常有客人问这是什么东东怎么可以对讲那么远那么神奇的 ,-,-,2021-06-26
5,陈**1,,好评,收到了，做工精细材质很好，防水耐磨，空间容纳很大很实用便宜很多价格很理想包装很好，看起来很高档东西的质量也不错，产品描述和实物一致很满意，性价比很高，质量很好。 ,-,-,2021-06-24
6,t**8,,好评,"M尤其是黑色显得特别高端与细节,,性价比高。还送了🔎两对耳塞,没有漏音,🌵戴在耳朵上面,耳朵不🐎疼,也不会有很难受的🐋感觉。吃鸡可以,功能📛愈加强大,没电流声。➰音质清晰好用,电量很⌚足,佩戴很舒适",-,-,2021-06-15
7,t**9,,好评,包装也比较细致，购买的小包也适合耳机的整理和放置  包装很好，还送了大小两幅耳塞，很贴心了！带磁吸不怕缠线，还有一个蓝色指示灯，一闪一闪很漂亮 ,-,-,2021-06-18
8,t**0,,好评,对讲机都是在他家买的，用着不糟心，机器性能比较全面，比我之前在实体店买的300多的对讲机都好用，值得推荐 耳机佩戴也舒服  ,-,-,2021-06-26
9,t**7,,好评,耳机很好用，质量很好 我们这边是物流运输车队的，每天都要使用目前已经测试过6百多公里，一点问题都没有，而且有的时候还比手机的信号好 ，对讲机的电池一天下来没有任何问题，这种全国对讲机我们已使用马上就要普及给我们的公司运输车队整个车队有50多台车每台都要配这个机器了 ,-,-,2021-06-26
10,卓**m,,好评,耳机挺方便的，信号强悍，可以对讲十几公里，电池还是加厚的，电量特别耐用，充电一次可以用半个月不止，商家还帮我和老款对讲机调试在一起对讲，真厉害 ,-,-,2021-06-26
11,花**0,,好评,"隔音效果好特别喜欢这款耳机﻿大可以放心购买哦☔装很好完整严实☁,喜欢的可以入手了哦 质量很好",-,-,2021-06-23
12,春**5,,好评,"质量真的很好！性价比很高⛄佩戴🍥舒适轻盈 配对简便。还是很满意🎾的,已推荐! ",-,-,2021-06-23
13,t**9,,好评,耳机质量挺好的，耳机线很软，扛扯，听着佩戴舒适。性价比高也不错，也不漏音。语音也很清晰，耐看且低调，接头部分设计也很棒，非常结实，连接手机不松动不晃动，拔插这方面也很容易。 ,-,-,2021-06-18
14,杜**8,,好评,蛮喜欢的，做工确实不错，线身也结实耐用，入耳式戴着挺舒适，比较轻盈，而且听歌音质清晰无杂音，，线控灵敏，使用了一段时间完全没有问题  ,-,-,2021-06-16
15,郑**9,,好评,货比三家还是买了这家的快充，对于我这种经常打游戏的人来说真心好用，充电快，不发烫，有MFI认证就是给力，节约了我很多时间，价格也不贵，使用过程中也没有什么问题，用着不错，充电效果挺好！ ,-,-,2021-06-17
16,龙**雨,,好评,收到了货了，还不错，音质对于我来说足够了，用起来很满意，价格还不贵。发货速度太快了，同城配送，第一下单，第二天就到了，可以购买 。 ,-,-,2021-06-25
17,招**8,,好评,很好，戴着耳朵不疼。 外观材质：黑色耐脏，百搭。 声音效果：我觉得音效很好。也有隔音的效果。 总体满意。 ,-,-,2021-06-15
18,f**6,,好评,"以前没用耳机很不方便  cl柔软有韧性,声🕝音不会断断续续,而且也🐐不会出现卡顿的情况。😓物流很快,总得来说这🛅个价格性价比很高了。🍚简直太好了,声音清楚🌟清晰,还不错啦, ",-,-,2021-06-19
19,m**n,,好评,耳机收到了  同事都在用 而且都用的很满意，佩戴柔软舒适  音质也很清晰 ,-,-,2021-06-23
20,a**2,,好评,耳机真的是价格很便宜，性价比很高，按键也没有不灵敏的状态。这款耳机戴着听歌很舒服，戴上后很舒适，戴久了耳朵也没有疼痛感✌声音也挺清晰，用起来没有杂音，可以放心入手哈哈🌏,-,-,2021-06-17
21,一**司,,好评,此用户没有填写评价。,已经收到，质量很好，通话清晰，跟我之前买的一模一样，因为我们是建筑工地，用完了，下次会继续购买，长期关注贵店的宝贝，全五星好评，并且推荐其他的工地购买贵店的宝贝。,-,2021-06-17
22,m**6,,好评,理发店做活动，怕忙时还得上下楼跑来跑去。商家很热情的详细介绍他的产品，觉得这家耳机不错，拍了一对看看效果，收货拆开看了下效果，包装很好，频道调节都很稳定的，信号不错，音质效果非常清晰的，没有杂音，质量方面很不错！物流也很快！这段时间对讲机使用的很顺畅，没有什么大问题。,-,-,2021-06-15
23,m**7,,好评,质量很好  很适合我家这几款对讲机  音质清晰 对讲方便 发货速度也很快  长时间带耳朵 也不会痛 ,-,-,2021-06-23
24,a**秋,,好评,买回来研究使用了下，机器不错，音质很棒，楼层之间通话效果可以，我们电影院的都是做了隔音加厚墙的，换了好几家的机器都不行，就他家这款可以，还不贵,-,-,2021-06-18
25,王**8,,好评,耳机不错  不会让人失望 音质不错 戴着也挺舒服 而且还给送其他型号的耳塞 适合各类大小 挺好挺好最重要的 昨天下午拍的 今天下午到了 急需的朋友首选 非常快 ,-,-,2021-06-18
26,淘**萱,,好评,音质效果很棒，款式好看，轻便大小合适，声音很好，很喜欢这个牌子的耳机耳机的舒适度和佩戴舒适... ,-,-,2021-06-16
27,t**6,,好评,科立捷大品牌，果然值得信赖，机子和耳机美观大方，拿着也趁手，客户看到也都夸赞好看，回去要配几台，有了它仓库去拿产品，可以随时对接，防止客户等待时间太长，佩戴衣服上跟我们衣服还是很搭，还有背夹也不怕掉的，员工们用起来都说很好用。还要再买一批，准备给车间人员也都配上，大爱，满意！,-,-,2021-06-19
28,感**睿,,好评,耳机看着挺好看的质量也还不错，去噪音效果还可以适合我这种老运动的人，非常赞！！！！！,-,-,2021-06-19
29,波**物,,好评,拿到货就跟同事测试下通话使用距离。通话效果5-8公里内，声音正常清晰没杂音，在远就没测试了，大热天的，距离音质够用了，买的值了 ,-,-,2021-06-18
30,陈**絜,,好评,收到了，拆开一看，对讲机耳机跟图片一样，没有色差，试试，声音大，音质清晰，功能全，客人的小孩非要拿这玩。一没注意掉地上了，以为会摔坏，赶紧捡起来，看了看，完好无损，没有一点破痕迹，还不错。挺耐用的。耐摔。挺值的。 ,-,-,2021-06-12
31,一**k,,好评,颜色很低调 佩戴感受：非常舒服 外观材质：材质不错 声音效果：很不错够用了  ,-,-,2021-06-15
32,c**7,,好评,"耳机头塑料感强﻿☀,.：.价格实惠音质好﻿☀,zt这次是又买了两个🌁,比小伙伴们买其他的从颜值舒适度都要好太多了⚡,宝贝已经收到了低音效果很好☔,佩戴感受：舒适⛄,运动时戴着很方便🌀 ",-,-,2021-06-12
33,黄**9,,好评,耳机质量很好 效果很棒音清晰大声不走音，对讲机也是他家.，之前买的别的品牌的效果都不行，都没有这款7代的好用 ,-,-,2021-06-18
34,t**7,,好评,客服真给力，给我免费发了顺丰，第二天就收到了，耳机很赞 同事用了也觉得舒服满意，好评好评,-,-,2021-06-26
35,阿**6,,好评,不会因为充电导致电话发热🍎安全，绝对正品💦质量不错性价比很高🧹多买几根以备不时之需💍价格也是很划算接口处做的很细致插上手机反应很迅速。性价比超高产品好用价格不贵，是真的可以快充细节做工都特别不错。  ,-,-,2021-06-10
36,3**u,,好评,这个是帮别人代买的，还不错这个不知道是已经回购了几次了，质量这个价格绝对是可以的，通话质量好，没有杂音  质量很好 做工精美 发货特快 ,-,-,2021-06-15
37,t**9,,好评,轻盈，佩戴舒适，大品牌，买的放心  质量挺好，放耳朵里不容易掉，不知道戴时间长了耳朵会不会疼，音质还可以，可以接受,-,-,2021-06-18
38,闫**1,,好评,佩戴感受：带着特别舒服，完全不重，音质也很好，耳机的线也是摸起来很好的材料，完全没有劣质的感觉，用了就摘不下来，真的太舒服了。 ,-,-,2021-06-18
39,t**6,,好评,耳机品，信赖商家，宝贝质感很好，价格也适中，无限回购！ 待机时间：半个月吧 对讲范围：地下室也能收到信号 对讲效果：清晰响亮 ,-,-,2021-06-19
40,一**走,,好评,",折😉叠方便,真的太舒服了。🐥没有杂音,有赠品,反💦应特别好。耳机收🚟到了,甩来甩去也丝毫☺没有重量,🚓,。有低音炮👲的感觉,不知道戴时间🕒长了耳朵会不会疼, ",-,-,2021-06-21
41,l**6,,好评,耳机越用越喜欢，怎么看怎么好看哈哈哈哈，忍不住来评价下，听歌音质特别赞，这个价格的耳机音质这么棒真的挺惊喜??的， ,-,-,2021-06-16
42,紫**会,,好评,此用户没有填写评价。,日常喜欢多备耳机，这个耳机不错，声音效果挺好，戴着挺舒服，目前没有发现不好的地方，所以总的来说好评,-,2021-06-14
43,我**躁,,好评,耳机不错，便宜又好用，推荐，不过 个人不太爱惜耳机，这个耳机也没能经得起折腾，大概半年就坏，已经换了好几个啦，总的来说还是值得购买 ,-,-,2021-06-15
44,美**8,,好评,音质特别清晰，声音很好，音质很好的。，很满意均衡得好，重低音效果和💫立体声都很好 ,-,-,2021-06-17
45,翰**8,,好评,皮质很软，戴起来有一点夹下颌，顶脑袋，但可以接受，不算疼。 对低音方面的提升比较明显 总的而言，声音更有弹性了，细节呈现得更多了，加上它的降噪，氛围感很强 音质很好 ,-,-,2021-06-17
46,t**3,,好评,对讲清晰，价格亲民。值得拥有 物有所值频道清晰无杂音，音量大工地很实用，兄弟朋友开车自驾游必备，顺丰快递挺快，好好  ,-,-,2021-06-23
47,妖**的,,好评,从没想过这么实惠的价格能买到这么好的宝贝，下次还来你家 ,-,-,2021-06-23
48,m**m,,好评,，音质好，佩戴舒适，价廉物美，刚充好电，看看能用多久……不听时，耳机有磁铁吸住 ,-,-,2021-06-18
49,哎**吖,,好评,对讲机耳机已收到，货和描述是一样的，信号也很好，不错👍👍，谢谢厂家发的货！ ,-,-,2021-06-16
50,格**芬,,好评,声音是很清晰的，没有杂音，可以让我感受到很美妙的音质;戴着很舒服，不会有疼痛的感觉，耳机的声音清晰， ,-,-,2021-06-16
51,博**普,,好评,此用户没有填写评价。,"声音效果：音质很好值得夸奖☔,先到了这个绿色的🌀,可以避免甩来甩去也防止丢失⚡,这个耳机真挺好🌅,下次还会再来光顾的🌂,声音效果：声音很赞☔很满意会继续回购 的",-,2021-06-07
52,雨**5,,好评,对讲机都是在他家买的，耳机耐用，我们餐厅使用起来非常的方便，沟通对讲时没有杂音，语音传输快无延迟，性价非常的高,-,-,2021-06-22
53,姜**椒,,好评,性价比非常高，上一个和这个同款用了两年多， 不小心在洗衣机里洗了三次才坏，这价钱能买到这么好音质的耳机， 良心了,-,-,2021-06-15
54,聪**3,,好评,耳机收到了，质量非常的好，我们是买来广场里使用的，通话音质非常清晰、通畅，无断断续续的情况，待机时间长，通话范围很大，价格实惠值得购买  ,-,-,2021-06-19
55,x**箱,,好评,音质不错 618搞活动买的 很划算，不会操作客服很耐心的给发说明 ，整体来说还是不错的 佩戴感受：合适 外观材质：小巧很方便携带 声音效果：不错 挺好的 ,-,-,2021-06-19
56,t**4,,好评,此用户没有填写评价。,我们餐厅以前是用那种大对讲机的，那种感觉携带很不方便，佩戴也不美观，好几个女同胞都说要换小机器，这次终于换了这款小型对讲机，换了这款耳机 都是很好用 佩戴舒服  昨天她们用了一天，一直说早就该买这种迷你机器了，机身很漂亮，对讲音质比大机器还清晰，最主要的是机子机身好轻，无感佩戴，携带方便多了，再过几天还会再来增补几台的，老板到时看看能否给个优惠价哦！,-,2021-06-14
57,最**舍,,好评,此用户没有填写评价。,耳机特别棒通话的时候声音挺清晰的，没有杂音，听着音质特别舒服，高音通透，低音也够震撼，有9D的音效感，耳机质感和做工都细致戴在耳朵里面很牢固不觉得疼痛 ，值得买,-,2021-06-08
58,王**7,,好评,耳机第二次购买，之前买了4台不够用，再追加了4台，声音很满意，很清晰，而且本身的声音可以调到很大，我们这边车间噪音很大，用这款也没问题，信号也很好，一直都很稳定，还会追加的 ,-,-,2021-06-15
59,夏**1,,好评,此用户没有填写评价。,质量很不错 用了一段时间特别好用 会回购的,-,2021-04-22
60,j**9,,好评,耳机真的是价格很便宜，性价比很高，按键也没有不灵敏的状态。这款耳机戴着听歌很舒服，戴上后很舒适，戴久了耳朵也没有疼痛感声音也挺清晰，用起来没有杂音，可以放心入手哈哈 ,-,-,2021-06-11
61,t**0,,好评,质量很好   很喜欢  物美价廉  值得购买,东西收到，质量很好，声音很清晰，赞 下次还来你家回购,-,2021-06-26
62,1**e,,好评,对讲机耳机的音质很不错，通话的时候很大声，在商超里一样听得很清晰，基本没什么杂音，电池也很耐用，可以用满1天工作量，现在特惠活动，质量又好又便宜，同事也很喜欢。看起来很大，但用起来不会感觉很笨重，手感很舒服。 ,-,-,2021-06-15
63,欢**睿,,好评,对讲机耳机的音质很不错，通话的时候很大声，在商场里一样听得很清晰，基本没什么杂音，电池也很耐用，可以用满1天工作量，对讲机质量又好又便宜，同事也很喜欢。看起来很大，但用起来不会感觉很笨重，手感很舒服。 ,-,-,2021-06-16
64,m**5,,好评,对讲机耳机收到，比我理想中要好，通话流畅，一点也不卡顿，声音大，功能还带天气预报和定位系统！比普通的好太多，下次还会来买  ,-,-,2021-06-16
65,t**0,,好评,专业的雷迅耳机！有同款的机器的不错 嘿嘿。音质很好，佩戴也很柔软,-,-,2021-06-26
66,t**3,,好评,终于收到我需要的宝贝了，东西很好，价美物廉，我非常满意。掌柜态度很专业热情，有问必答，回复也很快，我问了不少问题，他都不觉得烦，都会认真回答我，这样的好掌柜可不多。再说宝贝，正是我需要的，收到的时候包装完整，打开后让我惊喜的是，宝贝比我想象中的还要好，不得不得竖起大拇指。下次需要的时候我还会再来的，到时候麻烦掌柜给个优惠哦！,-,-,2021-06-23
67,t**1,,好评,音质很好，带上也不容易掉降噪功能也很好，带上感觉不错我戴了两天了，充一次电。外形也符合我理想的样子，耳朵也没有不舒服。客服也很棒，解决问题很迅速。  ,-,-,2021-06-18
68,t**3,,好评,质量不错，材质很好，价格实惠，用了之后效果不错,-,-,2021-06-23
69,乖**9,,好评,物流很快，卖家服务的也很好，性价比高，质量家人很满意，已经推荐朋友  ,-,-,2021-06-22
70,茱**主,,好评,耳机质量很好，很适用对讲机   这种消耗品一下没有就不行 刚好碰到这家店铺一条都发顺丰的  赞 下次还来回购了 ,-,-,2021-06-09
71,h**8,,好评,物流很快；比我之前买的耳机都要好用，线控调节音量换歌都很灵敏，按键特别好按有弹性，听歌佩戴舒适。性价比高非常好听，立体感层次分明，人声解析也很好 ,-,-,2021-06-11
72,t**3,,好评,快递小哥服务态度没话说，东西质量也非常满意。店家对疑问都能耐心解答，很满意，会推荐给朋友 ,-,-,2021-06-23
73,文**化,,好评,线蛮长可以满足大部分需求，充电比较快，没有发热现象。基本上没有瑕疵，按照标准做的还是很不错的，很nice ,-,-,2021-06-11
74,张**9,,好评,车间每个角落都可以听到！有这个可以防止意外发生!办公室到车间有3-5公里左右 可以全区听到  点赞好耳机 点赞好商家  点赞 ,-,-,2021-06-10
75,t**0,,好评,"非常棒,长度刚好,🍳人声清晰自然,隔音不😺错外面的噪声都听不到📓。如果你要寄的话,没✌有以前带久了耳朵会有😌点疼的感觉。然后又懒👠得去找店家,性价比高💾,耳机线结实, ",-,-,2021-06-26
76,t**4,,好评,耳机质量很好 ，配到柔软舒服  音质很好  不会有杂音 很方便小巧实用  ,-,-,2021-06-14
77,t**4,,好评,很不錯，在體育場用的，各地角落，通話清楚，但在地庫聲音會變小，有少許噪音，也是正常，畢竟在地下，發貨速度很快！,-,-,2021-06-14
78,t**2,,好评,质量很好，材质不错，价格实惠,-,-,2021-06-16
79,怎**哎,,好评,耳机到了 很适配机子 同事用了 都说质量很好 点赞好卖家了 配到也柔软舒服 ,-,-,2021-06-10
80,仁**0,,好评,这款耳机质量无敌了 真的超级好  很难得买到这么好用的耳机 音效好 音质还清晰  一条也发顺丰   ,-,-,2021-06-09
81,l**0,,好评,品质很好，很满意。 ,-,-,2021-06-24
82,x**3,,好评,很好用对讲耳机  一大批采购了 一条十几块的耳机没想到还发顺丰  质量很好 音质也很清晰 ,-,-,2021-06-11
83,浪**1,,好评,很喜欢他家的耳机  质量一直做很好 音质好佩戴也舒服 ,-,-,2021-06-10
84,h**0,,好评,耳机质量很好 很好解封双手认真干活了  方便通话对讲  ,-,-,2021-06-10
85,t**3,,好评,物超所值，话不多说，这四个字已经说明了一切是理想中的产品，质量不错，物流也很快，值得点赞👍🏻买一送一还送微笑。 ,-,-,2021-06-23
86,壹**8,,好评,此用户没有填写评价。,之前的耳机丢了 打算重新买一个 选半天还是决定这家店耳机很好是正品  耳机挺好，物流超快,-,2021-06-08
87,k**4,,好评,耳机质量很好，音质很清晰 ,-,-,2021-06-16
88,t**2,,好评,耳机用了之后觉得音质非常的不错，和详情上说的一样。戴上后很牢固。声音效果方面，很清晰！，无杂音，不影响原声效果 ,-,-,2021-06-11
89,h**7,,好评,戴着很舒服，价格也实惠，款式简约大方 ,-,-,2021-06-13
90,z**2,,好评,特别喜欢！ ,-,-,2021-06-18
91,t**8,,好评,佩戴感受：感觉佩戴挺舒服的，没有不适 外观材质：外观无敌，感觉很高端的感觉哈哈哈 声音效果：降噪无敌 ,-,-,2021-06-15
92,楠**n,,好评, 太满意了 质量也没的说   ,耳机收到了，物流挺快的，质量挺好很不错 东西收到了，买之前看了很久才下单的，收到货没失望，物流很快，质感不错，好搭配，也很好看，买的东西基本都很符合自己的风格，所以感觉很不错啦，价格也和质量成正比，还不错啦，卖家也挺有耐心的，物流也挺快的，东西也挺好的，很喜欢，容易搭配，做工也不错，表示很满意，感谢卖家,-,2021-06-14
93,o**i,,好评,耳机做过也很精细  佩戴柔软 音质很好 质量很棒 难得购买到满意的来好评 ,-,-,2021-06-11
94,t**8,,好评,给员工配备的，刚刚试了一下，好用反应灵敏，声音清晰，轻巧且好，通话声音也蛮大声的，我们做的餐饮店的面积会长一点点，都覆盖到很棒，后续可以加购，值得推荐的 ,-,-,2021-06-15
95,z**8,,好评,耳机比预期效果要好，声音也比较大，有两种天线，长的和短的，非常棒，值得推荐，商家良心买卖，，充电器也很不错，细节做的很到位 ,对讲机电池这家店的质量太好了 续航很强 点赞了好卖家,-,2021-06-11
96,希**6,,好评,质量很好,-,-,2021-06-17
97,a**5,,好评,很好用，耳挂式的很方便，不耽误做任何事情 ,-,-,2021-06-11
98,c**1,,好评,很实用，潮流时尚，质量很好，声音清晰，很好用,-,-,2021-06-12
99,敏**市,,好评,耳机很好用 质量很好  佩戴柔软舒服 点赞好卖家 ,-,-,2021-06-09
100,最**瑶,,好评,快递很快，质量棒极了，建议购买 ,-,-,2021-06-11
101,半**9,,好评,音质很好，颜色很高，不错的一次购物体验线材质蛮好的，舒适，带在耳朵上不痛 ,-,-,2021-06-05
102,q**2,,好评,这款对讲机耳机质量真心挺好，音质很棒，十分精准完美适配我家这几部机器 ,-,-,2021-06-07
103,t**4,,好评,很清新 很好,-,-,2021-06-14
104,t**0,,好评,用了这款耳机  工地使用挺方便的，建筑多的地方使用起来效果很好，信号强，沟通起来无障碍,-,-,2021-06-26
105,惜**信,,好评,戴着很舒服，声音挺清晰 ,-,-,2021-06-14
106,z**8,,好评,物流很快，物品完好无损，用起来很舒服，喜欢💕 ,-,-,2021-06-14
107,小**4,,好评,方便，好用，清晰， ,-,-,2021-06-12
108,3**人,,好评,挺好的，非常不错的，卖家服务很好！,-,-,2021-06-09
109,开**来,,好评,总体很满意…首先颜值，很赞，其次实用效果真的很不错，说话清晰，音质不错，传输距离相当可以，隔两三间门面也依旧清晰，楼上楼下就更不用说了…很棒！ ,-,-,2021-06-08
110,桃**开,,好评,质量很好，发货很快。价格也实惠，不错 ,-,-,2021-05-29
111,春**5,,好评,试采购了点耳机来试用一下，质量很好。下次再来大批采购 。佩戴耳朵也很舒服 ,-,-,2021-06-23
112,t**1,,好评,耳机到了，同事用了都说好，质量很好 音质也很nice  没要求快递卖家就发顺丰 哈啊哈哈哈哈哈 ,-,-,2021-05-09
113,t**6,,好评,很棒的耳机，质量很好，很柔软。佩戴很舒服。顺丰包邮爱了,-,-,2021-06-19
114,l**1,,好评,质量真的好，不止一次来这家采购啦，柔软细节做的很到位。,-,-,2021-04-28
115,t**6,,好评,完美的配置我们的机器，来给卖家捧场好评一下，佩戴很柔软，音质很棒。 还顺丰航空给你点赞了 ,-,-,2021-06-19
116,t**6,,好评,有我的颜值高吗，耳机质量很好，解放了双手，做更多活，不然手捧着对讲机很麻烦 。。好卖家成功解决我这个烦恼 ,-,-,2021-06-19
117,3**g,,好评,我们这些加油站的工作人员，太难了，手机要扫码都是no的，因为要注意安全问题，付款都要去专门的扫码室，距离太远又很难沟通，幸亏有老板的这款对讲机，太方便了，又安全，通话清晰妥妥的，科技是第一生产力呀  ,-,-,2021-06-06
118,t**4,,好评,此用户没有填写评价。,"比在实体店买的好多了，实体店买的用一个月就坏了,很烦，这个用一年都没事,没有杂音效果特别好，东西不错，价格也比较合适，感觉这个价格很可以了,而且买五送一，质保一年。线也比较粗！这个长度的线使用起来刚刚好，很不错,买对了，用起来也值,线材粗,看起来也结实,总之，值得推荐",-,2021-06-14
119,m**u,,好评,还不错，价格划算，比实体店得便宜许多，还会再来！,-,-,2021-05-26
120,琪**8,,好评,呵呵。商品这么快就到了，还不错哦，下次来你可要优惠哦^_^,-,-,2021-05-19
121,h**4,,好评,很好的一个产品，外观好看，使用起来方便，声音清晰，急着再下手一件 ,-,-,2021-05-18
122,看**叶,,好评,耳机质量很好，音质效果很好，满意 ,-,-,2021-05-16
123,t**5,,好评,我们是连锁的火锅店，服务行业必须佩戴耳机，客户体验才好，以前一直试错乱购买，发现也是一笔费用，这两年都在这里购买 确定稳定，价格质量顶级,-,-,2021-04-30
124,t**1,,好评,我们买来销售客户的，之前客户指定代买了好几次，客户反应效果很好，我们也进了一大批过来销售，我们也销售对讲机很多年了，对讲机耳机确实很粗音质也很好，设计来说佩戴很舒服，很柔软。 ,-,-,2021-04-29
125,t**6,,好评,我们好几千的机器哈哈哈哈，感觉不管多少钱的耳机用着都是消耗品，这家质量性价比是用过最高的！！有用过摩托罗拉的摩友值得入手，音质很棒,-,-,2021-06-19
126,t**0,,好评,专业耳机，专业卖家，质量很好，服务态度很棒，满意,-,-,2021-06-26
127,娜**好,,好评,就卖我个耳机，给我发顺丰航空，我第一天下午5.00购买，你第二天早上八点给我送上门！！我这算惊喜吧，没注意看详情，卖家还特地联系确认接口，我知道你是亏本卖了，东西确实不错才来给你个好评！！卖家好好保持，会让单位大批量采购你家的，虽然耳机价值不大，就这么刚硬的服务水准，以后如果相关都会找你购买,-,-,2021-04-26
128,f**7,,好评,我们这个口，很不错，卖家很好匹配耳机给我们， 给这款耳机点赞，音质效果很棒，发的还是顺丰航空。佩戴耳朵也很舒服不会像其他的一样硬邦邦,-,-,2021-05-02
129,宋**跑,,好评,我们好易通对讲机M头的，买过很多家产品了，好卖家，产品价格十几块，实属便宜，质量一百分！！服务一百分，顺丰隔天到了，我们武汉市区！！目前找到最优质的的耳机供应商 ,-,-,2021-04-29
130,t**2,,好评,酒吧在用的，没有耳机根本服务做不好，耳机这种消耗品经常购买，我都基本拿到手里就知道好不好了，综合卖家的价格和产品品质吗，可以说最高的，买过9.9两个的那种还好只是买一个测试我们很严谨都要测试再大批量购买！！很不错会长期在这里购买,-,-,2021-04-24
131,c**8,,好评,5年机器了、耳机不知道换了多少批次了哈哈哈，消耗品 难得遇到购买不错的耳机，满意度百分推荐  ,-,-,2021-04-18
132,静**风,,好评,质量好，好用,-,-,2021-05-15
133,空**0,,好评,耳机使用效果很不错，而且性价比比较高的，买一送一可以留起来备用，客服态度也非常的好，包装完好，质感也不错，强烈推荐！！！ ,-,-,2021-04-17
134,笑**0,,好评,此用户没有填写评价。,留个印，不错的耳机，不用在手捧着对讲机通话。完美解放双手。音质效果很赞,-,2021-04-24
135,t**0,,好评,此用户没有填写评价。,由于工作的需要，每天都要带着耳机！一天下来耳朵都快疼炸了！终于找到了这款入耳式的耳机，很舒服！耳朵得救喽！声音也不错发货也很快！很满意的一次购物,-,2021-06-26
136,z**8,,好评, 已经是第四次购买了，这次是帮朋友拍了，非常好用，不打结，想要的可以放购买了 ,-,-,2021-04-17
137,w**2,,好评,我们的机器挺好看的，购买这里的耳机很稳定，好评一下，质量很好，性价比很高 ,-,-,2021-04-29
138,t**2,,好评,很耐用的耳机，同事推荐购买这家的确实质量好，给我同事好评，也给卖家点赞，耳机音质很好，佩戴很柔软 ,-,-,2021-04-24
139,t**8,,好评,用了很久的机器，对讲音质变得很差，自从买了你家耳机，变得很方便，双手都解放了，配到也很柔软,-,-,2021-06-15
140,t**4,,好评,耳机线头做的很精致严谨不会松动 质量也很好 音质也很棒,-,-,2021-06-14
141,t**6,,好评,淘友们遇到好卖家的产品可以下手了，无忧购。解放手持对讲机，完美解放双手。音质也很好  ,-,-,2021-06-19
142,招**8,,好评,K头，很好看的样子 插上这款耳机 音质很好，佩戴也很舒服 ,-,-,2021-06-15
143,菠**8,,好评,服务很好，顺丰一大早就给我送来了。同事也觉得很好用。质量真的很好，建议大家来这家采购哈 ,-,-,2021-04-20
144,t**1,,好评,专业耳机，专业卖家。质量很好 佩戴很柔软，音质效果也很赞。下次还会来你家回购的嘻嘻嘻嘻。几条耳机而已，还给我发顺丰 哈哈哈哈 ,-,-,2021-05-07
145,飞**9,,好评,N次复购，买耳机就不用再找别家了，不需要再试错，稳定优质的耳机！！！！赞赞大赞  ,-,-,2021-04-20
146,t**4,,好评,耳机音质很好，解决了机子声音问题，还很优惠，下次还来你家。彻底解放双手 真棒耳机🎧,-,-,2021-06-14
147,t**4,,好评,我们顺风耳的机器，十几年了，这些配件换了一拨拨的，耳机天线。自从买了他家，质量很好，音质也很棒,-,-,2021-06-14
148,t**6,,好评,好耳机 真的很喜欢 效果很好 音质也很清晰   ,-,-,2021-06-19
149,暖**9,,好评,线材很粗，音质很好，不想以前用的其他的耳机嗡嗡嗡的响，带着也舒服 ,-,-,2021-05-02
150,行**最,,好评,这款耳机插的很严实，不会像其他家一样动不动就松动。很满意,-,-,2021-04-21
151,t**9,,好评,我们会所用蛮好用的，反馈都很满意，音质很棒，这么便宜的耳机卖家还发顺丰空运 真的赞 太牛啦 ,-,-,2021-06-18
152,木**m,,好评,很好的耳机，设计很精美柔软，款式很棒,-,-,2021-04-23
153,l**3,,好评,在这买的这款耳机音质真棒，带耳朵感觉很柔软舒服，点赞 ,-,-,2021-05-02
154,唐**心,,好评,一直在这里购买，除了忘了留言专业T头，每次都很及时发货，并且核对好我们要的款，服务没得说  还发顺丰航空 赞 ,-,-,2021-05-03
155,t**2,,好评,我们KTV用的效果杠杠的，音质很好，佩戴也很柔软。卖家还寄顺丰航空 爱了爱了,-,-,2021-04-29
156,凤**水,,好评,耳麦和配件的质量很好，听声音的效果非常不错，最大程度还原了原音。,-,-,2021-05-07
157,么**0,,好评,我们必胜客的服务员用的，很棒的耳机供应商，耳机质量很好，音质很棒。赞 ,-,-,2021-04-29
158,t**3,,好评,很耐心的卖家客服，机子音质坏了，给我推荐一款好用的耳机 赞,-,-,2021-06-23
159,沁**3,,好评,"东西不错，价格也比较合适，感觉这个价格很可以了,而且买五送一，质保一年。线也比较粗",-,-,2021-04-25
160,午**郎,,好评,这个对讲机小巧精致方便携带，价格合理，我个人感觉设计的还不错，整体用起来也很顺手，音质也不错。,-,-,2021-05-07
161,t**7,,好评,专业的雷迅耳机！！有同款的机器的不错 嘿嘿。音质很好，佩戴也很柔软,-,-,2021-06-26
162,旭**7,,好评,顺丰空运很赞，那天下的单，明天就到了。十几块的耳机 服务都这么好 赞,-,-,2021-04-26
163,t**1,,好评,耳机很好用，质量很好，十几块商家还顺丰包邮！！真的很赞,-,-,2021-04-27
164,情**己,,好评,耳机很好用，质量很好，发货速度很快，发的快递还是顺丰航空哈哈哈哈 真棒,-,-,2021-05-08
165,t**2,,好评,我们的机器很小巧，就是必须带耳机用，还是专业耳机哈哈哈哈！！！这里购买的耳机比原来配套的好很多，性价比高，关键还很便宜，这么便宜商家还给我发顺丰航空，赞赞赞 ,-,-,2021-05-04
166,s**4,,好评,很完美的耳机，卖家的服务很好，音效很棒。点赞  ,-,-,2021-04-24
167,t**2,,好评,质量很不错，做工精细，材料好音质清晰，价格也实惠，值 ,-,-,2021-05-08
168,董**菊,,好评,很好用的耳机，很耐用，质量很好，很好的卖家一下就是顺丰快递。好评了 ,-,-,2021-04-24
169,盼**7,,好评,对讲机耳机配件质量很好，材质厚实，外观精致，音质清晰 ,-,-,2021-04-16
170,爱**1,,好评,耳麦耳机质量很好，作工精细，价格实惠,-,-,2021-05-02
171,七**2,,好评,耳麦耳机很不错，做工材质好，外观款式设计时尚，不错的选择。 ,-,-,2021-04-17
172,g**6,,好评,对讲机耳机质量很好，做工精细，佩戴舒适，通话音质清晰，体验非常棒，我很满意 ,-,-,2021-05-03
173,t**1,,好评,这款耳机挺好，戴上耳朵不疼，声音清晰，价格实惠,-,-,2021-05-03
174,t**3,,好评,质量很好，材质不错，价格实惠，非常实用,-,-,2021-06-23
175,n**2,,好评,挺不错的，方便好用，价格也比较实惠，很满意。 ,-,-,2021-04-25
176,t**3,,好评,质量很好，外观漂亮，材质不错，非常满意,-,-,2021-06-23
177,张**6,,好评,质量不错，使用效果很好，值得购买。 ,很好用的耳机，音质真的很满意。 下次再来采购一批给同事。,-,2021-04-21
178,小**白,,好评,耳机的质量很不错🍋赞赞赞，线的材质看起来就非常的耐用扎实🍇质量强硬扯不断🥬按键灵敏，挺耐用的🫐使用价值高，毕竟买个便宜的还不如买个质量好的用的时间也比较长些🥩质量好，价格还便宜的🥭没理由不选择，总之可以😋爱了爱了，非常好用😀性价比高🫒很喜欢，推荐大家去入手购买🍏真的很好用 ,-,-,2021-03-28
179,p**c,,好评,质量很不错的耳麦配件，性价比不错，质量很好，买到很满意。,-,-,2021-04-28
180,n**2,,好评,质量挺不错的，发货速度也很快，价格实惠，买到很满意。 ,-,-,2021-04-27
181,t**4,,好评,音质不错，到货快，价格实惠，挺满意的,-,-,2021-06-14
182,t**4,,好评,对讲机耳机质量很好，材质柔软厚实 ,-,-,2021-06-14
183,t**2,,好评,此用户没有填写评价。,很好用，笑脸也很好看，可爱的😜，音质很好，很实用，很方便,-,2021-03-12
184,秀**民,,好评,对讲机耳机质量很好，声音清晰无噪音，外型美观，性价比高！满意 ,-,-,2021-04-24
185,t**4,,好评,耳机音质很好，线粗结实耐用，非常满意 ,-,-,2021-06-14
186,e**1,,好评,耳机不错，音质清晰，价格划算，相当的满意,-,-,2021-05-04
187,t**5,,好评,对讲机收到了，质量很好，用的好方便，要实惠，物流快,-,-,2021-05-06
188,y**8,,好评,我们专业这种的，有没有用同款的，耳机是消耗品，音质好，质量也很棒,-,-,2021-05-02
189,t**1,,好评,耳机收到了，包装精美物流给力，质量很好，音质很清晰,-,-,2021-04-30
190,哇**雯,,好评,是尼龙材质的🧅很耐用，对讲清晰很稳定🥦不会出现接触不好的情况🍞也不会出现不匹配的情况，挺不错的是正品🌭一看就是很耐用的样子。线材也很好，质量强硬🥓价格非常实惠，非常满意，接触很稳不会松动🥦真的是很结实，🌭不会打结，值得购买🥬线材很结实🍓整理起来也很方便🍉,-,-,2021-03-28
191,t**4,,好评,很满意的一次购物，卖家发货速度快，包装完好，还送了赠品，质量很好，试了非常满意 ,-,-,2021-06-14
192,m**9,,好评,耳机很好用。质量也可以 ,-,-,2021-04-27
193,t**6,,好评,大小挺合适的，质量也很好，非常喜欢。,-,-,2021-06-19
194,t**7,,好评,好耳机，我们的机器喇叭出了点问题，现在用耳机 音效才有很清晰 价格也很实惠 ,-,-,2021-06-26
195,t**8,,好评,好耳机，我们的机器喇叭出了点问题，现在用耳机 音效才有很清晰 价格也很实惠,-,-,2021-06-15
196,t**8,,好评,对讲机耳机很满意，音质也不错，音质很好，很清晰,-,-,2021-06-15
197,全**3,,好评,好卖家，真有耐心，我终于买到想要的东西了。谢谢卖家。,-,-,2021-05-06
198,晚**铃,,好评,对讲机耳机用着很不错，方便，音质好 ,-,-,2021-04-28
199,石**榴,,好评,样式好质量很棒 ,-,-,2021-04-28
200,a**1,,好评,价格实惠，非常实用 ,-,-,2021-04-20
201,s**e,,好评,宝贝收到，声音清晰没有杂音，质量不错 ,-,-,2021-05-04
202,c**6,,好评,效果很好！,-,-,2021-04-29
203,青**3,,好评,好用，质量挺好,-,-,2021-04-26
204,彭**8,,好评,音质很好，很满意，建议购买 ,-,-,2021-04-25
205,心**牛,,好评,质量挺好的，使用方便，挺喜欢的 ,-,-,2021-04-24
206,楠**良,,好评,使用方便，音质清晰无杂音。 ,-,-,2021-05-05
207,t**6,,好评,对讲机耳机很好用，款式好看！ ,-,-,2021-06-19
208,n**2,,好评,质量很好，发货速度也很快，用起来效果不错，很满意。 ,-,-,2021-04-28
209,l**x,,好评,每次收到货都会试一段时间，还是一如既往的好，质量很稳定，线的材质就非常的耐用扎实，质量强硬耐拉扯，看了几家店，还是依然选择这家这款耳机，款式还是依旧简约非常耐看，使用不会卡顿之类的，对讲效果稳定清晰，非常给力 ,-,-,2021-03-30
210,c**群,,好评,宝贝非常好的，卖家服务态度很好的，快递很快的，下次还会再来买的 ,-,-,2021-04-19
211,亲**c,,好评,质量不错，做工精细。 ,-,-,2021-05-02
212,t**0,,好评,不错呢；卖家发货快 ,-,-,2021-06-26
213,t**1,,好评,质量不错，线很粗声音清晰度很好，价格优惠物流很给力 ,-,-,2021-04-24
214,l**草,,好评,效果不错，挺好的 ,-,-,2021-05-05
215,梁**娟,,好评,质量不错，非常好用 ,-,-,2021-04-16
216,t**5,,好评,还不错、很好、,-,-,2021-04-16
217,b**h,,好评,从收到到现在已经使用了一个多礼拜时间，之前一直 不敢评价，就这几天使用下来的情况来说，虽然外观 一样，亲身使用后效果跟质感还真是不一样，线材比 我们之前买的那款要柔软，防辐射，软耳塞，佩戴起 来比较舒适，总体来说比之前买的那款要好，现在可 以放心批量采购了，这次再采购100条给部门用  ,-,-,2021-03-28
218,萧**0,,好评,质量蛮好的，很满意,-,-,2021-05-01
219,t**2,,好评,此用户没有填写评价。,质量好，音效不错，无杂音。,-,2021-04-30
220,t**7,,好评,专业的耳机，质量很好，***不会像其他的会松动，而且这个卖家，发的是顺丰 一条也是 惊到我了。 质量真的很赞，音质很棒。,-,-,2021-06-26
221,天**全,,好评,质量不错，使用方便，赞,-,-,2021-05-03
222,骐**5,,好评,声音不失真，清亮有力，效果兼具，开到最大也没有杂音。细节方面也做的很好，声音非常清晰，性价比也是没得说了，佩戴也很合适，质量绝对没有问题，久戴也不会累，好评，以后会继续支持，希望店家越来越好,-,-,2021-03-30
223,蓝**女,,好评,发货很快，物流也及时，收到了，质量很好，音质很棒,-,-,2021-05-05
224,灬**艳,,好评,物流块，发货及时。款式好看，喜欢,-,-,2021-05-06
225,许**间,,好评,产品质量，客服服务态度特别好，很喜欢，好评 ,-,-,2021-04-29
226,z**l,,好评,品质挺好的，满意！,-,-,2021-04-21
227,t**6,,好评,发货很快，质量很好，使用方便,-,-,2021-06-19
228,y**1,,好评,音质很好，非常满意 ,-,-,2021-05-05
229,晶**星,,好评,发货很快，物流也及时，收到了，质量不错,-,-,2021-04-20
230,廖**红,,好评,质量很好，做工精细，卖家服务态度好,-,-,2021-04-22
231,n**e,,好评,物流很快，东西很好，质量不错,-,-,2021-04-25
232,李**5,,好评,物美价廉，值得购买。 ,-,-,2021-04-17
233,w**6,,好评,质量很好👌👌👌👌👌 ,-,-,2021-05-01
234,欢**睿,,好评,这已经是第二次购买了，这款耳机对我们这些做餐饮的来说是一种福利，这款耳机外观设计简单又精致，戴在身上看起来又好看，耳机又是柔软的，戴起来舒服，不像那些硬邦邦的耳机戴着难受，毕竟我们工作时间比较长，这款耳机真心不错 ,-,-,2021-03-30
235,m**3,,好评,买一条送一条，特别划算的一款耳机，线的长度也刚刚好，用起来特别的方便，外观简洁 超级不错的一款对讲机耳机，而且超级便宜，几块钱竟然发了两条耳机线，刚好一条可以留着备用，收到时也是非常惊喜意外 ,-,-,2021-03-31
236,t**2,,好评,质量不错，发货速度也很快,-,-,2021-04-16
237,b**8,,好评,他家的老客户，这已经是第二次购买，上一次7月份的时候买的，我之前买过另外的耳机，戴久了耳朵会疼，这个耳机呢，戴着很舒服，耳机简单很有范，是我想要的款式，本来还怕跟图片不一样，但是实物更有实感，质量方便都是很不不错的，对比很多之后才决定买这个的，不过感觉超级靠谱呀！首先要表扬一下服务态度，客服很热情，超好超棒的，有问必答，很有耐心，五星～东西确实好用，实物很好看，对讲沟通很不错，线的长度刚刚好，重点是非常舒服～好评好评，nice ,-,-,2021-03-30
238,天**5,,好评,物流很快，宝贝很好，店家人nice！好评！ ,-,-,2021-04-16
239,a**3,,好评,款耳机不错，简单大方又美观，第一次用这种耳机，不过音质还是不错的，非常清晰，质量和做工还算完美，买东西我只喜欢买品牌的，质量这一块有保障 ,-,-,2021-03-30
240,我**美,,好评,这是第几次了՞😃՞我自己都记不住了，总之买了好多次，每次换都是这个耳机😜ོ效果不错。值得推荐，效果不错🍇声音是比较清晰的，没有杂音效果特别好🫑这价位是真的不错的，而且耳机戴久了也不会胀痛🥬耳机整体看起来还蛮好看的，一点不会觉得是低档🍏给人一种很有质感的感觉，用了这么久🍆店家服务态度一直很好🍊售后也很到位🧅一直很有保障，买得很放心，祝店家生意兴隆🍑  ,-,-,2021-03-28
241,繁**幕,,好评,一直都在她家回购的耳机，我身边的同事跟朋友都是在他们家买的耳机，这款耳机真的性价比超高，而且买一发二还可以留着备用，真的很不错 ,-,-,2021-03-31
242,t**4,,好评,个人认为性价比也很高，而且戴的也觉得很轻巧，戴着确实很舒服，对于耳挂式的耳机来说，隔音效果已经给力了，物流也很快，耳机佩戴舒服，音质没有杂音，效果很好，通话对讲清晰，左右耳都可以使用，都戴得挺稳的，不容易掉落，做工也非常漂亮，好的产品就是要推荐一下，关键是带时间长也不疼，这一点是我最满意的 ,-,-,2021-06-14
243,9**佳,,好评,我们在北京买个耳机收个停车费，要命吧，天猫的隔天就到了，发的还是顺丰航空，关键质量用下来感觉也好，以前实体店购买的哎不说了，估计实体店销量少，流通不快，质量参差不齐的，值得推荐好卖家,-,-,2021-05-02
244,t**9,,好评,好用再来，耳机看材质和做工还不错，希望耐用，经常要采购的，酒店对讲机有一百多台，不要让我失望 ,-,-,2021-06-18
245,t**9,,好评,发错货拒绝退货可以可以,-,-,2021-06-18
246,晓**6,,好评,陆陆续续在本店买了几次东西，质量、服务都很好，不忽悠人，这次又在店里一次买了十只耳机，经测试，功能正常，好评！ ,-,-,2021-04-14
247,w**e,,好评,耳机确实好用，入耳式，听得清，杂音不大，空气传播哦！非常不错的一款耳机，和对讲机完美匹配，关键是价格实惠，阔以阔以  ,-,-,2021-03-27
248,1**1,,好评,此用户没有填写评价。,包装很严实，材料也很好，效果棒棒哒！,-,2021-03-29
249,风**9,,好评,耳式耳挂对讲线材质很好，款式简约精美，功能挺好，音质清晰，接收信号功率强好，美美的，实用品，工艺精细，喜欢满意！推荐购买。 好服务发货快。,-,-,2021-03-21
250,暖**子,,好评,声音不失真，清亮有力，效果兼具，开到最大也没有杂音。细节方面也做的很好，声音非常清晰,-,-,2021-04-12
251,不**年,,好评,工作需要，所以尝试买了一个，东东通话声音清晰，不磨皮肤，谢谢卖家喽！还会来哦  ,-,-,2021-04-15
252,t**4,,好评,同堂九年义务教育，卖家你咋这么优秀呢，一个耳机给我们发顺丰航空过来，肾都亏了吧。给你个好评，我都不好评的,-,-,2021-06-14
253,t**9,,好评,就想问一下卖家，都是九年义务教育出来的，你咋这么秀！！十几块耳机给我发顺丰航空！！！,-,-,2021-06-18
254,j**5,,好评,有淘友同款的接口，直接拍的就是K头 对了 就是K头，雷锋路过！！！ ,-,-,2021-05-07
255,t**5,,好评,哇咔咔，产品质量很好，真是物美价 质量还可以宝贝收到了 这个价钱能够买到真的很划算效果还是很不错的 ,-,-,2021-03-17
256,妙**化,,好评,对讲耳机小巧玲珑，声音大而清晰，连接畅通，信号强烈，隐形效果好，使用方便，用途广泛，很实用，划算！！ ,-,-,2021-04-09
257,有**d,,好评,还凑合吧，两个耳机，一个声音大，一个声音特别小，最关键的是这个耳挂不能换方向，耳机只能带在右边，卖了说可以，可有线挡着呢，我是没换成方向，干脆就把耳挂给卸了 ,-,-,2021-04-28
258,忠**活,,好评,效果功能：不错 性价比：高 外观款式：好看大方 ,-,-,2021-03-30
259,x**3,,好评,细节方面也做的很好，声音非常清晰，性价比也是没得说了，佩戴也很合适，质量绝对没有问题,-,-,2021-04-08
260,第**3,,好评,耳挂是耳机非常好用，低头也不会掉 价格便宜 真的是物美价廉,-,-,2021-04-04
261,可**2,,好评,作工精细，质量很好，戴着舒服，价格实惠,-,-,2021-03-28
262,鱼**奶,,好评,质量保证价格实惠，使用方便效果好值得好评。,-,-,2021-04-13
263,寻**e,,好评,耳机不错，简单大方又美观，第一次用这种耳机，不过音质还是不错的，非常清晰,-,-,2021-04-06
264,l**1,,好评,音质清晰降噪好，性价比高，很好用，佩戴舒适，价格也实惠 ,-,-,2021-04-03
265,紫**仏,,好评,这个耳机很好用而且商家服务态度非常好，物流也很快 价格实惠，物美价廉，以后就买他们家的,-,-,2021-03-30
266,w**6,,好评,做工很好，细节处理细腻光滑，有质感，戴着舒适柔软，音质清晰降噪好，价格也不贵 ,-,-,2021-04-03
267,小**7,,好评,还行吧，就是不能切换左右耳，有点影响正常听力，不过便宜 ,小夹子一用就坏了,-,2021-04-26
268,l**1,,好评,质量好，价格实惠，跟耳机配套，用着超级方便，奈斯 ,-,-,2021-03-29
269,t**9,,好评,耳机非常棒，比较好用，外观也非常好看，而且还买一送一太实惠了！！！！,-,-,2021-06-18
270,w**5,,好评,宝贝和介绍的一样，质感很好，用了感觉不错 ,-,-,2021-04-04
271,我**糖,,好评,对讲机耳机包装精美完好无损！音质音效佳好用不贵！,-,-,2021-04-03
272,t**4,,好评,对讲机耳机包装严实，质量很好，佩戴舒适，音质清晰 ,-,-,2021-06-14
273,康**8,,好评,耳机质量很好，做工精细，性价比很高，值得购买。 ,-,-,2021-04-11
274,彭**8,,好评,音质很好很满意，价格很优惠，建议购买 ,-,-,2021-03-22
275,原**1,,好评,挺好看的  做工精致  外观漂亮  挺满意的 ,-,-,2021-03-28
276,y**1,,好评,真心喜欢，颜色、款式都非常棒！ ,-,-,2021-04-12
277,任**婕,,好评,材质很好，佩戴起来非常舒适 ，音质也非常清晰  ,-,-,2021-03-31
278,t**4,,好评,质量非常好，做工精细，佩戴舒服，性价比 ,-,-,2021-06-14
279,美**0,,好评,长度刚好，音质也很好，很清晰，佩戴很舒服 ,-,-,2021-03-19
280,t**4,,好评,产品真的超级棒，下次还会买的，愿越做越好，非常好的购物体验,-,-,2021-06-14
281,猫**6,,好评,很好用，价格又实惠，值得购买 ,-,-,2021-04-02
282,t**1,,好评,^_^质量很好，携带方便，音质效果很好，发货速度很快,-,-,2021-04-14
283,火**8,,好评,东西收到了，质量很好，好用，西瓜！ ,-,-,2021-04-02
284,y**2,,好评,价格实惠，声音清晰，很专业,-,-,2021-03-21
285,t**4,,好评,质量很好，经济实惠，用着好用，物超所值值得购买,-,-,2021-06-14
286,混**球,,好评,"超出想象,我觉得音质非常不错,带着也比较舒服。 ",-,-,2021-03-24
287,g**8,,好评,质量很不错，发货速度也挺快的，买到很划算。 ,-,-,2021-04-12
288,男**8,,好评,这样搭配买，性价比不错，满意。 ,-,-,2021-04-05
289,风**f,,好评,宝贝已收到，质量挺好，音质很棒。 ,-,-,2021-03-27
290,红**g,,好评,很不错，物美价廉性价比蛮高的，会回购。  ,-,-,2021-04-07
291,p**c,,好评,发货速度挺快的，质量也很不错，挂式的很方便。,-,-,2021-03-25
292,王**l,,好评,质量挺好的，对讲范围广，待机时间长，物流速度也很快。 ,-,-,2021-04-13
293,t**4,,好评,声音好听，没有杂音，做工精细，手感不错。 ,-,-,2021-06-14
294,慧**7,,好评,耳机小巧玲珑，声音大而清晰，很实用,-,-,2021-04-12
295,快**开,,好评,质量真好，做工精致,-,-,2021-04-05
296,小**9,,好评,音质清晰，质量也很好，价格很划算，满意 ,-,-,2021-04-10
297,豆**8,,好评,宝贝已收到，和卖家说的一样，非常好用物流也很快值得购买👍,-,-,2021-04-13
298,y**c,,好评,我只能说一分钱一分货,-,-,2021-05-10
299,努**花,,好评,耳机好用，价格实惠,-,-,2021-03-25
300,z**5,,好评,质量很好很喜欢 ,-,-,2021-03-30
301,t**5,,好评,实用性和颜值都非常的赞，我很喜欢，还会再来买的,-,-,2021-04-11
302,t**3,,好评,东西质量非常好，很满意，物流也很快。很满意的一次购物 ,-,-,2021-06-23
303,x**8,,好评,好用，质量杠杠的,-,-,2021-04-11
304,楠**良,,好评,使用方便，音质音量清晰，非常好用 ,-,-,2021-04-05
305,t**5,,好评,质量挺不错,-,-,2021-03-31
306,文**9,,好评,包装不错。卖家发货速度。比去实体店买划算多了。满意。 ,-,-,2021-04-08
307,张**6,,好评,很好用，质量不错，性价比高，值得购买。 ,-,-,2021-03-29
308,t**6,,好评,质量很好，做工精致，音质清晰，很满意 ,-,-,2021-06-19
309,t**0,,好评,耳机收到了，质量很好，物美价廉，性价比高！,-,-,2021-06-26
310,金**念,,好评,很好 超值,-,-,2021-03-24
311,k**0,,好评,老客户了，每次买配件第一选择👍 ,-,-,2021-04-05
312,熊**h,,好评,不错不错，耳机音质不错，颜值很高 ,-,-,2021-04-13
313,往**4,,好评,精品超值！！！ ,-,-,2021-04-06
314,t**2,,好评,耳机音质很不错的，没有杂音,-,-,2021-04-08
315,我**颖,,好评,做工不错，物流挺快的，挺好 ,-,-,2021-05-07
316,任**婕,,好评,不错。戴起来没有不适感，音质很清晰，喜欢 ,-,-,2021-03-31
317,t**3,,好评,质量不错，点赞。,-,-,2021-06-23
318,t**6,,好评,质量不错，很喜欢，有需要还来,-,-,2021-06-19
319,的**他,,好评,好用，不卡耳朵 ,-,-,2021-04-02
320,琴**笔,,好评,质量好，价格便宜实在,-,-,2021-03-30
321,g**y,,好评,质量好，音质出色，佩戴舒适】,-,-,2021-04-12
322,超**陌,,好评,非常好用，质量很好 ,-,-,2021-03-24
323,梦**草,,好评,音质不错 ,-,-,2021-04-05
324,购**萌,,好评,用着挺好 ,-,-,2021-04-07
325,小**6,,好评,方便使用,-,-,2021-04-11
326,敏**强,,好评,做工精细,-,-,2021-04-12
327,j**6,,好评,耳机收到了，质量很好，音质很好，物流很快。 ,-,-,2021-04-03
328,小**3,,好评,声音清晰，没噪音，满意 ,-,-,2021-04-01
329,c**2,,好评,不错，喜欢，性价比高，以后会经常光顾 ,-,-,2021-04-04
330,l**h,,好评,耳机音质很好，性价比高 ,-,-,2021-04-04
331,来**吉,,好评,不错，挺好用的！ ,-,-,2021-03-21
332,t**8,,好评,货已收到，质量很好，很满意的,-,-,2021-06-15
333,工**舍,,好评,质量不错，快递速度快 ,-,-,2021-04-04
334,金**8,,好评,已经收到，客服态度好，快递很快,-,-,2021-04-24
335,彩**8,,好评,声音清晰，不错 ,-,-,2021-04-07
336,t**5,,好评,客服服务态度很好，快递也不赖，希望老板生意越来越好！！！,-,-,2021-04-11
337,f**3,,好评,质量好，很好用,-,-,2021-03-27
338,z**g,,好评,质量不错，好评 ,-,-,2021-04-08
339,活**懿,,好评,商品很好，发货也很快，很好的店家，值得信赖！,-,-,2021-04-03
340,星**j,,好评,收到了，挺好的，满意,-,-,2021-04-05
341,l**使,,好评,之前在其它家买过，不能用，擦上根本不好使，这回买这个好用，跟我之前原厂的差不多 ,-,-,2021-04-18
342,雨**0,,好评,外观挺好的，线够长，做工精细，物流也挺快，当天有一个坏的，客服立刻就给邮寄了一条新的，而且1年内免费换新，真心挺好。 ,-,-,2021-03-30
343,注**郁,,好评,做工精细，音质清晰，挺好用的！祝卖家生意兴隆！ ,-,-,2021-03-05
344,陈**仁,,好评,耳机太好用了，经济实惠，店里人都在用，不错！好用 ,-,-,2021-03-04
345,t**5,,好评,这一套配置真的不错，质量很好，材料柔软耐用，设计巧妙声音清晰！最重要的是比实体店卖的便宜多了！非常满意！ ,-,-,2021-03-06
346,钻**a,,好评,使用方便，戴着稳固，不会掉下来，音质清晰，整体效果符合预期。 ,-,-,2021-02-10
347,t**8,,好评,耳机跟图片相符，听得也清晰，说出来的话也是清清楚楚的，很好，而且还特意推荐给同事 ,-,-,2021-06-15
348,利**芳,,好评,挂耳式的对讲机方便实用，质量也不错，性价比超高，很满意。,-,-,2021-03-11
349,飘**8,,好评,耳机质量可以，带着非常舒服 很实用，也比较方便,-,-,2021-03-08
350,j**3,,好评,耳机收到了，质量不错，外观很漂亮，戴上很舒服。 ,-,-,2021-03-05
351,彭**8,,好评,音质很好，很满意，价格很优惠，建议大家购买 ,-,-,2021-03-02
352,幸**久,,好评,宝贝收到了，物流挺快的，搭配套餐非常实用合适，良心卖家，好评哦！ ,-,-,2021-02-28
353,t**1,,好评,这个产品和它价位相比来说，还是很合适的 ,-,-,2021-02-25
354,t**6,,好评,耳机很好用，外观设计很不错。戴上很方便 ,-,-,2021-06-19
355,龙**2,,好评,待机时间长，效果很好，声音清晰，物流给力。 ,-,-,2021-03-01
356,秀**民,,好评,对讲耳机原声音质呈现，对讲很方便，外型美观，性价比高！ ,-,-,2021-02-27
357,t**7,,好评,对讲机耳机配件收到了，包装很好，质量很好。,-,-,2021-06-26
358,8**8,,好评,第一次买他家，不知道能不能用的时间长些 ,-,-,2021-04-12
359,t**5,,好评,耳机佩戴舒适，音质清晰，续航能力强。 ,-,-,2021-03-07
360,t**2,,好评,拍一发二 真好质量很好，客服态度也特好，会再次光顾的，物流非常快 ,-,-,2021-03-11
361,为**0,,好评,一般般，不好用 ,-,-,2021-04-15
362,t**6,,好评,对讲机不错，无噪音！音质音效佳,-,-,2021-06-19
363,s**e,,好评,耳机收到，声音清晰没有杂音 ,-,-,2021-04-03
364,y**8,,好评,物流速度很快，质量很好很满意。,-,-,2021-03-17
365,d**4,,好评,套餐入手很划算，质量很好，服务态度好。 ,-,-,2021-03-16
366,泛**8,,好评,听起来很方便，音质很好！ ,-,-,2021-02-09
367,妹**0,,好评,很精致，质量非常好，很满意的一次购物。谢谢店家！ ,-,-,2021-02-26
368,悠**3,,好评,真心不错非常好用 ,-,-,2021-03-02
369,心**h,,好评,质量上乘物有所值。 ,-,-,2021-03-12
370,爱**猫,,好评,发货很快，质量也特别的好，音质不错 ,-,-,2021-02-24
371,三**轩,,好评,戴上很合适，声音很好听清晰，满意,-,-,2021-03-08
372,t**7,,好评,质量不错，声音清晰,-,-,2021-06-26
373,山**1,,好评,宝贝收到，还不错！ ,-,-,2021-04-07
374,小**鬼,,好评,非常好，买值了,-,-,2021-03-03
375,小**y,,好评,卖家发货很快，价格实惠，满意 ,-,-,2021-02-28
376,皆**叫,,好评,机器到了，快递很快 客服也很耐心解答调频,-,-,2021-03-16
377,蓝**焰,,好评,质量很好，物流也很快。 ,-,-,2021-04-11
378,万**城,,好评,整体评价：好看， 效果功能：声音大，清楚 性价比：可以 使用体验：好 外观款式：可以 做工材质：好 ,-,-,2021-01-18
379,w**5,,好评,产品包装精致美观大气，目前用着非常不错，真实评价，希望可以帮到集美们 ,-,-,2021-02-06
380,t**9,,好评,宝贝收到了，质量也很好，跟图片上的一模一样，没有什么杂音，值得拥有,-,-,2021-06-18
381,t**3,,好评,耳机音质效果真的很不错，价格又实惠，值得推荐购买,-,-,2021-06-23
382,t**3,,好评,宝贝和介绍的一样，质感很好，功能强大，用了感觉不错 ,-,-,2021-06-23
383,t**2,,好评,效果很好，声音很清晰。性价比很高。 ,-,-,2021-01-25
384,t**7,,好评,货收到，实物和图片一样！,-,-,2021-06-26
385,t**7,,好评,使用体验：耳机的质量差。  声音有点杂。 ,-,-,2021-06-26
386,m**8,,好评,里面有两个是坏的…其他的还好 ,-,-,2021-03-06
387,t**5,,好评,卖家发货很快就收到了，配件质量不错,-,-,2021-01-10
388,微**1,,好评,店里推荐这样搭配购买的，很不错 ,-,-,2021-01-17
389,t**2,,好评,特别满意，好评必须好评,-,-,2021-01-10
390,t**3,,好评,物美价廉，质量很好，真心不错,-,-,2021-06-23
391,零**下,,好评,完全不能用,-,-,2021-03-16
392,z**k,,好评,声音大，戴的舒服。 ,-,-,2021-02-04
393,l**3,,好评,很不错，戴的很稳很舒服，音质很好，很满意 ,-,-,2021-02-05
394,s**6,,好评,使用体验：一般般，买一送一，两只都只能戴右耳 ,-,-,2021-03-03
395,一**濠,,好评,质量非常好，与卖家描述的完全一致，完全超出期望值，包装非常仔细，很满意的一次购物,-,-,2021-06-28
396,t**3,,好评,这是第二次买了，非常好用而且实惠不贵，买了10条耳机线，店家还送2条，物流很快，两天就到了，值得拥有哦。 ,-,-,2021-06-23
397,w**8,,好评,很适配对讲机  音质很清晰 质量很好  一条耳机发的也是顺丰 好卖家,-,-,2021-06-28
398,t**5,,好评,带着不会耳朵疼 但是可惜那个勾环不能转 只能带右耳 大家要注意了🙃🙃 ,-,-,2021-06-29
399,雅**8,,好评,耳机很适配我家的几款对讲机  很好用 质量很好  ,赞,-,2021-06-28
400,于**8,,好评,质量很不错，做工精细，蛮不错的。,-,-,2021-06-28
401,花**钱,,好评,耳机一收到就来评价  质量很好  同事用了也都是赞   ,-,-,2021-06-28
402,t**7,,好评,此用户没有填写评价。,耳机质量很好，佩戴很柔软  发货很快  还是发顺丰哈哈哈,-,2021-06-26
403,l**2,,好评,试用几天了，效果很好，饭店1000平方楼上楼下通话非常清晰，比以前大的对讲机使用方便好太多了，更远距离还没试，上班用到下班都还有电 ,-,-,2021-06-17
404,鹏**l,,好评,一次性购25台，试用几天了，效果很好，饭店1000平方楼上楼下通话非常清晰，比以前大的对讲机使用方便好太多了，更远距离还没试，上班用到下班都还有电 ,-,-,2021-06-10
405,张**9,,好评,对讲机这个耳挂式的，非常实惠，而且还买一送一，真不错！,-,-,2021-04-03
406,t**4,,好评,整体评价：我们也是买对讲机的，耳机都是这里进过来销售的，对讲机也是。这里的是真的质量好，帮我锁住很多好客户。一条十几块的耳机也发顺丰航空 给你们点赞 ,-,-,2021-06-14
407,忘**8,,好评,非常好，试了一下，带上非常轻巧，甩来甩去也丝毫没有重量，买了很多蓝牙耳机了，只有这个是真正不掉的，推荐大家购买 ,-,-,2021-06-18
408,t**7,,好评,好........,-,-,2021-06-26
409,t**3,,好评,物流发快快，非常好看，声音轻很满意。，非常好看，声音轻很满意。,-,-,2021-06-23
410,1**p,,好评,好评！！！！,-,-,2021-04-06
411,木**0,,好评,非常好,-,-,2021-02-02
412,新**0,,好评,OK  ,-,-,2021-03-20
413,薛**广,,好评,正品 ,-,-,2021-05-02
414,t**3,,好评,好  ,-,-,2021-06-23
415,赵**雨,,好评,此用户没有填写评价。,是正品,-,2021-04-25
416,王**l,,好评,好评 ,-,-,2021-05-08
417,f**2,,好评,质量好,-,-,2021-04-14
418,t**7,,好评,挺好,-,-,2021-06-26
419,z**9,,好评,此用户没有填写评价。,1,-,2021-05-10
420,t**7,,好评,好用,-,-,2021-06-26
421,t**3,,好评,好 ,-,-,2021-06-23
422,t**6,,好评,满意,-,-,2021-06-19
423,谦**哎,,好评,挺好的,-,-,2021-02-26
424,小**7,,好评,很喜欢,-,-,2021-04-03
425,需**9,,好评,满意 ,-,-,2021-05-01
426,刘**富,,好评,不错！,-,-,2021-03-12
427,1**u,,好评,我收到宝贝后非常满意，宝贝物美价廉，性价比高。这次购物物流迅速，服务热情。我以后还要光顾这家店，还介绍我的亲戚、朋友、邻居、同事等也来光顾这家店。赞一个！ ,-,-,2021-04-26
428,原**g,,好评,对讲机质量很好，做工精细，音质清晰，信号稳定，反应灵敏，待机时间长，大小合适，携带方便，很满意。很好,-,-,2021-04-12
429,火**6,,好评,效果很好,-,-,2021-04-14
430,f**2,,好评,很好用,-,-,2021-05-02
431,活**懿,,好评,耳机质量非常好，与卖家描述的完全一致，非常满意，完全超出期望值，发货速度非常快，包装非常仔细、严实，很满意的一次购物。,-,-,2021-03-05
432,暖**子,,好评,质量非常好，远距离对讲声音清晰效果很好，无杂音，待机时间长,-,-,2021-03-05
433,t**9,,好评,质量很好，做工精细，用起来很方便，很实用，满意 ,-,-,2021-06-18
434,t**0,,好评,宝贝已收到，超级喜欢，颜值高又实用，超级喜欢！❥❥❥,-,-,2021-06-26
435,现**o,,好评,货收到啦，使用效果很好，通话语音无杂质，很清晰，使用很方便，满意,-,-,2021-04-04
436,t**5,,好评,价格非常的美丽，东西还是不错的，会继续回购！全五分！奈斯奈斯～,-,-,2021-04-13
437,林**7,,好评,发货快，包装严实，是我想要的，好评好评,-,-,2021-04-10
438,姚**3,,好评,做工精细，材质厚实，质量好，音质音效好，非常好用，性价比高，值得推荐 ,-,-,2021-03-31
439,t**0,,好评,特别好看，使用方便，链接特快，做工精细，声音清晰，物美价廉。服务态度好！,-,-,2021-06-26
440,开**生,,好评,高颜值，高品质，非常好，材质外观和质量一看就很上档次，非常喜欢 ,-,-,2021-06-21
441,胡**玲,,好评,耳机挺好的 就喜欢这种简单的 好看 音质也挺好的 耳机线很结实并且也不会脏不会打结，佩戴舒适。性价比高其实也没那么一般 ,-,-,2021-06-17
442,a**3,,好评,今天使用了后来评价，声音清晰，耳朵不痛，很舒服，物美价廉。比以前采购的好多了。客服热情给我介绍。感谢了。 ,-,-,2021-06-23
443,h**u,,好评,耳机质量很好，做工精细，音质清晰，佩戴舒服，大小合适，携带方便，很满意。,-,-,2021-04-09
444,7**2,,好评,对讲机耳机线收到了 音质很好 价格实惠 继续关注这家店 服务态度很好   耳机精致，服务态度好，值得拥有，需要的亲赶紧下单了,-,-,2021-03-30
445,吴**4,,好评,好,-,-,2021-06-21
446,t**7,,好评,此用户没有填写评价。,"好耳机 完美适配我们家对讲机  完全没有杂音,🐆没有漏音,音质很好的。客服态度热情细心细节   发货速度也很快 满足临时需要",-,2021-06-26
447,s**9,,好评,耳机收到了，物流到货很快，做工质量很好，音质清晰，描述一致，推荐购买使用。,-,-,2021-03-21
448,余**1,,好评,此用户没有填写评价。,-,-,2021-04-18
449,婧**兵,,好评,好用 ,-,-,2021-05-10
450,快**u,,好评,好用 ,-,-,2021-04-11
451,小**9,,好评,此用户没有填写评价。,-,-,2021-06-26
452,封**颜,,好评,宝贝已收到🎈，超级喜欢，颜值高又实用，超级喜欢！❥❥❥ ,-,-,2021-04-27
453,h**0,,好评,质量很好，非常满意,-,-,2021-04-17
454,余**1,,好评,此用户没有填写评价。,-,-,2021-04-07
455,李**9,,好评,很满意 不错 宝贝真的很好 是正品 第二次来了 一直买这家 赞 服务态度也很好的 赞质量挺好的,-,-,2021-05-03
456,1**u,,好评,我收到宝贝后非常满意，宝贝物美价廉，性价比高。这次购物物流迅速，服务热情。我以后还要光顾这家店，还介绍我的亲戚、朋友、邻居、同事等也来光顾这家店。赞一个！ ,-,-,2021-05-05
457,z**5,,好评,此用户没有填写评价。,-,-,2021-02-17
458,x**0,,好评,专业的耳机，质量很好，***不会像其他的会松动，而且这个卖家，发的是顺丰 一条也是 惊到我了。 质量真的很赞，音质很棒。 ,-,-,2021-05-07
459,w**0,,好评,点赞喔，非常可爱的耳机线，客服也很有耐心 ,-,-,2021-03-09
460,林**7,,好评,发货快，包装严实，是我想要的，好评好评,-,-,2021-04-10
461,n**2,,好评,发货很快，包装的很好，价格也特别实惠，还有这么多功效也是不错了，值得购买 ,-,-,2021-06-04
462,t**4,,好评,价格很优惠 服务也很好  东西不错   质量好  实用  给好评,-,-,2021-06-14
463,h**0,,好评,质量很好，非常满意,-,-,2021-04-03
464,d**宇,,好评,好用 ,耳机小巧玲珑携带很方便 挺不错 而且声音很大声很清楚 远距离使用也没有断线的情况 比传统对讲机方便多了。再也不用担心距离问题,-,2021-06-13
465,t**4,,好评,此用户没有填写评价。,好评,-,2021-06-14
466,l**6,,好评,质量很不错，做工精细，材料好，音质清晰，价格实惠 ,-,-,2021-06-16
467,火**6,,好评,效果很好,-,-,2021-04-14
468,j**尚,,好评,价格很便宜，质量很好，性价比比较高，老顾客了，卖家服务态度很好，有问题即时解决～ ,-,-,2021-04-08
469,人**手,,好评,之前一直都说要买一个对讲机，晚上店里太多人了，喊的太辛苦了才买的，收到之后体验感很好，主要是耳挂软胶的，戴起来不会疼耳朵，很舒服，方便了干活，我们店里使用完全够了，传话很清晰，老板的对讲机品质很好，客服人也不错，好评  ,-,-,2021-06-08
470,人**手,,好评,佩戴很舒服，质量很好，，，音效也很棒 给商家点赞 ,-,-,2021-04-26
471,淘**姐,,好评,质量非常好，远距离对讲声音清晰效果很好，无杂音，待机时间长,-,-,2021-04-09
472,南**c,,好评,"用了这款对讲机以后方便多了,声音真的是很大声还没有杂音，我们工作非常方便,这款对讲机做工很好，外观也是非常漂亮.很符合我们的审美  ",好,-,2021-06-23
473,n**8,,好评,好评,-,-,2021-05-18
474,t**4,,好评,产品质量非常好，使用方便，物流也很快，非常满意！,-,-,2021-06-14
475,g**6,,好评,耳机质量很好，做工精细，佩戴舒适，音质清晰，体验很棒。满意 ,-,-,2021-04-12
476,指**盘,,好评,对讲机耳机配件齐全，使用方便，外观设计漂亮，音质清晰，音质好，携带方便。 ,-,-,2021-04-03
477,f**1,,好评,很好用,-,-,2021-04-15
478,t**2,,好评,宝贝收到，物流很快，音质很好，质量很好，做工精致，好评。 ,-,-,2021-04-30
479,x**0,,好评,专业的耳机，质量很好，***不会像其他的会松动，而且这个卖家，发的是顺丰 一条也是 惊到我了。 质量真的很赞，音质很棒。 ,-,-,2021-05-07
480,窦**呀,,好评,在这里选购安全方便快捷💜，快递小哥态度非常好，这个价格非常给力💪，十分推荐，会继续回购,-,-,2021-04-24
481,x**3,,好评,价格便宜，推荐大家购买，物流很快。服务态度很好，五星好评，很喜欢，一次愉快的购物！,-,-,2021-03-06
482,b**首,,好评,此用户没有填写评价。,-,-,2021-04-05
483,孔**6,,好评,对讲耳机收到了，质量很好，做工精细，款式新颖，价格便宜，物流速度快，物美价廉值得推荐值得购买 ,-,-,2021-03-19
484,p**2,,好评,不得不赞，质量真的好，包装物流也不错。真心喜欢，入手后不会让你后悔的！ ,-,-,2021-04-19
485,a**3,,好评,今天使用了后来评价，声音清晰，耳朵不痛，很舒服，物美价廉。比以前采购的好多了。客服热情给我介绍。感谢了。 ,-,-,2021-06-23
486,t**9,,好评,价格非常的美丽，东西还是不错的，会继续回购！全五分！奈斯奈斯～,-,-,2021-06-18
487,t**3,,好评,不错，朋友介绍来的，质量信得过，用着放心，喜欢的一款，满意，会回购的。 ,-,-,2021-06-23
488,t**8,,好评,此用户没有填写评价。,-,-,2021-06-15
489,y**h,,好评,外观干净漂亮，做工很不错，没发现什么瑕疵，个人感觉大小也挺合适，找了很久选的这款，大爱！ ,-,-,2021-04-19
490,w**0,,好评,点赞喔，非常可爱的耳机线，客服也很有耐心 ,-,-,2021-03-09
491,t**9,,好评,挺好的，非常不错，外观很漂亮，没想到发货这么给力。真的满意很好，不错的一次购物体验 ,-,-,2021-06-18
492,t**6,,好评,正品店铺，放心购买，客服态度也很OK，整个购物过程非常顺利！下次还会再来的！赞！ ,-,-,2021-06-19
493,勇**钱,,好评,很漂亮 效果很好 很满意 质量很好 做工很不错 物流也很给力 ,-,-,2021-04-17
494,y**8,,好评,耳机保护的非常好，包装精美、密闭空间包装，接口处用塑料橡胶保护 总体来说，购买体验不错！ 声音挺清晰的。挺精致的，包装很完整，手感也很好。耳机佩戴舒适。性价比高非常好，佩戴舒适。性价比高也可以通话方面都很清楚，佩戴不会掉落。挺满意的。买的很划算的一款宝贝。,-,-,2021-06-13
495,媛**福,,好评,耳机收到了，物流到货很快，做工质量很好，音质清晰，描述一致，推荐购买使用。 ,-,-,2021-02-26
496,f**3,,好评,很好用,-,-,2021-04-17
497,t**6,,好评,我们数字对讲机用的很好用不啸叫，这款耳机质量很好，音质也很赞,我们数字对讲机用的很好用不啸叫，这款耳机质量很好，音质也很赞,-,2021-06-19
498,立**丽,,好评,质量很好，和描述一致，正品，性价比高，值得推荐。 ,-,-,2021-04-22
499,脚**风,,好评,特别特别棒，货比三家才买的，店主人很好，回答问题很有耐心，也很详细，有需要还会再来的 ,-,-,2021-02-27
500,t**9,,好评,挺好的，非常不错，外观很漂亮，没想到发货这么给力。真的满意很好，不错的一次购物体验 ,-,-,2021-06-18
501,臻**福,,好评,正品，质量好，价格低，性比价高，物美价廉，物有所值，朋友看了都说好。客服服务热情都到。物流很给力 ,正品，质量好，价格低，性比价高，物美价廉，物有所值，朋友看了都说好。客服服务热情都到。物流很给力,-,2021-06-13
502,曹**胜,,好评,此用户没有填写评价。,-,-,2021-06-10
503,霍**鹏,,好评,正品，棒棒哒，价格很优惠，总而言之挺好的，还会再买,-,-,2021-05-07
504,t**7,,好评,此用户没有填写评价。,"好耳机 完美适配我们家对讲机  完全没有杂音,🐆没有漏音,音质很好的。客服态度热情细心细节   发货速度也很快 满足临时需要",-,2021-06-26
505,小**7,,好评,好用  物美价廉   会回购的,-,-,2021-03-28
506,都**9,,好评,神奇的耳机，摔了两次之后就这样了，但是居然还可以用 也没有损坏 外观材质：果然价格和质量是成正比的 这个是我在一个月之内第二次购买了 ,-,-,2021-06-16
507,s**0,,好评,对讲机收到试下可以用，中间隔了楼层，在房间内使用，声音都还很清晰，隔楼层使用穿透力强，信号稳定，距离挺远的，通话也很方便，很容易操作简单 ,-,-,2021-02-28
508,h**u,,好评,对讲机质量很好，做工精细，音质清晰，信号稳定，反应灵敏，待机时间长，大小合适，携带方便，很满意。很好,-,-,2021-04-28
509,z**8,,好评,好评,-,-,2021-04-28
510,t**6,,好评,产品质量非常好，使用方便，物流也很快，非常满意！,-,-,2021-06-19
511,带**9,,好评,宝贝收到了，和描述的一样，很满意的一次购物，非常棒，快递服务态度也很好(✪▽✪)下次需要还会再来光顾的。 ,-,-,2021-04-01
512,t**1,,好评,外观设计漂亮，尺寸大小合适，包装仔细完整，宝贝手感不错，感觉很好，发货速度快，服务态度一流，给力！5星好评！真的好喜欢，客服态度也挺好的，值！以后有需要还会来买物超所值，话不多说，这四个字已经说明了一切包装很好，颜值不错，质量也没有问题,-,-,2021-04-18
513,t**2,,好评,很不错，质量挺好的 很满意 是正品 推荐购买 家人很喜欢 赞 下次再来 服务态度也很好 很满意,-,-,2021-06-19
514,嫣**李,,好评,前几天买的，收到货。用了一天感觉满满的幸福感，语音非常清晰，线的长度刚好。做工也非常经细，下次还会继续光顾。 ,好,-,2021-04-14
515,t**9,,好评,挺好的，非常不错，外观很漂亮，没想到发货这么给力。真的满意很好，不错的一次购物体验 ,-,-,2021-06-18
516,真**3,,好评,此用户没有填写评价。,-,-,2021-03-25
517,我**a,,好评,此用户没有填写评价。,-,-,2021-03-31
518,t**4,,好评,此用户没有填写评价。,-,-,2021-06-14
519,z**7,,好评,此用户没有填写评价。,-,-,2021-04-16
520,a**天,,好评,此用户没有填写评价。,-,-,2021-04-10
521,z**3,,好评,此用户没有填写评价。,-,-,2021-04-23
522,s**琳,,好评,此用户没有填写评价。,-,-,2021-06-11
523,欲**烟,,好评,此用户没有填写评价。,-,-,2021-04-10
524,t**3,,好评,此用户没有填写评价。,-,-,2021-06-23
525,风**有,,好评,此用户没有填写评价。,-,-,2021-03-26
526,o**y,,好评,此用户没有填写评价。,-,-,2021-04-05
527,黄**地,,好评,此用户没有填写评价。,-,-,2021-01-19
528,t**3,,好评,此用户没有填写评价。,-,-,2021-06-23
529,鬼**军,,好评,此用户没有填写评价。,-,-,2021-01-15
530,z**4,,好评,此用户没有填写评价。,-,-,2021-04-07
531,t**4,,好评,此用户没有填写评价。,-,-,2021-06-14
532,r**x,,好评,此用户没有填写评价。,-,-,2021-01-04
533,t**2,,好评,此用户没有填写评价。,-,-,2021-04-21
534,闵**四,,好评,此用户没有填写评价。,-,-,2021-04-11
535,紫**会,,好评,此用户没有填写评价。,-,-,2021-06-14
536,y**8,,好评,此用户没有填写评价。,-,-,2021-04-03
537,t**1,,好评,此用户没有填写评价。,-,-,2021-05-05
538,t**5,,好评,此用户没有填写评价。,-,-,2021-04-28
539,许**间,,好评,此用户没有填写评价。,-,-,2021-01-12
540,t**7,,好评,此用户没有填写评价。,-,-,2021-06-26
541,2**i,,好评,此用户没有填写评价。,-,-,2021-04-08
542,i**y,,好评,此用户没有填写评价。,-,-,2021-03-12
543,t**9,,好评,此用户没有填写评价。,-,-,2021-06-18
544,m**7,,好评,此用户没有填写评价。,-,-,2021-06-23
545,南**号,,好评,此用户没有填写评价。,-,-,2021-03-23
546,小**2,,好评,此用户没有填写评价。,-,-,2021-02-05
547,是**样,,好评,此用户没有填写评价。,-,-,2021-02-07
548,w**0,,好评,此用户没有填写评价。,-,-,2021-02-18
549,t**6,,好评,此用户没有填写评价。,-,-,2021-06-19
550,c**6,,好评,此用户没有填写评价。,-,-,2021-04-10
551,x**3,,好评,此用户没有填写评价。,-,-,2021-02-25
552,t**4,,好评,此用户没有填写评价。,-,-,2021-06-14
553,t**1,,好评,此用户没有填写评价。,-,-,2021-06-11
554,简**凤,,好评,此用户没有填写评价。,-,-,2021-04-06
555,黄**9,,好评,此用户没有填写评价。,-,-,2021-06-18
556,独**线,,好评,此用户没有填写评价。,-,-,2021-03-01
557,尘**宝,,好评,此用户没有填写评价。,-,-,2021-04-08
558,我**皮,,好评,此用户没有填写评价。,-,-,2021-03-22
559,t**1,,好评,此用户没有填写评价。,-,-,2021-01-07
560,c**2,,好评,此用户没有填写评价。,-,-,2021-03-30
561,柠**5,,好评,此用户没有填写评价。,-,-,2021-02-25
562,乐**0,,好评,此用户没有填写评价。,-,-,2021-03-10
563,l**丶,,好评,此用户没有填写评价。,-,-,2021-03-15
564,d**v,,好评,此用户没有填写评价。,-,-,2021-05-13
565,超**哥,,好评,此用户没有填写评价。,-,-,2021-04-09
566,t**4,,好评,此用户没有填写评价。,-,-,2021-06-14
567,t**5,,好评,此用户没有填写评价。,-,-,2021-03-09
568,a**贝,,好评,此用户没有填写评价。,-,-,2021-04-18
569,t**9,,好评,此用户没有填写评价。,-,-,2021-06-18
570,张**9,,好评,此用户没有填写评价。,-,-,2021-04-07
571,t**7,,好评,此用户没有填写评价。,-,-,2021-06-26
572,a**秋,,好评,此用户没有填写评价。,-,-,2021-06-18
573,t**3,,好评,此用户没有填写评价。,-,-,2021-06-23
574,t**2,,好评,此用户没有填写评价。,-,-,2021-04-04
575,戒**吧,,好评,此用户没有填写评价。,-,-,2021-04-20
576,t**0,,好评,此用户没有填写评价。,-,-,2021-06-26
577,尹**5,,好评,此用户没有填写评价。,-,-,2021-04-19
578,妹**0,,好评,此用户没有填写评价。,-,-,2021-04-05
579,t**2,,好评,此用户没有填写评价。,-,-,2021-03-27
580,陌**3,,好评,此用户没有填写评价。,-,-,2021-03-25
581,d**o,,好评,此用户没有填写评价。,-,-,2021-03-08
582,k**1,,好评,此用户没有填写评价。,-,-,2021-04-14
583,戴**贵,,好评,此用户没有填写评价。,-,-,2021-03-28
584,t**1,,好评,此用户没有填写评价。,-,-,2021-04-05
585,p**g,,好评,此用户没有填写评价。,-,-,2021-04-20
586,t**7,,好评,此用户没有填写评价。,-,-,2021-06-26
587,t**5,,好评,此用户没有填写评价。,-,-,2021-04-13
588,小**瑰,,好评,此用户没有填写评价。,-,-,2021-05-02
589,0**见,,好评,此用户没有填写评价。,-,-,2021-04-17
590,说**行,,好评,此用户没有填写评价。,-,-,2021-04-11
591,h**d,,好评,此用户没有填写评价。,-,-,2021-03-29
592,王**刚,,好评,此用户没有填写评价。,-,-,2021-04-01
593,t**6,,好评,此用户没有填写评价。,-,-,2021-06-19
594,嘿**水,,好评,此用户没有填写评价。,-,-,2021-04-28
595,白**座,,好评,此用户没有填写评价。,-,-,2021-04-20
596,谌**c,,好评,此用户没有填写评价。,-,-,2021-01-14
597,t**8,,好评,此用户没有填写评价。,-,-,2021-06-15
598,王**使,,好评,此用户没有填写评价。,-,-,2021-04-04
599,t**7,,好评,此用户没有填写评价。,-,-,2021-06-26
600,t**3,,好评,此用户没有填写评价。,-,-,2021-06-23
601,t**6,,好评,此用户没有填写评价。,-,-,2021-06-19
602,买**8,,好评,此用户没有填写评价。,-,-,2021-04-24
603,t**7,,好评,此用户没有填写评价。,-,-,2021-06-26
604,f**儿,,好评,此用户没有填写评价。,-,-,2021-04-18
605,h**i,,好评,此用户没有填写评价。,-,-,2021-03-29
606,t**0,,好评,此用户没有填写评价。,-,-,2021-06-26
607,兰**曲,,好评,此用户没有填写评价。,-,-,2021-03-13
608,h**9,,好评,此用户没有填写评价。,-,-,2021-03-13
609,t**7,,好评,此用户没有填写评价。,-,-,2021-06-26
610,释**颖,,好评,此用户没有填写评价。,-,-,2021-04-15
611,t**6,,好评,此用户没有填写评价。,-,-,2021-06-19
612,臬**虔,,好评,此用户没有填写评价。,-,-,2021-04-21
613,香**3,,好评,此用户没有填写评价。,-,-,2021-04-07
614,独**2,,好评,此用户没有填写评价。,-,-,2021-03-20
615,a**2,,好评,此用户没有填写评价。,-,-,2021-06-17
616,t**1,,好评,此用户没有填写评价。,-,-,2021-03-18
617,徐**0,,好评,此用户没有填写评价。,-,-,2021-03-26
618,t**5,,好评,此用户没有填写评价。,-,-,2021-04-12
619,t**7,,好评,此用户没有填写评价。,-,-,2021-06-26
620,买**8,,好评,此用户没有填写评价。,-,-,2021-04-01
621,z**4,,好评,此用户没有填写评价。,-,-,2021-05-11
622,t**2,,好评,此用户没有填写评价。,-,-,2021-01-12
623,t**8,,好评,此用户没有填写评价。,-,-,2021-06-15
624,t**9,,好评,此用户没有填写评价。,-,-,2021-06-18
625,t**3,,好评,此用户没有填写评价。,-,-,2021-06-23
626,墨**i,,好评,此用户没有填写评价。,-,-,2021-03-26
627,t**4,,好评,此用户没有填写评价。,-,-,2021-06-14
628,l**k,,好评,此用户没有填写评价。,-,-,2021-03-05
629,野**y,,好评,此用户没有填写评价。,-,-,2021-03-05
630,t**6,,好评,此用户没有填写评价。,-,-,2021-06-19
631,t**3,,好评,此用户没有填写评价。,-,-,2021-06-23
632,y**5,,好评,此用户没有填写评价。,-,-,2021-06-25
633,j**b,,好评,此用户没有填写评价。,-,-,2021-04-04
634,微**4,,好评,此用户没有填写评价。,-,-,2021-02-25
635,l**1,,好评,此用户没有填写评价。,-,-,2021-06-12
636,t**5,,好评,此用户没有填写评价。,-,-,2021-04-14
637,t**8,,好评,此用户没有填写评价。,-,-,2021-06-15
638,吉**3,,好评,此用户没有填写评价。,-,-,2021-02-26
639,t**8,,好评,此用户没有填写评价。,-,-,2021-06-15
640,t**2,,好评,此用户没有填写评价。,-,-,2021-03-26
641,冷**0,,好评,此用户没有填写评价。,-,-,2021-04-08
642,t**6,,好评,此用户没有填写评价。,-,-,2021-06-19
643,t**7,,好评,此用户没有填写评价。,-,-,2021-06-26
644,缪**y,,好评,此用户没有填写评价。,-,-,2021-03-26
645,关**4,,好评,此用户没有填写评价。,-,-,2021-04-17
646,淡**诺,,好评,此用户没有填写评价。,-,-,2021-05-20
647,t**4,,好评,此用户没有填写评价。,-,-,2021-06-14
648,3**瑞,,好评,此用户没有填写评价。,-,-,2021-03-05
649,我**的,,好评,此用户没有填写评价。,-,-,2021-06-19
650,w**8,,好评,此用户没有填写评价。,-,-,2021-04-02
651,贝**2,,好评,此用户没有填写评价。,-,-,2021-04-30
652,c**1,,好评,此用户没有填写评价。,-,-,2021-04-29
653,t**5,,好评,此用户没有填写评价。,-,-,2021-04-23
654,t**2,,好评,此用户没有填写评价。,-,-,2021-04-27
655,t**7,,好评,此用户没有填写评价。,-,-,2021-06-26
656,t**2,,好评,此用户没有填写评价。,-,-,2021-01-11
657,网**梦,,好评,此用户没有填写评价。,-,-,2021-04-04
658,t**1,,好评,此用户没有填写评价。,-,-,2021-03-09
659,畅**8,,好评,此用户没有填写评价。,-,-,2021-05-04
660,t**2,,好评,此用户没有填写评价。,-,-,2021-03-05
661,腊**锐,,好评,此用户没有填写评价。,-,-,2021-03-05
662,t**5,,好评,此用户没有填写评价。,-,-,2021-03-04
663,t**2,,好评,此用户没有填写评价。,-,-,2021-03-27
664,袁**0,,好评,此用户没有填写评价。,-,-,2021-04-03
665,7**艳,,好评,此用户没有填写评价。,-,-,2021-04-28
666,b**6,,好评,此用户没有填写评价。,-,-,2021-03-18
667,t**5,,好评,此用户没有填写评价。,-,-,2021-04-10
668,苏**5,,好评,此用户没有填写评价。,-,-,2021-05-11
669,金**8,,好评,此用户没有填写评价。,-,-,2021-03-21
670,快**3,,好评,此用户没有填写评价。,-,-,2021-04-03
671,t**4,,好评,此用户没有填写评价。,-,-,2021-06-14
672,f**3,,好评,此用户没有填写评价。,-,-,2021-06-13
673,凤**3,,好评,此用户没有填写评价。,-,-,2021-03-23
674,万**6,,好评,此用户没有填写评价。,-,-,2021-06-24
675,卜**花,,好评,此用户没有填写评价。,-,-,2021-04-20
676,小**6,,好评,此用户没有填写评价。,-,-,2021-04-28
677,t**0,,好评,此用户没有填写评价。,-,-,2021-06-26
678,l**g,,好评,此用户没有填写评价。,-,-,2021-03-09
679,t**8,,好评,此用户没有填写评价。,-,-,2021-06-15
680,d**5,,好评,此用户没有填写评价。,-,-,2021-03-03
681,t**5,,好评,此用户没有填写评价。,-,-,2021-05-14
682,掉**牙,,好评,此用户没有填写评价。,-,-,2021-06-14
683,v**6,,好评,此用户没有填写评价。,-,-,2021-04-26
684,f**z,,好评,此用户没有填写评价。,-,-,2021-04-07
685,t**7,,好评,此用户没有填写评价。,-,-,2021-06-26
686,黄**9,,好评,此用户没有填写评价。,-,-,2021-06-18
687,你**2,,好评,此用户没有填写评价。,-,-,2021-06-16
688,t**5,,好评,此用户没有填写评价。,-,-,2021-05-23
689,我**心,,好评,此用户没有填写评价。,-,-,2021-04-27
690,情**1,,好评,此用户没有填写评价。,-,-,2021-04-13
691,m**3,,好评,此用户没有填写评价。,-,-,2021-04-09
692,k**o,,好评,此用户没有填写评价。,-,-,2021-06-26
693,梁**8,,好评,此用户没有填写评价。,-,-,2021-04-10
694,彭**8,,好评,此用户没有填写评价。,-,-,2021-04-07
695,小**7,,好评,此用户没有填写评价。,-,-,2021-04-14
696,p**2,,好评,此用户没有填写评价。,-,-,2021-04-25
697,m**f,,好评,此用户没有填写评价。,-,-,2021-05-12
698,w**9,,好评,此用户没有填写评价。,-,-,2021-02-27
699,孔**6,,好评,此用户没有填写评价。,-,-,2021-03-19
700,t**0,,好评,此用户没有填写评价。,-,-,2021-06-26
701,t**9,,好评,此用户没有填写评价。,-,-,2021-06-18
702,哎**影,,好评,此用户没有填写评价。,-,-,2021-03-24
703,g**3,,好评,此用户没有填写评价。,-,-,2021-06-14
704,最**祖,,好评,此用户没有填写评价。,-,-,2021-04-13
705,t**5,,好评,此用户没有填写评价。,-,-,2021-05-05
706,a**s,,好评,此用户没有填写评价。,-,-,2021-05-04
707,t**2,,好评,此用户没有填写评价。,-,-,2021-04-10
708,t**7,,好评,此用户没有填写评价。,-,-,2021-06-26
709,t**2,,好评,此用户没有填写评价。,-,-,2021-03-15
710,h**9,,好评,此用户没有填写评价。,-,-,2021-06-18
711,清**1,,好评,此用户没有填写评价。,-,-,2021-04-17
712,天**卷,,好评,此用户没有填写评价。,-,-,2021-05-01
713,t**2,,好评,此用户没有填写评价。,-,-,2021-04-10
714,雅**萱,,好评,此用户没有填写评价。,-,-,2021-04-28
715,妖**的,,好评,此用户没有填写评价。,-,-,2021-06-23
716,z**你,,好评,此用户没有填写评价。,-,-,2021-04-03
717,一**5,,好评,此用户没有填写评价。,-,-,2021-06-22
718,t**4,,好评,此用户没有填写评价。,-,-,2021-06-14
719,腊**锐,,好评,此用户没有填写评价。,-,-,2021-04-06
720,t**3,,好评,此用户没有填写评价。,-,-,2021-06-23
721,t**6,,好评,此用户没有填写评价。,-,-,2021-06-19
722,l**头,,好评,此用户没有填写评价。,-,-,2021-03-16
723,t**7,,好评,此用户没有填写评价。,-,-,2021-06-26
724,来**酒,,好评,此用户没有填写评价。,-,-,2021-04-27
725,优**y,,好评,此用户没有填写评价。,-,-,2021-04-11
726,z**0,,好评,此用户没有填写评价。,-,-,2021-04-11
727,我**9,,好评,此用户没有填写评价。,-,-,2021-04-04
728,王**8,,好评,此用户没有填写评价。,-,-,2021-06-18
729,珺**4,,好评,此用户没有填写评价。,-,-,2021-04-05
730,万**0,,好评,此用户没有填写评价。,-,-,2021-04-06
731,t**0,,好评,此用户没有填写评价。,-,-,2021-06-26
732,周**0,,好评,此用户没有填写评价。,-,-,2021-04-08
733,王**9,,好评,此用户没有填写评价。,-,-,2021-04-18
734,t**5,,好评,此用户没有填写评价。,-,-,2021-04-17
735,t**1,,好评,此用户没有填写评价。,-,-,2021-03-10
736,陈**5,,好评,此用户没有填写评价。,-,-,2021-05-03
737,t**8,,好评,此用户没有填写评价。,-,-,2021-06-15
738,微**耀,,好评,此用户没有填写评价。,-,-,2021-05-04
739,酷**雪,,好评,此用户没有填写评价。,-,-,2021-03-24
740,毓**笑,,好评,此用户没有填写评价。,-,-,2021-03-31
741,t**5,,好评,此用户没有填写评价。,-,-,2021-05-09
742,o**s,,好评,此用户没有填写评价。,-,-,2021-03-21
743,l**n,,好评,此用户没有填写评价。,-,-,2021-06-24
744,小**6,,好评,此用户没有填写评价。,-,-,2021-04-15
745,t**7,,好评,此用户没有填写评价。,-,-,2021-06-26
746,z**5,,好评,此用户没有填写评价。,-,-,2021-01-28
747,语**1,,好评,此用户没有填写评价。,-,-,2021-04-19
748,l**7,,好评,此用户没有填写评价。,-,-,2021-06-20
749,t**7,,好评,此用户没有填写评价。,-,-,2021-06-26
750,贝**1,,好评,此用户没有填写评价。,-,-,2021-04-22
751,丿**明,,好评,此用户没有填写评价。,-,-,2021-03-29
752,醒**丶,,好评,此用户没有填写评价。,-,-,2021-05-22
753,星**7,,好评,此用户没有填写评价。,-,-,2021-03-23
754,t**1,,好评,此用户没有填写评价。,-,-,2021-04-22
755,t**5,,好评,此用户没有填写评价。,-,-,2021-05-02
756,x**n,,好评,此用户没有填写评价。,-,-,2021-04-28
757,往**绳,,好评,此用户没有填写评价。,-,-,2021-03-21
758,小**宝,,好评,此用户没有填写评价。,-,-,2021-04-30
759,t**1,,好评,此用户没有填写评价。,-,-,2021-04-26
760,t**9,,好评,此用户没有填写评价。,-,-,2021-06-18
761,雨**你,,好评,此用户没有填写评价。,-,-,2021-04-14
762,c**1,,好评,此用户没有填写评价。,-,-,2021-04-23
763,欣**妈,,好评,此用户没有填写评价。,-,-,2021-03-01
764,t**4,,好评,此用户没有填写评价。,-,-,2021-06-14
765,重**茶,,好评,此用户没有填写评价。,-,-,2021-06-24
766,瑞**3,,好评,此用户没有填写评价。,-,-,2021-04-09
767,t**4,,好评,此用户没有填写评价。,-,-,2021-06-14
768,t**4,,好评,此用户没有填写评价。,-,-,2021-06-14
769,t**8,,好评,此用户没有填写评价。,-,-,2021-06-15
770,开**吧,,好评,此用户没有填写评价。,-,-,2021-06-16
771,t**3,,好评,此用户没有填写评价。,-,-,2021-06-23
772,s**5,,好评,此用户没有填写评价。,-,-,2021-03-09
773,z**0,,好评,此用户没有填写评价。,-,-,2021-04-10
774,2**片,,好评,此用户没有填写评价。,-,-,2021-04-20
775,k**0,,好评,此用户没有填写评价。,-,-,2021-06-11
776,t**5,,好评,此用户没有填写评价。,-,-,2021-04-21
777,t**5,,好评,此用户没有填写评价。,-,-,2021-04-26
778,t**6,,好评,此用户没有填写评价。,-,-,2021-06-19
779,朗**2,,好评,此用户没有填写评价。,-,-,2021-04-19
780,t**8,,好评,此用户没有填写评价。,-,-,2021-06-15
781,再**1,,好评,此用户没有填写评价。,-,-,2021-04-29
782,一**瑰,,好评,此用户没有填写评价。,-,-,2021-04-09
783,t**4,,好评,此用户没有填写评价。,-,-,2021-06-14
784,萌**心,,好评,此用户没有填写评价。,-,-,2021-06-07
785,美**也,,好评,此用户没有填写评价。,-,-,2021-03-11
786,t**4,,好评,此用户没有填写评价。,-,-,2021-06-14
787,t**4,,好评,此用户没有填写评价。,-,-,2021-06-14
788,徐**0,,好评,此用户没有填写评价。,-,-,2021-04-01
789,你**啊,,好评,此用户没有填写评价。,-,-,2021-04-07
790,t**7,,好评,此用户没有填写评价。,-,-,2021-06-26
791,a**1,,好评,此用户没有填写评价。,-,-,2021-03-22
792,小**6,,好评,此用户没有填写评价。,-,-,2021-02-28
793,幸**7,,好评,此用户没有填写评价。,-,-,2021-04-05
794,w**d,,好评,此用户没有填写评价。,-,-,2021-05-01
795,t**9,,好评,此用户没有填写评价。,-,-,2021-06-18
796,1**e,,好评,此用户没有填写评价。,-,-,2021-04-26
797,1**h,,好评,此用户没有填写评价。,-,-,2021-04-13
798,c**g,,好评,此用户没有填写评价。,-,-,2021-03-25
799,n**8,,好评,此用户没有填写评价。,-,-,2021-05-18
800,徐**8,,好评,此用户没有填写评价。,-,-,2021-04-23
801,t**1,,好评,此用户没有填写评价。,-,-,2021-04-16
802,t**5,,好评,此用户没有填写评价。,-,-,2021-04-08
803,马**思,,好评,此用户没有填写评价。,-,-,2021-06-14
804,r**3,,好评,此用户没有填写评价。,-,-,2021-03-16
805,w**p,,好评,此用户没有填写评价。,-,-,2021-04-13
806,1**l,,好评,此用户没有填写评价。,-,-,2021-06-10
807,周**寿,,好评,此用户没有填写评价。,-,-,2021-03-23
808,星**四,,好评,此用户没有填写评价。,-,-,2021-04-21
809,c**8,,好评,此用户没有填写评价。,-,-,2021-05-08
810,w**p,,好评,此用户没有填写评价。,-,-,2021-04-10
811,四**饰,,好评,此用户没有填写评价。,-,-,2021-04-19
812,蓝**i,,好评,此用户没有填写评价。,-,-,2021-03-09
813,a**3,,好评,此用户没有填写评价。,-,-,2021-03-21
814,t**2,,好评,此用户没有填写评价。,-,-,2021-03-26
815,a**2,,好评,此用户没有填写评价。,-,-,2021-06-17
816,t**0,,好评,此用户没有填写评价。,-,-,2021-06-26
817,t**3,,好评,此用户没有填写评价。,-,-,2021-06-23
818,彭**慧,,好评,此用户没有填写评价。,-,-,2021-04-29
819,田**6,,好评,此用户没有填写评价。,-,-,2021-04-06
820,t**1,,好评,此用户没有填写评价。,-,-,2021-04-01
821,木**鑫,,好评,此用户没有填写评价。,-,-,2021-06-19
822,c**0,,好评,此用户没有填写评价。,-,-,2021-04-05
823,t**7,,好评,此用户没有填写评价。,-,-,2021-06-26
824,呀**7,,好评,此用户没有填写评价。,-,-,2021-03-25
825,徐**a,,好评,此用户没有填写评价。,-,-,2021-02-25
826,遥**空,,好评,此用户没有填写评价。,-,-,2021-06-22
827,锐**学,,好评,此用户没有填写评价。,-,-,2021-03-31
828,徐**7,,好评,此用户没有填写评价。,-,-,2021-05-14
829,左**4,,好评,此用户没有填写评价。,-,-,2021-04-10
830,苹**萌,,好评,此用户没有填写评价。,-,-,2021-04-03
831,z**3,,好评,此用户没有填写评价。,-,-,2021-04-17
832,李**8,,好评,此用户没有填写评价。,-,-,2021-03-07
833,z**2,,好评,此用户没有填写评价。,-,-,2021-04-13
834,f**4,,好评,此用户没有填写评价。,-,-,2021-04-11
835,t**7,,好评,此用户没有填写评价。,-,-,2021-06-26
836,流**间,,好评,此用户没有填写评价。,-,-,2021-04-15
837,e**o,,好评,此用户没有填写评价。,-,-,2021-04-30
838,t**8,,好评,此用户没有填写评价。,-,-,2021-06-15
839,小**的,,好评,此用户没有填写评价。,-,-,2021-04-15
840,颗**3,,好评,此用户没有填写评价。,-,-,2021-04-06
841,岁**博,,好评,此用户没有填写评价。,-,-,2021-05-18
842,k**2,,好评,此用户没有填写评价。,-,-,2021-04-03
843,灯**7,,好评,此用户没有填写评价。,-,-,2021-03-21
844,啦**弟,,好评,此用户没有填写评价。,-,-,2021-05-08
845,0**娟,,好评,此用户没有填写评价。,-,-,2021-04-20
846,香**苦,,好评,此用户没有填写评价。,-,-,2021-05-12
847,l**o,,好评,此用户没有填写评价。,-,-,2021-05-08
848,c**0,,好评,此用户没有填写评价。,-,-,2021-04-01
849,t**6,,好评,此用户没有填写评价。,-,-,2021-06-19
850,无**恋,,好评,此用户没有填写评价。,-,-,2021-03-30
851,骚**3,,好评,此用户没有填写评价。,-,-,2021-05-01
852,a**2,,好评,此用户没有填写评价。,-,-,2021-06-17
853,t**5,,好评,此用户没有填写评价。,-,-,2021-03-12
854,张**容,,好评,此用户没有填写评价。,-,-,2021-04-22
855,t**4,,好评,此用户没有填写评价。,-,-,2021-06-14
856,c**2,,好评,此用户没有填写评价。,-,-,2021-01-01
857,东**口,,好评,此用户没有填写评价。,-,-,2021-04-14
858,竹**意,,好评,此用户没有填写评价。,-,-,2021-03-20
859,y**0,,好评,此用户没有填写评价。,-,-,2021-04-05
860,l**5,,好评,此用户没有填写评价。,-,-,2021-05-04
861,专**7,,好评,此用户没有填写评价。,-,-,2021-01-12
862,t**4,,好评,此用户没有填写评价。,-,-,2021-06-14
863,t**5,,好评,此用户没有填写评价。,-,-,2021-04-25
864,t**6,,好评,此用户没有填写评价。,-,-,2021-06-19
865,t**2,,好评,此用户没有填写评价。,-,-,2021-01-03
866,我**牙,,好评,此用户没有填写评价。,-,-,2021-04-12
867,t**2,,好评,此用户没有填写评价。,-,-,2021-03-12
868,阿**5,,好评,此用户没有填写评价。,-,-,2021-03-01
869,t**3,,好评,此用户没有填写评价。,-,-,2021-06-23
870,t**4,,好评,此用户没有填写评价。,-,-,2021-06-14
871,t**2,,好评,此用户没有填写评价。,-,-,2021-04-07
872,有**想,,好评,此用户没有填写评价。,-,-,2021-04-30
873,青**3,,好评,此用户没有填写评价。,-,-,2021-03-30
874,t**0,,好评,此用户没有填写评价。,-,-,2021-06-26
875,美**0,,好评,此用户没有填写评价。,-,-,2021-05-12
876,会**6,,好评,此用户没有填写评价。,-,-,2021-04-10
877,c**1,,好评,此用户没有填写评价。,-,-,2021-05-13
878,c**8,,好评,此用户没有填写评价。,-,-,2021-04-15
879,发**7,,好评,此用户没有填写评价。,-,-,2021-04-03
880,朱**诚,,好评,此用户没有填写评价。,-,-,2021-04-14
881,是**样,,好评,此用户没有填写评价。,-,-,2021-03-10
882,捉**8,,好评,此用户没有填写评价。,-,-,2021-04-19
883,涛**6,,好评,此用户没有填写评价。,-,-,2021-05-21
884,t**2,,好评,此用户没有填写评价。,-,-,2021-03-22
885,t**7,,好评,此用户没有填写评价。,-,-,2021-06-26
886,s**3,,好评,此用户没有填写评价。,-,-,2021-03-17
887,t**5,,好评,此用户没有填写评价。,-,-,2021-03-13
888,披**趟,,好评,此用户没有填写评价。,-,-,2021-04-22
889,d**z,,好评,此用户没有填写评价。,-,-,2021-04-15
890,t**6,,好评,此用户没有填写评价。,-,-,2021-06-19
891,a**3,,好评,此用户没有填写评价。,-,-,2021-04-12
892,袁**0,,好评,此用户没有填写评价。,-,-,2021-04-17
893,沉**兄,,好评,此用户没有填写评价。,-,-,2021-03-20
894,t**6,,好评,此用户没有填写评价。,-,-,2021-06-19
895,t**4,,好评,此用户没有填写评价。,-,-,2021-06-14
896,t**5,,好评,此用户没有填写评价。,-,-,2021-05-10
897,t**5,,好评,此用户没有填写评价。,-,-,2021-03-01
898,t**2,,好评,此用户没有填写评价。,-,-,2021-01-19
899,小**0,,好评,此用户没有填写评价。,-,-,2021-06-21
900,闫**1,,好评,此用户没有填写评价。,-,-,2021-06-18
901,可**果,,好评,此用户没有填写评价。,-,-,2021-03-05
902,上**n,,好评,此用户没有填写评价。,-,-,2021-04-01
903,潇**浓,,好评,此用户没有填写评价。,-,-,2021-04-16
904,t**1,,好评,此用户没有填写评价。,-,-,2021-04-11
905,莫**8,,好评,此用户没有填写评价。,-,-,2021-02-26
906,闫**1,,好评,此用户没有填写评价。,-,-,2021-06-18
907,t**1,,好评,此用户没有填写评价。,-,-,2021-02-03
908,说**行,,好评,此用户没有填写评价。,-,-,2021-04-10
909,邹**0,,好评,此用户没有填写评价。,-,-,2021-04-29
910,燕**我,,好评,此用户没有填写评价。,-,-,2021-05-01
911,私**纸,,好评,此用户没有填写评价。,-,-,2021-02-25
912,康**8,,好评,此用户没有填写评价。,-,-,2021-04-14
913,l**0,,好评,此用户没有填写评价。,-,-,2021-04-20
914,y**2,,好评,此用户没有填写评价。,-,-,2021-04-20
915,康**3,,好评,此用户没有填写评价。,-,-,2021-04-09
916,t**5,,好评,此用户没有填写评价。,-,-,2021-05-02
917,t**0,,好评,此用户没有填写评价。,-,-,2021-06-26
918,t**1,,好评,此用户没有填写评价。,-,-,2021-04-11
919,萌**姐,,好评,此用户没有填写评价。,-,-,2021-04-05
920,t**0,,好评,此用户没有填写评价。,-,-,2021-06-26
921,五**w,,好评,此用户没有填写评价。,-,-,2021-06-23
922,w**辰,,好评,此用户没有填写评价。,-,-,2021-04-05
923,追**瞳,,好评,此用户没有填写评价。,-,-,2021-04-28
924,t**0,,好评,此用户没有填写评价。,-,-,2021-06-26
925,h**8,,好评,此用户没有填写评价。,-,-,2021-03-25
926,赵**8,,好评,此用户没有填写评价。,-,-,2021-06-17
927,杨**1,,好评,此用户没有填写评价。,-,-,2021-04-01
928,购**狂,,好评,此用户没有填写评价。,-,-,2021-03-07
929,t**4,,好评,此用户没有填写评价。,-,-,2021-06-14
930,幸**a,,好评,此用户没有填写评价。,-,-,2021-06-22
931,0**7,,好评,此用户没有填写评价。,-,-,2021-04-03
932,十**歌,,好评,此用户没有填写评价。,-,-,2021-04-09
933,f**4,,好评,此用户没有填写评价。,-,-,2021-03-09
934,侑**好,,好评,此用户没有填写评价。,-,-,2021-04-27
935,t**7,,好评,此用户没有填写评价。,-,-,2021-06-26
936,y**k,,好评,此用户没有填写评价。,-,-,2021-03-02
937,锋**琴,,好评,此用户没有填写评价。,-,-,2021-04-02
938,赵**凡,,好评,此用户没有填写评价。,-,-,2021-03-17
939,米**3,,好评,此用户没有填写评价。,-,-,2021-05-25
940,很**哦,,好评,此用户没有填写评价。,-,-,2021-04-30
941,t**1,,好评,此用户没有填写评价。,-,-,2021-04-06
942,s**5,,好评,此用户没有填写评价。,-,-,2021-04-29
943,张**9,,好评,此用户没有填写评价。,-,-,2021-06-11
944,w**6,,好评,此用户没有填写评价。,-,-,2021-03-17
945,1**x,,好评,此用户没有填写评价。,-,-,2021-06-23
946,s**k,,好评,此用户没有填写评价。,-,-,2021-04-28
947,闪**3,,好评,此用户没有填写评价。,-,-,2021-06-14
948,妹**0,,好评,此用户没有填写评价。,-,-,2021-03-25
949,加**3,,好评,此用户没有填写评价。,-,-,2021-04-23
950,岁**息,,好评,此用户没有填写评价。,-,-,2021-04-16
951,t**2,,好评,此用户没有填写评价。,-,-,2021-04-26
952,y**x,,好评,此用户没有填写评价。,-,-,2021-06-25
953,火**3,,好评,此用户没有填写评价。,-,-,2021-04-26
954,a**3,,好评,此用户没有填写评价。,-,-,2021-03-20
955,y**8,,好评,此用户没有填写评价。,-,-,2021-04-04
956,刘**梓,,好评,此用户没有填写评价。,-,-,2021-05-19
957,f**2,,好评,此用户没有填写评价。,-,-,2021-04-18
958,l**哈,,好评,此用户没有填写评价。,-,-,2021-05-07
959,旋**3,,好评,此用户没有填写评价。,-,-,2021-05-12
960,h**4,,好评,此用户没有填写评价。,-,-,2020-12-31
961,t**1,,好评,此用户没有填写评价。,-,-,2021-03-30
962,t**0,,好评,此用户没有填写评价。,-,-,2021-06-26
963,t**0,,好评,此用户没有填写评价。,-,-,2021-06-26
964,的**1,,好评,此用户没有填写评价。,-,-,2021-03-05
965,t**9,,好评,此用户没有填写评价。,-,-,2021-06-18
966,t**9,,好评,此用户没有填写评价。,-,-,2021-06-18
967,f**2,,好评,此用户没有填写评价。,-,-,2021-04-03
968,h**p,,好评,此用户没有填写评价。,-,-,2021-04-01
969,t**8,,好评,此用户没有填写评价。,-,-,2021-06-15
970,洛**强,,好评,此用户没有填写评价。,-,-,2021-06-13
971,d**i,,好评,此用户没有填写评价。,-,-,2021-04-09
972,z**8,,好评,此用户没有填写评价。,-,-,2021-05-01
973,吉**6,,好评,此用户没有填写评价。,-,-,2021-04-19
974,紫**会,,好评,此用户没有填写评价。,-,-,2021-06-14
975,t**0,,好评,此用户没有填写评价。,-,-,2021-06-26
976,t**7,,好评,此用户没有填写评价。,-,-,2021-06-26
977,野**y,,好评,此用户没有填写评价。,-,-,2021-04-12
978,t**8,,好评,此用户没有填写评价。,-,-,2021-06-15
979,零**离,,好评,此用户没有填写评价。,-,-,2021-05-04
980,t**1,,好评,此用户没有填写评价。,-,-,2021-04-04
981,t**6,,好评,此用户没有填写评价。,-,-,2021-06-19
982,z**9,,好评,此用户没有填写评价。,-,-,2021-04-06
983,t**3,,好评,此用户没有填写评价。,-,-,2021-06-23
984,t**4,,好评,此用户没有填写评价。,-,-,2021-06-14
985,t**5,,好评,此用户没有填写评价。,-,-,2021-05-02
986,t**2,,好评,此用户没有填写评价。,-,-,2021-04-21
987,夏**4,,好评,此用户没有填写评价。,-,-,2021-05-01
988,王**9,,好评,此用户没有填写评价。,-,-,2021-03-27
989,寂**3,,好评,此用户没有填写评价。,-,-,2021-03-09
990,t**4,,好评,此用户没有填写评价。,-,-,2021-06-14
991,t**4,,好评,此用户没有填写评价。,-,-,2021-06-14
992,穿**莉,,好评,此用户没有填写评价。,-,-,2021-04-16
993,沃**y,,好评,此用户没有填写评价。,-,-,2021-02-26
994,q**阳,,好评,此用户没有填写评价。,-,-,2021-03-30
995,t**0,,好评,此用户没有填写评价。,-,-,2021-06-26
996,t**9,,好评,此用户没有填写评价。,-,-,2021-06-18
997,t**9,,好评,此用户没有填写评价。,-,-,2021-06-18
998,涵**1,,好评,此用户没有填写评价。,-,-,2021-03-01
999,q**9,,好评,此用户没有填写评价。,-,-,2021-04-28
1000,t**3,,好评,此用户没有填写评价。,-,-,2021-06-23
1001,t**9,,好评,此用户没有填写评价。,-,-,2021-06-18
1002,海**9,,好评,此用户没有填写评价。,-,-,2021-04-25
1003,l**2,,好评,此用户没有填写评价。,-,-,2021-06-11
1004,t**4,,好评,此用户没有填写评价。,-,-,2021-06-14
1005,大**0,,好评,此用户没有填写评价。,-,-,2021-06-03
1006,t**8,,好评,此用户没有填写评价。,-,-,2021-06-15
1007,纳**4,,好评,此用户没有填写评价。,-,-,2021-04-28
1008,t**7,,好评,此用户没有填写评价。,-,-,2021-06-26
1009,神**0,,好评,此用户没有填写评价。,-,-,2021-03-04
1010,n**y,,好评,此用户没有填写评价。,-,-,2021-06-25
1011,t**9,,好评,此用户没有填写评价。,-,-,2021-06-18
1012,符**u,,好评,此用户没有填写评价。,-,-,2021-03-22
1013,没**屡,,好评,此用户没有填写评价。,-,-,2021-04-08
1014,j**1,,好评,此用户没有填写评价。,-,-,2021-05-06
1015,客**以,,好评,此用户没有填写评价。,-,-,2021-04-19
1016,t**5,,好评,此用户没有填写评价。,-,-,2021-04-17
1017,忆**3,,好评,此用户没有填写评价。,-,-,2021-05-20
1018,美**5,,好评,此用户没有填写评价。,-,-,2021-03-20
1019,t**4,,好评,此用户没有填写评价。,-,-,2021-06-14
1020,t**2,,好评,此用户没有填写评价。,-,-,2021-06-25
1021,真**3,,好评,此用户没有填写评价。,-,-,2021-04-26
1022,t**2,,好评,此用户没有填写评价。,-,-,2021-06-12
1023,图**啦,,好评,此用户没有填写评价。,-,-,2021-06-04
1024,刘**2,,好评,此用户没有填写评价。,-,-,2021-04-13
1025,张**2,,好评,此用户没有填写评价。,-,-,2021-04-27
1026,n**8,,好评,此用户没有填写评价。,-,-,2021-02-01
1027,t**8,,好评,此用户没有填写评价。,-,-,2021-06-15
1028,无**抓,,好评,此用户没有填写评价。,-,-,2021-03-29
1029,驿**8,,好评,此用户没有填写评价。,-,-,2021-06-14
1030,雪**7,,好评,此用户没有填写评价。,-,-,2021-05-15
1031,掉**牙,,好评,此用户没有填写评价。,-,-,2021-06-14
1032,c**咪,,好评,此用户没有填写评价。,-,-,2021-05-04
1033,祝**愿,,好评,此用户没有填写评价。,-,-,2021-04-05
1034,记**田,,好评,此用户没有填写评价。,-,-,2021-04-18
1035,t**2,,好评,此用户没有填写评价。,-,-,2021-04-04
1036,t**0,,好评,此用户没有填写评价。,-,-,2021-06-26
1037,不**在,,好评,此用户没有填写评价。,-,-,2021-06-24
1038,t**2,,好评,此用户没有填写评价。,-,-,2021-04-14
1039,一**3,,好评,此用户没有填写评价。,-,-,2021-06-22
1040,t**0,,好评,此用户没有填写评价。,-,-,2021-06-26
1041,t**5,,好评,此用户没有填写评价。,-,-,2021-06-11
1042,y**4,,好评,此用户没有填写评价。,-,-,2021-01-06
1043,葛**5,,好评,此用户没有填写评价。,-,-,2021-06-17
1044,t**8,,好评,此用户没有填写评价。,-,-,2021-06-15
1045,c**g,,好评,此用户没有填写评价。,-,-,2021-04-03
1046,菜**蛋,,好评,此用户没有填写评价。,-,-,2021-05-05
1047,小**1,,好评,此用户没有填写评价。,-,-,2021-04-23
1048,点**女,,好评,此用户没有填写评价。,-,-,2021-04-23
1049,姜**鑫,,好评,此用户没有填写评价。,-,-,2021-05-08
1050,l**9,,好评,此用户没有填写评价。,-,-,2021-04-03
1051,t**8,,好评,此用户没有填写评价。,-,-,2021-06-15
1052,a**3,,好评,此用户没有填写评价。,-,-,2021-04-17
1053,v**6,,好评,此用户没有填写评价。,-,-,2021-04-25
1054,木**木,,好评,此用户没有填写评价。,-,-,2021-04-09
1055,d**1,,好评,此用户没有填写评价。,-,-,2021-01-11
1056,猛**6,,好评,此用户没有填写评价。,-,-,2021-05-10
1057,尹**5,,好评,此用户没有填写评价。,-,-,2021-04-17
1058,a**s,,好评,此用户没有填写评价。,-,-,2021-04-28
1059,t**3,,好评,此用户没有填写评价。,-,-,2021-06-23
1060,t**3,,好评,此用户没有填写评价。,-,-,2021-06-23
1061,t**7,,好评,此用户没有填写评价。,-,-,2021-06-26
1062,t**8,,好评,此用户没有填写评价。,-,-,2021-06-15
1063,嘿**3,,好评,此用户没有填写评价。,-,-,2021-03-15
1064,z**7,,好评,此用户没有填写评价。,-,-,2021-04-02
1065,t**6,,好评,此用户没有填写评价。,-,-,2021-06-19
1066,t**8,,好评,此用户没有填写评价。,-,-,2021-06-15
1067,t**5,,好评,此用户没有填写评价。,-,-,2021-04-15
1068,t**7,,好评,此用户没有填写评价。,-,-,2021-06-26
1069,开**1,,好评,此用户没有填写评价。,-,-,2021-06-14
1070,h**3,,好评,此用户没有填写评价。,-,-,2021-04-30
1071,z**l,,好评,此用户没有填写评价。,-,-,2021-04-04
1072,t**8,,好评,此用户没有填写评价。,-,-,2021-06-15
1073,我**吖,,好评,此用户没有填写评价。,-,-,2021-02-02
1074,白**1,,好评,此用户没有填写评价。,-,-,2021-01-20
1075,琉**5,,好评,此用户没有填写评价。,-,-,2021-04-07
1076,t**7,,好评,此用户没有填写评价。,-,-,2021-06-26
1077,a**1,,好评,此用户没有填写评价。,-,-,2021-04-06
1078,z**上,,好评,此用户没有填写评价。,-,-,2021-04-24
1079,雅**萱,,好评,此用户没有填写评价。,-,-,2021-04-11
1080,t**4,,好评,此用户没有填写评价。,-,-,2021-06-14
1081,缘**夜,,好评,此用户没有填写评价。,-,-,2021-04-29
1082,w**n,,好评,此用户没有填写评价。,-,-,2021-04-28
1083,四**掀,,好评,此用户没有填写评价。,-,-,2021-04-05
1084,t**7,,好评,此用户没有填写评价。,-,-,2021-06-26
1085,也**好,,好评,此用户没有填写评价。,-,-,2021-05-10
1086,t**6,,好评,此用户没有填写评价。,-,-,2021-06-19
1087,t**4,,好评,此用户没有填写评价。,-,-,2021-06-14
1088,t**3,,好评,此用户没有填写评价。,-,-,2021-06-23
1089,t**5,,好评,此用户没有填写评价。,-,-,2021-05-02
1090,l**p,,好评,此用户没有填写评价。,-,-,2021-04-05
1091,七**6,,好评,此用户没有填写评价。,-,-,2021-04-09
1092,邵**5,,好评,此用户没有填写评价。,-,-,2021-05-07
1093,t**1,,好评,此用户没有填写评价。,-,-,2021-05-15
1094,t**9,,好评,此用户没有填写评价。,-,-,2021-06-18
1095,x**s,,好评,此用户没有填写评价。,-,-,2021-04-30
1096,c**k,,好评,此用户没有填写评价。,-,-,2021-05-04
1097,p**2,,好评,此用户没有填写评价。,-,-,2021-04-19
1098,m**1,,好评,此用户没有填写评价。,-,-,2021-04-08
1099,锐**学,,好评,此用户没有填写评价。,-,-,2021-03-29
1100,t**4,,好评,此用户没有填写评价。,-,-,2021-06-14
1101,黄**7,,好评,此用户没有填写评价。,-,-,2021-02-07
1102,浪**1,,好评,此用户没有填写评价。,-,-,2021-05-19
1103,t**7,,好评,此用户没有填写评价。,-,-,2021-06-26
1104,t**7,,好评,此用户没有填写评价。,-,-,2021-06-26
1105,甜**0,,好评,此用户没有填写评价。,-,-,2021-03-10
1106,h**l,,好评,此用户没有填写评价。,-,-,2021-04-01
1107,w**5,,好评,此用户没有填写评价。,-,-,2021-05-15
1108,小**绿,,好评,此用户没有填写评价。,-,-,2021-03-24
1109,m**8,,好评,此用户没有填写评价。,-,-,2021-04-03
1110,t**5,,好评,此用户没有填写评价。,-,-,2021-06-24
1111,t**2,,好评,此用户没有填写评价。,-,-,2021-04-29
1112,t**2,,好评,此用户没有填写评价。,-,-,2021-03-02
1113,h**o,,好评,此用户没有填写评价。,-,-,2021-03-10
1114,真**3,,好评,此用户没有填写评价。,-,-,2021-03-23
1115,王**沦,,好评,此用户没有填写评价。,-,-,2021-04-07
1116,诚**7,,好评,此用户没有填写评价。,-,-,2021-05-01
1117,t**3,,好评,此用户没有填写评价。,-,-,2021-06-23
1118,白**7,,好评,此用户没有填写评价。,-,-,2021-03-10
1119,瑶**4,,好评,此用户没有填写评价。,-,-,2021-04-14
1120,瑞**0,,好评,此用户没有填写评价。,-,-,2021-03-30
1121,t**2,,好评,此用户没有填写评价。,-,-,2021-04-17
1122,重**茶,,好评,此用户没有填写评价。,-,-,2021-05-17
1123,t**1,,好评,此用户没有填写评价。,-,-,2021-06-22
1124,t**4,,好评,此用户没有填写评价。,-,-,2021-06-14
1125,t**3,,好评,此用户没有填写评价。,-,-,2021-06-23
1126,t**6,,好评,此用户没有填写评价。,-,-,2021-06-19
1127,q**3,,好评,此用户没有填写评价。,-,-,2021-03-19
1128,t**2,,好评,此用户没有填写评价。,-,-,2021-05-09
1129,t**4,,好评,此用户没有填写评价。,-,-,2021-06-14
1130,t**2,,好评,此用户没有填写评价。,-,-,2021-02-27
1131,t**9,,好评,此用户没有填写评价。,-,-,2021-06-18
1132,旭**元,,好评,此用户没有填写评价。,-,-,2021-04-14
1133,苗**青,,好评,此用户没有填写评价。,-,-,2021-03-09
1134,t**3,,好评,此用户没有填写评价。,-,-,2021-06-23
1135,t**8,,好评,此用户没有填写评价。,-,-,2021-06-15
1136,1**5,,好评,此用户没有填写评价。,-,-,2021-06-25
1137,1**车,,好评,此用户没有填写评价。,-,-,2021-04-10
1138,忘**4,,好评,此用户没有填写评价。,-,-,2021-04-09
1139,赵**雨,,好评,此用户没有填写评价。,-,-,2021-03-28
1140,风**有,,好评,此用户没有填写评价。,-,-,2021-04-03
1141,t**8,,好评,此用户没有填写评价。,-,-,2021-06-15
1142,d**y,,好评,此用户没有填写评价。,-,-,2021-04-11
1143,t**9,,好评,此用户没有填写评价。,-,-,2021-06-18
1144,s**1,,好评,此用户没有填写评价。,-,-,2021-04-10
1145,t**5,,好评,此用户没有填写评价。,-,-,2021-04-16
1146,z**1,,好评,此用户没有填写评价。,-,-,2021-04-30
1147,v**g,,好评,此用户没有填写评价。,-,-,2021-05-08
1148,v**6,,好评,此用户没有填写评价。,-,-,2021-04-15
1149,t**7,,好评,此用户没有填写评价。,-,-,2021-06-26
1150,恶**闹,,好评,此用户没有填写评价。,-,-,2021-04-16
1151,a**6,,好评,此用户没有填写评价。,-,-,2021-04-24
1152,g**1,,好评,此用户没有填写评价。,耳机这包装完好无损  很精心细节，卖家很用心，对讲机做工精致， 手感不错，刚和老板试了下距离 差不多有5  6公里 ，老板也很满意 音质清晰无杂音，效果蛮好的有需要还会回购的,-,2021-06-16
1153,重**茶,,好评,此用户没有填写评价。,-,-,2021-04-10
1154,大**1,,好评,此用户没有填写评价。,-,-,2021-03-09
1155,王**5,,好评,此用户没有填写评价。,-,-,2021-04-04
1156,t**8,,好评,此用户没有填写评价。,-,-,2021-06-15
1157,t**7,,好评,此用户没有填写评价。,-,-,2021-06-26
1158,时**4,,好评,此用户没有填写评价。,-,-,2021-06-22
1159,a**i,,好评,此用户没有填写评价。,-,-,2021-05-08
1160,f**9,,好评,此用户没有填写评价。,-,-,2021-05-04
1161,t**2,,好评,此用户没有填写评价。,-,-,2021-03-04
1162,昕**3,,好评,此用户没有填写评价。,-,-,2021-04-09
1163,万**1,,好评,此用户没有填写评价。,-,-,2021-04-05
1164,t**0,,好评,此用户没有填写评价。,-,-,2021-06-26
1165,甜**0,,好评,此用户没有填写评价。,-,-,2021-04-06
1166,t**1,,好评,此用户没有填写评价。,-,-,2021-06-17
1167,电**月,,好评,此用户没有填写评价。,-,-,2021-06-10
1168,t**1,,好评,此用户没有填写评价。,-,-,2021-03-26
1169,y**1,,好评,此用户没有填写评价。,-,-,2021-04-03
1170,辰**4,,好评,此用户没有填写评价。,-,-,2021-03-15
1171,张**2,,好评,此用户没有填写评价。,-,-,2021-04-18
1172,t**2,,好评,此用户没有填写评价。,-,-,2021-04-14
1173,t**4,,好评,此用户没有填写评价。,-,-,2021-06-14
1174,无**抓,,好评,此用户没有填写评价。,-,-,2021-04-21
1175,金**业,,好评,此用户没有填写评价。,-,-,2021-04-02
1176,梦**5,,好评,此用户没有填写评价。,-,-,2021-02-28
1177,t**5,,好评,此用户没有填写评价。,-,-,2021-04-03
1178,1**l,,好评,此用户没有填写评价。,-,-,2021-06-22
1179,y**1,,好评,此用户没有填写评价。,-,-,2021-04-03
1180,宝**9,,好评,此用户没有填写评价。,-,-,2021-04-24
1181,w**2,,好评,此用户没有填写评价。,-,-,2021-04-25
1182,不**8,,好评,此用户没有填写评价。,-,-,2021-02-02
1183,浅**n,,好评,此用户没有填写评价。,-,-,2021-04-30
1184,t**7,,好评,此用户没有填写评价。,-,-,2021-06-26
1185,温**川,,好评,此用户没有填写评价。,-,-,2021-04-05
1186,t**3,,好评,此用户没有填写评价。,-,-,2021-06-23
1187,t**4,,好评,此用户没有填写评价。,-,-,2021-06-14
1188,t**2,,好评,此用户没有填写评价。,-,-,2021-06-25
1189,l**6,,好评,此用户没有填写评价。,-,-,2021-06-16
1190,嘿**水,,好评,此用户没有填写评价。,-,-,2021-04-25
1191,注**i,,好评,此用户没有填写评价。,-,-,2021-04-04
1192,t**7,,好评,此用户没有填写评价。,-,-,2021-06-26
1193,帅**9,,好评,此用户没有填写评价。,-,-,2021-04-19
1194,1**y,,好评,此用户没有填写评价。,-,-,2021-06-23
1195,s**s,,好评,此用户没有填写评价。,-,-,2021-06-01
1196,单**者,,好评,此用户没有填写评价。,-,-,2021-03-15
1197,落**离,,好评,此用户没有填写评价。,-,-,2021-05-06
1198,t**5,,好评,此用户没有填写评价。,-,-,2021-04-21
1199,t**8,,好评,此用户没有填写评价。,-,-,2021-06-15
1200,1**n,,好评,此用户没有填写评价。,-,-,2021-02-24
1201,t**9,,好评,此用户没有填写评价。,-,-,2021-06-18
1202,机**好,,好评,此用户没有填写评价。,-,-,2021-04-06
1203,t**0,,好评,此用户没有填写评价。,-,-,2021-06-26
1204,兰**l,,好评,此用户没有填写评价。,-,-,2021-05-10
1205,买**8,,好评,此用户没有填写评价。,-,-,2021-04-10
1206,雪**2,,好评,此用户没有填写评价。,-,-,2021-04-17
1207,苦**g,,好评,此用户没有填写评价。,-,-,2021-04-20
1208,领**3,,好评,此用户没有填写评价。,-,-,2021-04-22
1209,t**6,,好评,此用户没有填写评价。,-,-,2021-06-19
1210,z**6,,好评,此用户没有填写评价。,-,-,2021-01-01
1211,徐**g,,好评,此用户没有填写评价。,-,-,2021-04-05
1212,请**爷,,好评,此用户没有填写评价。,-,-,2021-04-08
1213,a**0,,好评,此用户没有填写评价。,-,-,2021-04-29
1214,c**2,,好评,此用户没有填写评价。,-,-,2021-04-07
1215,奕**枫,,好评,此用户没有填写评价。,-,-,2021-04-03
1216,t**3,,好评,此用户没有填写评价。,-,-,2021-06-23
1217,t**5,,好评,此用户没有填写评价。,-,-,2021-05-08
1218,聪**3,,好评,此用户没有填写评价。,-,-,2021-03-01
1219,郭**6,,好评,此用户没有填写评价。,-,-,2021-04-14
1220,w**0,,好评,此用户没有填写评价。,-,-,2021-05-03
1221,t**8,,好评,此用户没有填写评价。,-,-,2021-06-15
1222,淼**6,,好评,此用户没有填写评价。,-,-,2021-04-08
1223,t**2,,好评,此用户没有填写评价。,-,-,2021-04-29
1224,奶**嘴,,好评,此用户没有填写评价。,-,-,2021-03-22
1225,张**乖,,好评,此用户没有填写评价。,-,-,2021-04-19
1226,肖**2,,好评,此用户没有填写评价。,-,-,2021-04-10
1227,t**8,,好评,此用户没有填写评价。,-,-,2021-06-15
1228,不**笑,,好评,此用户没有填写评价。,-,-,2021-04-05
1229,q**9,,好评,此用户没有填写评价。,-,-,2021-05-05
1230,逍**啬,,好评,此用户没有填写评价。,-,-,2021-06-05
1231,萌**姐,,好评,此用户没有填写评价。,-,-,2021-04-01
1232,t**5,,好评,此用户没有填写评价。,-,-,2021-06-12
1233,依**x,,好评,此用户没有填写评价。,-,-,2021-05-07
1234,t**1,,好评,此用户没有填写评价。,-,-,2021-06-08
1235,t**9,,好评,此用户没有填写评价。,-,-,2021-06-18
1236,m**5,,好评,此用户没有填写评价。,-,-,2021-04-23
1237,金**8,,好评,此用户没有填写评价。,-,-,2021-04-05
1238,雅**3,,好评,此用户没有填写评价。,性价比很高的耳机，很好的供应商，一直发顺丰航空 点赞点赞,-,2021-05-02
1239,t**1,,好评,此用户没有填写评价。,-,-,2021-03-30
1240,l**气,,好评,此用户没有填写评价。,-,-,2021-03-29
1241,明**2,,好评,此用户没有填写评价。,-,-,2021-04-29
1242,花**4,,好评,此用户没有填写评价。,-,-,2021-04-08
1243,z**6,,好评,此用户没有填写评价。,-,-,2021-04-18
1244,a**3,,好评,此用户没有填写评价。,-,-,2021-06-14
1245,t**4,,好评,此用户没有填写评价。,-,-,2021-06-14
1246,t**2,,好评,此用户没有填写评价。,-,-,2021-03-30
1247,p**强,,好评,此用户没有填写评价。,-,-,2021-03-31
1248,z**8,,好评,此用户没有填写评价。,-,-,2021-04-20
1249,t**5,,好评,此用户没有填写评价。,-,-,2021-04-10
1250,叶**超,,好评,此用户没有填写评价。,-,-,2021-03-15
1251,t**5,,好评,此用户没有填写评价。,-,-,2021-04-25
1252,s**i,,好评,此用户没有填写评价。,-,-,2021-06-22
1253,静**3,,好评,此用户没有填写评价。,-,-,2021-03-08
1254,q**妈,,好评,此用户没有填写评价。,-,-,2021-03-04
1255,雨**m,,好评,此用户没有填写评价。,-,-,2021-06-14
1256,峰**7,,好评,此用户没有填写评价。,-,-,2021-05-18
1257,顺**翱,,好评,此用户没有填写评价。,-,-,2021-06-26
1258,嘿**水,,好评,此用户没有填写评价。,-,-,2021-04-30
1259,t**2,,好评,此用户没有填写评价。,-,-,2021-04-04
1260,小**9,,好评,此用户没有填写评价。,-,-,2021-05-19
1261,你**4,,好评,此用户没有填写评价。,-,-,2021-04-23
1262,华**在,,好评,此用户没有填写评价。,-,-,2021-04-06
1263,t**2,,好评,此用户没有填写评价。,-,-,2021-04-10
1264,可**o,,好评,此用户没有填写评价。,-,-,2021-04-07
1265,t**9,,好评,此用户没有填写评价。,-,-,2021-06-18
1266,t**0,,好评,此用户没有填写评价。,-,-,2021-06-26
1267,水**挞,,好评,此用户没有填写评价。,-,-,2021-05-06
1268,蓝**i,,好评,此用户没有填写评价。,-,-,2021-04-11
1269,心**培,,好评,此用户没有填写评价。,-,-,2021-06-20
1270,t**0,,好评,此用户没有填写评价。,-,-,2021-06-26
1271,李**空,,好评,此用户没有填写评价。,-,-,2021-04-12
1272,t**1,,好评,此用户没有填写评价。,-,-,2021-04-29
1273,他**假,,好评,此用户没有填写评价。,-,-,2021-06-23
1274,t**6,,好评,此用户没有填写评价。,-,-,2021-06-19
1275,t**8,,好评,此用户没有填写评价。,-,-,2021-06-15
1276,t**5,,好评,此用户没有填写评价。,-,-,2021-04-06
1277,t**8,,好评,此用户没有填写评价。,-,-,2021-06-15
1278,c**0,,好评,此用户没有填写评价。,-,-,2021-04-23
1279,t**3,,好评,此用户没有填写评价。,-,-,2021-06-23
1280,t**3,,好评,此用户没有填写评价。,-,-,2021-06-23
1281,h**3,,好评,此用户没有填写评价。,-,-,2021-01-11
1282,t**0,,好评,此用户没有填写评价。,-,-,2021-06-26
1283,t**0,,好评,此用户没有填写评价。,-,-,2021-06-26
1284,t**6,,好评,此用户没有填写评价。,-,-,2021-06-19
1285,美**0,,好评,此用户没有填写评价。,-,-,2021-05-03
1286,t**8,,好评,此用户没有填写评价。,-,-,2021-06-15
1287,小**3,,好评,此用户没有填写评价。,-,-,2021-03-23
1288,七**6,,好评,此用户没有填写评价。,-,-,2021-05-03
1289,t**1,,好评,此用户没有填写评价。,-,-,2021-04-27
1290,1**h,,好评,此用户没有填写评价。,-,-,2021-06-10
1291,风**有,,好评,此用户没有填写评价。,-,-,2021-04-12
1292,t**7,,好评,此用户没有填写评价。,-,-,2021-06-26
1293,韩**泽,,好评,此用户没有填写评价。,-,-,2021-03-10
1294,太**1,,好评,此用户没有填写评价。,-,-,2021-06-23
1295,t**5,,好评,此用户没有填写评价。,-,-,2021-03-11
1296,t**5,,好评,此用户没有填写评价。,-,-,2021-04-25
1297,琴**涩,,好评,此用户没有填写评价。,-,-,2021-04-29
1298,d**9,,好评,此用户没有填写评价。,-,-,2021-04-10
1299,i**8,,好评,此用户没有填写评价。,-,-,2021-04-05
1300,h**贞,,好评,此用户没有填写评价。,-,-,2021-06-25
1301,漪**悠,,好评,此用户没有填写评价。,-,-,2021-04-19
1302,常**琴,,好评,此用户没有填写评价。,-,-,2021-04-13
1303,微**呀,,好评,此用户没有填写评价。,-,-,2021-01-10
1304,z**8,,好评,此用户没有填写评价。,-,-,2021-04-04
1305,祝**愿,,好评,此用户没有填写评价。,-,-,2021-06-14
1306,t**8,,好评,此用户没有填写评价。,-,-,2021-06-15
1307,t**7,,好评,此用户没有填写评价。,-,-,2021-06-26
1308,t**5,,好评,此用户没有填写评价。,-,-,2021-06-21
1309,a**s,,好评,此用户没有填写评价。,-,-,2021-04-24
1310,y**0,,好评,此用户没有填写评价。,-,-,2021-04-13
1311,月**歌,,好评,此用户没有填写评价。,-,-,2021-04-13
1312,妹**0,,好评,此用户没有填写评价。,-,-,2021-06-15
1313,k**8,,好评,此用户没有填写评价。,-,-,2021-04-28
1314,就**促,,好评,此用户没有填写评价。,-,-,2021-04-25
1315,c**9,,好评,此用户没有填写评价。,-,-,2021-05-23
1316,t**4,,好评,此用户没有填写评价。,-,-,2021-06-14
1317,t**1,,好评,此用户没有填写评价。,-,-,2021-04-06
1318,帅**9,,好评,此用户没有填写评价。,-,-,2021-04-06
1319,戴**泪,,好评,此用户没有填写评价。,-,-,2021-04-12
1320,凤**神,,好评,此用户没有填写评价。,-,-,2021-04-06
1321,我**0,,好评,此用户没有填写评价。,-,-,2021-03-29
1322,小**鑫,,好评,此用户没有填写评价。,-,-,2021-05-01
1323,t**5,,好评,此用户没有填写评价。,-,-,2021-05-04
1324,t**0,,好评,此用户没有填写评价。,-,-,2021-06-26
1325,t**0,,好评,此用户没有填写评价。,-,-,2021-06-26
1326,奕**枫,,好评,此用户没有填写评价。,-,-,2021-03-05
1327,k**8,,好评,此用户没有填写评价。,-,-,2021-04-01
1328,t**9,,好评,此用户没有填写评价。,-,-,2021-06-18
1329,d**y,,好评,此用户没有填写评价。,-,-,2021-04-05
1330,t**5,,好评,此用户没有填写评价。,-,-,2021-04-30
1331,t**1,,好评,此用户没有填写评价。,-,-,2021-04-25
1332,t**7,,好评,此用户没有填写评价。,-,-,2021-06-26
1333,d**7,,好评,此用户没有填写评价。,-,-,2021-06-20
1334,t**4,,好评,此用户没有填写评价。,-,-,2021-06-14
1335,叶**超,,好评,此用户没有填写评价。,-,-,2021-03-15
1336,你**啊,,好评,此用户没有填写评价。,-,-,2021-04-16
1337,t**6,,好评,此用户没有填写评价。,-,-,2021-06-19
1338,小**爱,,好评,此用户没有填写评价。,-,-,2021-06-14
1339,t**7,,好评,此用户没有填写评价。,-,-,2021-06-26
1340,徐**0,,好评,此用户没有填写评价。,-,-,2021-03-26
1341,h**5,,好评,此用户没有填写评价。,-,-,2021-05-13
1342,晴**e,,好评,此用户没有填写评价。,-,-,2021-06-08
1343,买**8,,好评,此用户没有填写评价。,-,-,2021-06-21
1344,t**3,,好评,此用户没有填写评价。,-,-,2021-06-23
1345,t**9,,好评,此用户没有填写评价。,-,-,2021-06-18
1346,俏**蓉,,好评,此用户没有填写评价。,-,-,2021-03-22
1347,苗**1,,好评,此用户没有填写评价。,-,-,2021-03-29
1348,沈**谐,,好评,此用户没有填写评价。,-,-,2021-03-19
1349,t**6,,好评,此用户没有填写评价。,-,-,2021-06-19
1350,t**3,,好评,此用户没有填写评价。,-,-,2021-06-23
1351,z**8,,好评,此用户没有填写评价。,-,-,2021-05-01
1352,7**q,,好评,此用户没有填写评价。,-,-,2021-04-08
1353,注**i,,好评,此用户没有填写评价。,-,-,2021-04-24
1354,一**爱,,好评,此用户没有填写评价。,-,-,2021-03-29
1355,6**6,,好评,此用户没有填写评价。,-,-,2021-04-14
1356,我**美,,好评,此用户没有填写评价。,-,-,2021-03-06
1357,千**7,,好评,此用户没有填写评价。,-,-,2021-04-02
1358,习**惯,,好评,此用户没有填写评价。,-,-,2021-04-08
1359,1**w,,好评,此用户没有填写评价。,-,-,2021-04-28
1360,t**0,,好评,此用户没有填写评价。,-,-,2021-06-26
1361,i**8,,好评,此用户没有填写评价。,-,-,2021-03-24
1362,t**7,,好评,此用户没有填写评价。,-,-,2021-06-26
1363,t**8,,好评,此用户没有填写评价。,-,-,2021-06-15
1364,七**喽,,好评,此用户没有填写评价。,-,-,2021-06-19
1365,温**行,,好评,此用户没有填写评价。,-,-,2021-04-10
1366,v**8,,好评,此用户没有填写评价。,-,-,2021-03-28
1367,t**8,,好评,此用户没有填写评价。,-,-,2021-06-15
1368,t**2,,好评,此用户没有填写评价。,-,-,2021-05-01
1369,t**5,,好评,此用户没有填写评价。,-,-,2021-05-10
1370,宠**物,,好评,此用户没有填写评价。,-,-,2021-03-28
1371,t**7,,好评,此用户没有填写评价。,-,-,2021-06-26
1372,步**4,,好评,此用户没有填写评价。,-,-,2021-04-26
1373,b**手,,好评,此用户没有填写评价。,-,-,2021-03-19
1374,谢**咯,,好评,此用户没有填写评价。,-,-,2021-05-19
1375,铎**家,,好评,此用户没有填写评价。,-,-,2021-04-04
1376,t**4,,好评,此用户没有填写评价。,-,-,2021-06-14
1377,t**6,,好评,此用户没有填写评价。,-,-,2021-06-19
1378,t**8,,好评,此用户没有填写评价。,-,-,2021-06-15
1379,y**5,,好评,此用户没有填写评价。,-,-,2021-04-10
1380,炫**1,,好评,此用户没有填写评价。,-,-,2021-05-18
1381,王**5,,好评,此用户没有填写评价。,-,-,2021-03-28
1382,英**8,,好评,此用户没有填写评价。,-,-,2021-03-14
1383,秋**1,,好评,此用户没有填写评价。,-,-,2021-03-27
1384,c**6,,好评,此用户没有填写评价。,-,-,2021-03-03
1385,冬**c,,好评,此用户没有填写评价。,-,-,2021-05-05
1386,f**9,,好评,此用户没有填写评价。,-,-,2021-04-25
1387,h**o,,好评,此用户没有填写评价。,-,-,2021-05-15
1388,公**怀,,好评,此用户没有填写评价。,-,-,2021-04-29
1389,t**2,,好评,此用户没有填写评价。,-,-,2021-03-21
1390,l**5,,好评,此用户没有填写评价。,-,-,2021-04-06
1391,t**2,,好评,此用户没有填写评价。,-,-,2021-03-14
1392,曾**5,,好评,此用户没有填写评价。,-,-,2021-06-26
1393,i**8,,好评,此用户没有填写评价。,-,-,2021-05-03
1394,我**颖,,好评,此用户没有填写评价。,-,-,2021-05-07
1395,t**6,,好评,此用户没有填写评价。,-,-,2021-06-19
1396,t**9,,好评,此用户没有填写评价。,-,-,2021-06-18
1397,徐**a,,好评,此用户没有填写评价。,-,-,2021-03-24
1398,x**军,,好评,此用户没有填写评价。,-,-,2021-03-26
1399,兰**曲,,好评,此用户没有填写评价。,-,-,2021-03-04
1400,t**7,,好评,此用户没有填写评价。,-,-,2021-06-26
1401,l**8,,好评,此用户没有填写评价。,-,-,2021-04-05
1402,t**3,,好评,此用户没有填写评价。,-,-,2021-06-23
1403,真**1,,好评,此用户没有填写评价。,-,-,2021-04-11
1404,t**2,,好评,此用户没有填写评价。,-,-,2021-06-15
1405,妹**0,,好评,此用户没有填写评价。,-,-,2021-03-27
1406,雷**5,,好评,此用户没有填写评价。,-,-,2021-03-29
1407,贝**2,,好评,此用户没有填写评价。,-,-,2021-03-28
1408,t**3,,好评,此用户没有填写评价。,-,-,2021-06-23
1409,t**5,,好评,此用户没有填写评价。,-,-,2021-03-26
1410,婷**4,,好评,此用户没有填写评价。,-,-,2021-04-30
1411,c**g,,好评,此用户没有填写评价。,-,-,2021-04-23
1412,m**g,,好评,此用户没有填写评价。,-,-,2021-01-10
1413,赵**涛,,好评,此用户没有填写评价。,-,-,2021-04-24
1414,婴**饰,,好评,此用户没有填写评价。,-,-,2021-04-07
1415,绝**啊,,好评,此用户没有填写评价。,-,-,2021-05-02
1416,一**玲,,好评,此用户没有填写评价。,-,-,2021-03-05
1417,全**歆,,好评,此用户没有填写评价。,-,-,2021-04-09
1418,t**4,,好评,此用户没有填写评价。,-,-,2021-06-14
1419,d**4,,好评,此用户没有填写评价。,-,-,2021-04-05
1420,韩**9,,好评,此用户没有填写评价。,-,-,2021-02-27
1421,t**0,,好评,此用户没有填写评价。,-,-,2021-06-26
1422,t**7,,好评,此用户没有填写评价。,-,-,2021-06-26
1423,唐**7,,好评,此用户没有填写评价。,-,-,2021-04-07
1424,t**8,,好评,此用户没有填写评价。,-,-,2021-06-15
1425,百**小,,好评,此用户没有填写评价。,-,-,2021-04-11
1426,t**5,,好评,此用户没有填写评价。,-,-,2021-04-07
1427,a**6,,好评,此用户没有填写评价。,-,-,2021-03-12
1428,l**8,,好评,此用户没有填写评价。,-,-,2021-04-15
1429,t**9,,好评,此用户没有填写评价。,-,-,2021-06-18
1430,t**5,,好评,此用户没有填写评价。,-,-,2021-04-21
1431,t**3,,好评,此用户没有填写评价。,-,-,2021-06-23
1432,5**天,,好评,此用户没有填写评价。,-,-,2021-04-20
1433,t**2,,好评,此用户没有填写评价。,-,-,2021-04-26
1434,t**3,,好评,此用户没有填写评价。,-,-,2021-06-23
1435,2**y,,好评,此用户没有填写评价。,-,-,2021-05-11
1436,t**5,,好评,此用户没有填写评价。,-,-,2021-04-09
1437,就**金,,好评,此用户没有填写评价。,-,-,2021-04-02
1438,h**0,,好评,此用户没有填写评价。,-,-,2021-04-18
1439,水**a,,好评,此用户没有填写评价。,-,-,2021-06-16
1440,菇**8,,好评,此用户没有填写评价。,-,-,2021-04-06
1441,i**6,,好评,此用户没有填写评价。,-,-,2021-05-02
1442,宝**子,,好评,此用户没有填写评价。,-,-,2021-04-12
1443,w**x,,好评,此用户没有填写评价。,-,-,2021-06-25
1444,t**8,,好评,此用户没有填写评价。,-,-,2021-06-15
1445,t**5,,好评,此用户没有填写评价。,-,-,2021-03-27
1446,上**1,,好评,此用户没有填写评价。,-,-,2020-12-31
1447,t**4,,好评,此用户没有填写评价。,-,-,2021-06-14
1448,t**8,,好评,此用户没有填写评价。,-,-,2021-06-15
1449,x**8,,好评,此用户没有填写评价。,-,-,2021-06-15
1450,t**1,,好评,此用户没有填写评价。,-,-,2021-04-25
1451,k**7,,好评,此用户没有填写评价。,-,-,2021-04-09
1452,q**3,,好评,此用户没有填写评价。,-,-,2021-04-30
1453,微**5,,好评,此用户没有填写评价。,-,-,2021-05-15
1454,t**4,,好评,此用户没有填写评价。,-,-,2021-06-14
1455,胡**阳,,好评,此用户没有填写评价。,-,-,2021-06-14
1456,t**5,,好评,此用户没有填写评价。,-,-,2021-06-25
1457,新**福,,好评,此用户没有填写评价。,-,-,2021-04-14
1458,琳**跳,,好评,此用户没有填写评价。,-,-,2021-06-26
1459,t**3,,好评,此用户没有填写评价。,-,-,2021-06-23
1460,t**3,,好评,此用户没有填写评价。,-,-,2021-06-23
1461,馨**6,,好评,此用户没有填写评价。,-,-,2021-05-01
1462,帅**9,,好评,此用户没有填写评价。,-,-,2021-04-02
1463,t**6,,好评,此用户没有填写评价。,-,-,2021-06-19
1464,z**s,,好评,此用户没有填写评价。,-,-,2021-06-24
1465,t**4,,好评,此用户没有填写评价。,-,-,2021-06-14
1466,t**9,,好评,此用户没有填写评价。,-,-,2021-06-18
1467,重**茶,,好评,此用户没有填写评价。,-,-,2021-04-03
1468,t**5,,好评,此用户没有填写评价。,-,-,2021-04-24
1469,m**l,,好评,此用户没有填写评价。,-,-,2021-05-05
1470,t**7,,好评,此用户没有填写评价。,-,-,2021-06-26
1471,p**2,,好评,此用户没有填写评价。,-,-,2021-04-02
1472,秦**天,,好评,此用户没有填写评价。,-,-,2021-04-23
1473,t**8,,好评,此用户没有填写评价。,-,-,2021-06-15
1474,淘**贝,,好评,此用户没有填写评价。,-,-,2021-04-07
1475,l**7,,好评,此用户没有填写评价。,-,-,2021-04-10
1476,李**8,,好评,此用户没有填写评价。,-,-,2021-05-07
1477,a**1,,好评,此用户没有填写评价。,-,-,2021-06-15
1478,流**7,,好评,此用户没有填写评价。,-,-,2021-02-23
1479,t**4,,好评,此用户没有填写评价。,-,-,2021-06-14
1480,张**9,,好评,此用户没有填写评价。,-,-,2021-04-29
1481,秋**0,,好评,此用户没有填写评价。,-,-,2021-06-23
1482,t**2,,好评,此用户没有填写评价。,-,-,2021-03-27
1483,w**1,,好评,此用户没有填写评价。,-,-,2021-04-08
1484,四**掀,,好评,此用户没有填写评价。,-,-,2021-03-05
1485,t**7,,好评,此用户没有填写评价。,-,-,2021-06-26
1486,驿**4,,好评,此用户没有填写评价。,-,-,2021-04-22
1487,王**i,,好评,此用户没有填写评价。,-,-,2021-02-18
1488,小**3,,好评,此用户没有填写评价。,-,-,2021-03-31
1489,t**1,,好评,此用户没有填写评价。,-,-,2021-04-05
1490,妹**0,,好评,此用户没有填写评价。,-,-,2021-04-22
1491,t**6,,好评,此用户没有填写评价。,-,-,2021-06-19
1492,l**哈,,好评,此用户没有填写评价。,-,-,2021-05-07
1493,奇**2,,好评,此用户没有填写评价。,-,-,2021-04-08
1494,t**2,,好评,此用户没有填写评价。,-,-,2021-06-12
1495,萌**姐,,好评,此用户没有填写评价。,-,-,2021-04-17
1496,王**5,,好评,此用户没有填写评价。,-,-,2021-04-11
1497,t**4,,好评,此用户没有填写评价。,-,-,2021-06-14
1498,5**彬,,好评,此用户没有填写评价。,-,-,2021-03-02
1499,霍**1,,好评,此用户没有填写评价。,-,-,2021-05-05
1500,魑**g,,好评,此用户没有填写评价。,-,-,2021-04-18
1501,z**1,,好评,此用户没有填写评价。,-,-,2021-04-07
1502,t**3,,好评,此用户没有填写评价。,-,-,2021-06-23
1503,安**1,,好评,此用户没有填写评价。,-,-,2021-04-12
1504,t**2,,好评,此用户没有填写评价。,-,-,2021-04-07
1505,t**4,,好评,此用户没有填写评价。,-,-,2021-06-14
1506,冲**年,,好评,此用户没有填写评价。,-,-,2021-04-06
1507,习**惯,,好评,此用户没有填写评价。,-,-,2021-06-15
1508,兵**性,,好评,此用户没有填写评价。,-,-,2021-03-14
1509,紫**寞,,好评,此用户没有填写评价。,-,-,2021-04-11
1510,贝**然,,好评,此用户没有填写评价。,-,-,2021-04-08
1511,g**5,,好评,此用户没有填写评价。,-,-,2021-06-24
1512,甜**0,,好评,此用户没有填写评价。,-,-,2021-04-22
1513,雨**棋,,好评,此用户没有填写评价。,-,-,2021-05-26
1514,t**1,,好评,此用户没有填写评价。,-,-,2021-04-25
1515,t**7,,好评,此用户没有填写评价。,-,-,2021-06-26
1516,t**6,,好评,此用户没有填写评价。,-,-,2021-06-19
1517,t**4,,好评,此用户没有填写评价。,-,-,2021-06-14
1518,t**0,,好评,此用户没有填写评价。,-,-,2021-06-26
1519,土**爸,,好评,此用户没有填写评价。,-,-,2021-03-23
1520,澄**唉,,好评,此用户没有填写评价。,-,-,2021-04-06
1521,a**4,,好评,此用户没有填写评价。,-,-,2021-04-17
1522,t**9,,好评,此用户没有填写评价。,-,-,2021-06-18
1523,t**0,,好评,此用户没有填写评价。,-,-,2021-06-26
1524,t**5,,好评,此用户没有填写评价。,-,-,2021-01-19
1525,t**7,,好评,此用户没有填写评价。,-,-,2021-06-26
1526,敏**活,,好评,此用户没有填写评价。,-,-,2021-06-10
1527,李**1,,好评,此用户没有填写评价。,-,-,2021-04-25
1528,t**2,,好评,此用户没有填写评价。,-,-,2021-04-23
1529,m**h,,好评,此用户没有填写评价。,-,-,2021-03-24
1530,月**r,,好评,此用户没有填写评价。,-,-,2021-05-18
1531,b**k,,好评,此用户没有填写评价。,-,-,2021-03-01
1532,1**5,,好评,此用户没有填写评价。,-,-,2021-04-04
1533,猛**6,,好评,此用户没有填写评价。,-,-,2021-03-26
1534,意**怡,,好评,此用户没有填写评价。,-,-,2021-05-07
1535,面**号,,好评,此用户没有填写评价。,-,-,2021-04-23
1536,陌**3,,好评,此用户没有填写评价。,-,-,2021-06-26
1537,t**3,,好评,此用户没有填写评价。,-,-,2021-06-23
1538,张**2,,好评,此用户没有填写评价。,-,-,2021-06-24
1539,t**6,,好评,此用户没有填写评价。,-,-,2021-06-19
1540,t**8,,好评,此用户没有填写评价。,-,-,2021-06-15
1541,1**1,,好评,此用户没有填写评价。,-,-,2021-05-15
1542,飘**8,,好评,此用户没有填写评价。,-,-,2021-04-18
1543,か**谓,,好评,此用户没有填写评价。,-,-,2021-04-25
1544,t**4,,好评,此用户没有填写评价。,-,-,2021-06-14
1545,t**2,,好评,此用户没有填写评价。,-,-,2021-03-14
1546,x**1,,好评,此用户没有填写评价。,-,-,2021-04-16
1547,l**5,,好评,此用户没有填写评价。,-,-,2021-03-27
1548,h**4,,好评,此用户没有填写评价。,-,-,2021-04-22
1549,t**3,,好评,此用户没有填写评价。,-,-,2021-06-23
1550,t**9,,好评,此用户没有填写评价。,-,-,2021-06-18
1551,w**8,,好评,此用户没有填写评价。,-,-,2021-04-12
1552,习**惯,,好评,此用户没有填写评价。,-,-,2021-04-04
1553,t**4,,好评,此用户没有填写评价。,-,-,2021-06-14
1554,春**6,,好评,此用户没有填写评价。,-,-,2021-04-22
1555,小**婷,,好评,此用户没有填写评价。,-,-,2021-03-26
1556,恋**意,,好评,此用户没有填写评价。,-,-,2021-05-07
1557,有**哥,,好评,此用户没有填写评价。,-,-,2021-05-02
1558,s**5,,好评,此用户没有填写评价。,-,-,2021-04-19
1559,她**醉,,好评,此用户没有填写评价。,-,-,2021-05-16
1560,l**g,,好评,此用户没有填写评价。,-,-,2021-03-10
1561,y**1,,好评,此用户没有填写评价。,-,-,2021-01-01
1562,彩**1,,好评,此用户没有填写评价。,-,-,2021-04-17
1563,海**6,,好评,此用户没有填写评价。,-,-,2021-04-18
1564,琴**涩,,好评,此用户没有填写评价。,-,-,2021-04-28
1565,王**5,,好评,此用户没有填写评价。,-,-,2021-05-14
1566,我**了,,好评,此用户没有填写评价。,-,-,2021-04-25
1567,v**7,,好评,此用户没有填写评价。,-,-,2021-04-17
1568,伊**0,,好评,此用户没有填写评价。,-,-,2021-05-11
1569,t**8,,好评,此用户没有填写评价。,-,-,2021-06-15
1570,8**小,,好评,此用户没有填写评价。,-,-,2021-03-03
1571,t**6,,好评,此用户没有填写评价。,-,-,2021-06-19
1572,t**5,,好评,此用户没有填写评价。,-,-,2021-03-12
1573,t**0,,好评,此用户没有填写评价。,-,-,2021-06-26
1574,t**3,,好评,此用户没有填写评价。,-,-,2021-06-23
1575,天**5,,好评,此用户没有填写评价。,-,-,2021-04-29
1576,y**4,,好评,此用户没有填写评价。,-,-,2021-02-23
1577,t**1,,好评,此用户没有填写评价。,-,-,2021-04-03
1578,一**包,,好评,此用户没有填写评价。,-,-,2021-03-28
1579,无**抓,,好评,此用户没有填写评价。,-,-,2021-04-11
1580,t**4,,好评,此用户没有填写评价。,-,-,2021-06-14
1581,天**8,,好评,此用户没有填写评价。,-,-,2021-04-07
1582,久**刘,,好评,此用户没有填写评价。,-,-,2021-04-17
1583,t**1,,好评,此用户没有填写评价。,-,-,2021-05-05
1584,t**2,,好评,此用户没有填写评价。,-,-,2021-03-14
1585,j**5,,好评,此用户没有填写评价。,-,-,2021-06-12
1586,1**g,,好评,此用户没有填写评价。,-,-,2021-03-31
1587,r**x,,好评,此用户没有填写评价。,-,-,2021-04-12
1588,1**5,,好评,此用户没有填写评价。,-,-,2021-04-02
1589,p**2,,好评,此用户没有填写评价。,-,-,2021-04-08
1590,t**0,,好评,此用户没有填写评价。,-,-,2021-06-26
1591,a**0,,好评,此用户没有填写评价。,-,-,2021-04-28
1592,廖**辰,,好评,此用户没有填写评价。,-,-,2021-04-30
1593,墨**轩,,好评,此用户没有填写评价。,-,-,2021-04-02
1594,q**y,,好评,此用户没有填写评价。,-,-,2021-04-19
1595,x**1,,好评,此用户没有填写评价。,-,-,2021-05-02
1596,a**2,,好评,此用户没有填写评价。,-,-,2021-06-17
1597,x**2,,好评,此用户没有填写评价。,-,-,2021-04-20
1598,t**6,,好评,此用户没有填写评价。,-,-,2021-06-19
1599,y**4,,好评,此用户没有填写评价。,-,-,2021-05-19
1600,l**1,,好评,此用户没有填写评价。,-,-,2021-06-21
1601,t**6,,好评,此用户没有填写评价。,-,-,2021-06-19
1602,t**5,,好评,此用户没有填写评价。,-,-,2021-03-13
1603,t**2,,好评,此用户没有填写评价。,-,-,2021-03-30
1604,明**恂,,好评,此用户没有填写评价。,-,-,2021-02-10
1605,真**6,,好评,此用户没有填写评价。,-,-,2021-04-19
1606,间**息,,好评,此用户没有填写评价。,-,-,2021-04-16
1607,风**s,,好评,此用户没有填写评价。,-,-,2021-04-21
1608,t**0,,好评,此用户没有填写评价。,-,-,2021-06-26
1609,d**6,,好评,此用户没有填写评价。,-,-,2021-04-18
1610,a**儿,,好评,此用户没有填写评价。,-,-,2021-02-27
1611,y**u,,好评,此用户没有填写评价。,-,-,2021-04-04
1612,b**e,,好评,此用户没有填写评价。,-,-,2021-04-27
1613,微**i,,好评,此用户没有填写评价。,-,-,2021-05-05
1614,7**2,,好评,此用户没有填写评价。,-,-,2021-03-08
1615,花**8,,好评,此用户没有填写评价。,-,-,2021-04-28
1616,召**1,,好评,此用户没有填写评价。,-,-,2021-04-05
1617,最**啊,,好评,此用户没有填写评价。,-,-,2021-04-10
1618,y**3,,好评,此用户没有填写评价。,-,-,2021-05-01
1619,卢**霭,,好评,此用户没有填写评价。,-,-,2021-04-18
1620,g**y,,好评,此用户没有填写评价。,-,-,2021-06-02
1621,t**6,,好评,此用户没有填写评价。,-,-,2021-06-19
1622,鹏**蓓,,好评,此用户没有填写评价。,-,-,2021-04-22
1623,我**0,,好评,此用户没有填写评价。,-,-,2021-04-25
1624,我**7,,好评,此用户没有填写评价。,-,-,2021-04-23
1625,宝**宸,,好评,此用户没有填写评价。,好。,-,2021-06-24
1626,微**1,,好评,佩戴舒适，声音清晰，做工挺好的 ,-,-,2021-06-28
1627,t**1,,好评,此用户没有填写评价。,-,-,2021-06-27
1628,a**b,,好评,此用户没有填写评价。,-,-,2021-06-27
1629,t**1,,好评,此用户没有填写评价。,-,-,2021-06-27
1630,真**1,,好评,此用户没有填写评价。,-,-,2021-06-27
1631,t**3,,好评,宝贝收到了，不错。价格便宜，推荐大家购买，物流很快。服务态度很好，五星好评，很喜欢，一次愉快的购物！ ,-,-,2021-06-23
1632,张**1,,好评,此用户没有填写评价。,-,-,2021-06-27
1633,女**柜,,好评,发的顺丰快递哈哈哈 赞 朋友几个自驾游使用非常酷的，效果不错 声音洪亮清晰。好用推荐购买 ,-,-,2021-06-27
1634,b**首,,好评,此用户没有填写评价。,-,-,2021-06-27
1635,m**a,,好评,此用户没有填写评价。,-,-,2021-06-28
1636,程**2,,好评,此用户没有填写评价。,-,-,2021-06-28
1637,w**赖,,好评,此用户没有填写评价。,-,-,2021-06-28
1638,可**瑶,,好评,此用户没有填写评价。,-,-,2021-06-28
1639,c**0,,好评,此用户没有填写评价。,-,-,2021-06-28
1640,风**有,,好评,此用户没有填写评价。,-,-,2021-06-28
1641,z**姣,,好评,此用户没有填写评价。,-,-,2021-06-28
1642,a**9,,好评,此用户没有填写评价。,-,-,2021-06-28
序号,评价用户,sku,评价类型,评价内容,追评,掌柜回评,评价时间
数据下载时间：2021-06-29 09:36:30 功能：看店宝【https://kandianbao.com/】 宝贝评价信息分析 相关查询网址：https://kandianbao.com/item/pingjia/612912040302/,,,,,,,