数据下载时间：2021-05-27 10:41:28 功能：看店宝【kandianbao.com】全店宝贝 相关查询网址：https://kandianbao.com/dian/黄金香旗舰店,,,,,,,,,,,,,,,,,,,,,,,,,,,,,,,,,,,,,
序号,主图,标题,宝贝id,货号,销售价最低,销售价最高,原价最低,原价最高,折扣率,sku数量,库存,邮费,30天销量,总销量,占全店销量比例,30天销售额,占全店销售额比例,总销售额,收藏数,评价数,PC总分享量,宝贝促销,店铺促销,活动促销,服务保证,一级类目,二级类目,三级类目,宝贝创建时间,宝贝创建时长,下架日期,下架时间,天数,星期,宝贝地址,分析地址,评价标签
1,https://img.alicdn.com/imgextra/i1/594726243/O1CN01dIVHrH1vzL79ixGy0_!!0-item_pic.jpg,黄金香厦门鼓浪屿特产海苔金丝肉松150g*2罐装组合装儿童健康食品,	19049311395,,45.9,45.9,99,99,46.36%,1,885,0,0,3193,0,0,0,146558.69999999998,458,30,195,,,超值优惠,7天无理由|运费险|蚂蚁花呗|信用卡支付|集分宝,零食/坚果/特产,牛肉干/猪肉脯/卤味零食,猪肉类,,,2021-05-27,14:30:59,3时49分34秒,四,http://item.taobao.com/item.htm?id=19049311395,https://kandianbao.com/item/19049311395/, 
2,https://img.alicdn.com/imgextra/i1/594726243/O1CN01I5bWHi1vzLINtsZu9_!!0-item_pic.jpg,黄金香网红银鱼鸡肉丝250g约30小包海鲜零食即食特产小吃休闲食品,	619868432848,,45.9,45.9,89,89,51.57%,3,249,0,0,93,0,0,0,4268.7,26,11,0,,,新品尝鲜,7天无理由|运费险|蚂蚁花呗|信用卡支付|集分宝,零食/坚果/特产,鱿鱼丝/鱼干/海味即食,即食鱼零食,,,2021-05-29,19:12:33,2天8时31分8秒,六,http://item.taobao.com/item.htm?id=619868432848,https://kandianbao.com/item/619868432848/, 
3,https://img.alicdn.com/imgextra/i2/594726243/O1CN01rE5Vdc1vzLEwKi75t_!!0-item_pic.jpg,黄金香福建厦门特产肉松儿童营养早餐猪肉松130gX4罐零食大礼包,	533916475133,,59.9,59.9,99,99,60.51%,5,9429,0,0,6399,0,0,0,383300.1,246,10,0,,,超值优惠,7天无理由|运费险|蚂蚁花呗|信用卡支付|集分宝,零食/坚果/特产,牛肉干/猪肉脯/卤味零食,猪肉类,,,2021-05-27,12:17:03,1时35分38秒,四,http://item.taobao.com/item.htm?id=533916475133,https://kandianbao.com/item/533916475133/, 
4,https://img.alicdn.com/imgextra/i1/594726243/TB1VBPCcxPI8KJjSspfXXcCFXXa_!!0-item_pic.jpg,黄金香福建厦门鼓浪屿特产儿童金丝油酥组合猪肉松700g零食品小吃,	25661164473,,99.8,99.8,135,135,73.93%,1,1215,0,0,435,0,0,0,43413,100,25,3,,,超值优惠,7天无理由|运费险|蚂蚁花呗|信用卡支付|集分宝,零食/坚果/特产,牛肉干/猪肉脯/卤味零食,猪肉类,,,2021-05-27,12:17:42,1时36分17秒,四,http://item.taobao.com/item.htm?id=25661164473,https://kandianbao.com/item/25661164473/, 
5,https://img.alicdn.com/imgextra/i1/594726243/O1CN011vzL77CUia0TpYw_!!0-item_pic.jpg,黄金香厦门特产 零食大礼包组合肉类儿童零食猪肉干猪肉松,	557907167833,,176.9,176.9,259,259,68.30%,1,1337,0,0,430,0,0,0,76067,130,2,0,,,超值优惠,7天无理由|运费险|蚂蚁花呗|信用卡支付|集分宝,零食/坚果/特产,牛肉干/猪肉脯/卤味零食,猪肉类,,,2021-05-31,15:44:43,4天5时3分18秒,一,http://item.taobao.com/item.htm?id=557907167833,https://kandianbao.com/item/557907167833/, 
6,https://img.alicdn.com/imgextra/i1/594726243/O1CN01uUNBIa1vzL7p8ieuY_!!0-item_pic.jpg,黄金香年货节肉类零食礼盒装送老人儿童零食中华老字号特产762g,	584601218588,,228.0,228.0,378,378,60.32%,1,1840,0,0,110,0,0,0,25080,40,7,0,,,超值优惠,7天无理由|运费险|蚂蚁花呗|信用卡支付|集分宝,零食/坚果/特产,牛肉干/猪肉脯/卤味零食,猪肉类,,,2021-05-28,16:28:39,1天5时47分14秒,五,http://item.taobao.com/item.htm?id=584601218588,https://kandianbao.com/item/584601218588/, 
7,https://img.alicdn.com/imgextra/i1/594726243/O1CN01VxWuHW1vzL7ryuOZU_!!0-item_pic.jpg,黄金香金丝香酥肉松1350g礼盒装中秋送老人儿童零食老字号特产,	584735799680,,268.0,268.0,398,398,67.34%,1,1277,0,0,475,0,0,0,127300,162,78,0,,,超值优惠,7天无理由|运费险|蚂蚁花呗|信用卡支付|集分宝,零食/坚果/特产,牛肉干/猪肉脯/卤味零食,猪肉类,,,2021-05-28,14:46:58,1天4时5分33秒,五,http://item.taobao.com/item.htm?id=584735799680,https://kandianbao.com/item/584735799680/, 
8,https://img.alicdn.com/imgextra/i1/594726243/O1CN01KARJ0K1vzLBHr4LUD_!!0-item_pic.jpg,黄金香招牌产品厦门特产金钱猪肉脯好吃零食原味蜜汁猪肉脯780g,	561029960424,,129.0,129.0,297,297,43.43%,1,4625,0,1,1197,0.00%,129,0.00%,154413,1188,30,0,,,超值优惠,7天无理由|运费险|蚂蚁花呗|信用卡支付|集分宝,零食/坚果/特产,牛肉干/猪肉脯/卤味零食,猪肉类,,,2021-06-02,01:00:01,5天14时18分36秒,三,http://item.taobao.com/item.htm?id=561029960424,https://kandianbao.com/item/561029960424/, 
9,https://img.alicdn.com/imgextra/i1/594726243/O1CN01zQfHSx1vzL7GfAG8d_!!0-item_pic.jpg,黄金香红色礼盒装肉类零食特产中华老字号年货节春节送礼1152g,	576896338981,,168.0,168.0,358,358,46.93%,1,940,0,1,102,0.00%,168,0.00%,17136,42,8,0,,,新品尝鲜,7天无理由|运费险|蚂蚁花呗|信用卡支付|集分宝,零食/坚果/特产,牛肉干/猪肉脯/卤味零食,猪肉类,,,2021-06-02,18:10:34,6天7时29分9秒,三,http://item.taobao.com/item.htm?id=576896338981,https://kandianbao.com/item/576896338981/, 
10,https://img.alicdn.com/imgextra/i1/594726243/O1CN01Ug8k871vzL7rdjtYX_!!0-item_pic.jpg,黄金香香酥金丝肉松年货节礼盒装老人儿童零食中华老字号特产820g,	584607346757,,176.0,176.0,368,368,47.83%,1,845,0,1,460,0.00%,176,0.00%,80960,86,66,0,,,超值优惠,7天无理由|运费险|蚂蚁花呗|信用卡支付|集分宝,零食/坚果/特产,牛肉干/猪肉脯/卤味零食,猪肉类,,,2021-05-28,17:15:49,1天6时34分24秒,五,http://item.taobao.com/item.htm?id=584607346757,https://kandianbao.com/item/584607346757/, 
11,https://img.alicdn.com/imgextra/i1/594726243/TB1KtEdXQfb_uJkSne1XXbE4XXa_!!0-item_pic.jpg,黄金香福建厦门特产风味猪肉条450g猪肉脯肉干休闲零食品小吃罐装,	534095912043,,79.9,79.9,90,90,88.78%,1,983,0,2,852,0.00%,159.8,0.00%,68074.8,152,21,0,,,超值优惠,7天无理由|运费险|蚂蚁花呗|信用卡支付|集分宝,零食/坚果/特产,牛肉干/猪肉脯/卤味零食,猪肉类,,,2021-05-27,17:52:06,7时10分41秒,四,http://item.taobao.com/item.htm?id=534095912043,https://kandianbao.com/item/534095912043/, 
12,https://img.alicdn.com/imgextra/i3/594726243/O1CN01TxKgvr1vzLFOPk0Ld_!!0-item_pic.jpg,黄金香网红银鱼香肉丝500g约60小包海鲜香辣零食特产小吃休闲食品,	620168901913,,85.9,85.9,179,179,47.99%,6,559,0,2,40,0.00%,171.8,0.00%,3436,12,9,0,,,新品尝鲜,7天无理由|运费险|蚂蚁花呗|信用卡支付|集分宝,零食/坚果/特产,鱿鱼丝/鱼干/海味即食,即食鱼零食,,,2021-05-29,19:13:59,2天8时32分34秒,六,http://item.taobao.com/item.htm?id=620168901913,https://kandianbao.com/item/620168901913/, 
13,https://img.alicdn.com/imgextra/i1/594726243/O1CN01NuBCkR1vzLEius1ti_!!0-item_pic.jpg,黄金香厦门特产原味猪肉脯特色风味蜜汁猪肉干170g零食肉脯小吃品,	521381389193,,27.8,27.8,34,34,81.76%,1,800,0,3,1862,0.00%,83.4,0.00%,51763.6,270,34,0,,,超值优惠,7天无理由|运费险|蚂蚁花呗|信用卡支付|集分宝,零食/坚果/特产,牛肉干/猪肉脯/卤味零食,猪肉类,,,2021-05-30,00:00:00,2天13时18分35秒,日,http://item.taobao.com/item.htm?id=521381389193,https://kandianbao.com/item/521381389193/, 
14,https://img.alicdn.com/imgextra/i1/594726243/TB1HNQ5d6gy_uJjSZPxXXanNpXa_!!0-item_pic.jpg,黄金香厦门鼓浪屿特产海苔肉松150g*2罐儿童健康零食品寿司猪肉松,	8338339383,,45.8,45.8,54,54,84.81%,1,461,0,3,5347,0.00%,137.39999999999998,0.00%,244892.59999999998,414,99,199,,,超值优惠,7天无理由|运费险|蚂蚁花呗|信用卡支付|集分宝,零食/坚果/特产,牛肉干/猪肉脯/卤味零食,猪肉类,,,2021-05-31,11:15:56,4天34分31秒,一,http://item.taobao.com/item.htm?id=8338339383,https://kandianbao.com/item/8338339383/, 
15,https://img.alicdn.com/imgextra/i2/594726243/O1CN01VwpNXP1vzLGcKhzC4_!!0-item_pic.jpg,黄金香黑胡椒猪肉枣500g即食炭烤小香肠熟食猪肉干肉脯休闲零食品,	620437094982,,99.9,99.9,179,179,55.81%,6,1597,0,3,194,0.00%,299.70000000000005,0.01%,19380.600000000002,72,34,0,,,新品尝鲜,7天无理由|运费险|蚂蚁花呗|信用卡支付|集分宝,零食/坚果/特产,牛肉干/猪肉脯/卤味零食,猪肉类,,,2021-05-29,19:09:45,2天8时28分20秒,六,http://item.taobao.com/item.htm?id=620437094982,https://kandianbao.com/item/620437094982/, 
16,https://img.alicdn.com/imgextra/i1/594726243/O1CN01lgn84V1vzL77CgSqI_!!0-item_pic.jpg,黄金香厦门特产儿童零食猪肉干猪肉松年货零食大礼包套餐组合肉类,	543557268329,,128.0,128.0,398,398,32.16%,1,962,0,3,182,0.00%,384,0.01%,23296,64,10,0,,,超值优惠,7天无理由|运费险|蚂蚁花呗|信用卡支付|集分宝,零食/坚果/特产,牛肉干/猪肉脯/卤味零食,猪肉类,,,2021-05-27,20:46:11,10时4分46秒,四,http://item.taobao.com/item.htm?id=543557268329,https://kandianbao.com/item/543557268329/, 
17,https://img.alicdn.com/imgextra/i1/594726243/TB1lBDMcC_I8KJjy0FoXXaFnVXa_!!0-item_pic.jpg,黄金香厦门特产儿童健康零食大礼包组合手撕肉条猪肉松组合250g,	559329074526,,33.5,33.5,69,69,48.55%,4,3604,0,4,511,0.00%,134,0.00%,17118.5,146,35,0,,,超值优惠,7天无理由|运费险|蚂蚁花呗|信用卡支付|集分宝,零食/坚果/特产,牛肉干/猪肉脯/卤味零食,猪肉类,,,2021-06-02,19:51:38,6天9时10分13秒,三,http://item.taobao.com/item.htm?id=559329074526,https://kandianbao.com/item/559329074526/, 
18,https://img.alicdn.com/imgextra/i1/594726243/O1CN01Ft6hRw1vzLJfFZXUu_!!0-item_pic.jpg,黄金香厦门鼓浪屿特产油酥金丝肉松组合罐装650g健康老人零食小吃,	18705742199,,89.8,89.8,135,135,66.52%,1,1379,0,4,586,0.00%,359.2,0.01%,52622.799999999996,136,45,5,,,超值优惠,7天无理由|运费险|蚂蚁花呗|信用卡支付|集分宝,零食/坚果/特产,牛肉干/猪肉脯/卤味零食,猪肉类,,,2021-05-27,12:18:39,1时37分14秒,四,http://item.taobao.com/item.htm?id=18705742199,https://kandianbao.com/item/18705742199/, 
19,https://img.alicdn.com/imgextra/i1/594726243/O1CN01w8thvP1vzL7jduIkd_!!0-item_pic.jpg,黄金香红色礼盒装肉类零食特产中华老字号年货节博饼送礼794g肉松,	576915568786,,199.0,199.0,389,389,51.16%,1,764,0,4,1306,0.00%,796,0.02%,259894,334,71,0,,,新品尝鲜,7天无理由|运费险|蚂蚁花呗|信用卡支付|集分宝,零食/坚果/特产,牛肉干/猪肉脯/卤味零食,猪肉类,,,2021-05-31,15:52:16,4天5时10分51秒,一,http://item.taobao.com/item.htm?id=576915568786,https://kandianbao.com/item/576915568786/, 
20,https://img.alicdn.com/imgextra/i1/594726243/O1CN011vzL76B5FbCio3i_!!0-item_pic.jpg,黄金香福建厦门特产原味猪肉条150g罐装猪肉脯肉干休闲零食小吃品,	8510547811,,25.8,25.8,59,59,43.73%,1,1301,0,7,2859,0.01%,180.6,0.01%,73762.2,382,46,34,,,超值优惠,7天无理由|运费险|蚂蚁花呗|信用卡支付|集分宝,零食/坚果/特产,牛肉干/猪肉脯/卤味零食,猪肉类,,,2021-05-31,23:21:26,4天12时40分1秒,一,http://item.taobao.com/item.htm?id=8510547811,https://kandianbao.com/item/8510547811/, 
21,https://img.alicdn.com/imgextra/i1/594726243/TB1K9giXQfb_uJkHFqDXXXVIVXa_!!0-item_pic.jpg,黄金香福建厦门鼓浪屿特产金丝肉松150G*2罐儿童营养品猪肉松寿司,	22314195063,,45.9,45.9,54,54,85.00%,1,833,0,7,950,0.01%,321.3,0.01%,43605,186,44,0,,,超值优惠,7天无理由|运费险|蚂蚁花呗|信用卡支付|集分宝,零食/坚果/特产,牛肉干/猪肉脯/卤味零食,猪肉类,,,2021-05-31,12:00:58,4天1时19分33秒,一,http://item.taobao.com/item.htm?id=22314195063,https://kandianbao.com/item/22314195063/, 
22,https://img.alicdn.com/imgextra/i1/594726243/TB1T6twndzJ8KJjSspkXXbF7VXa_!!0-item_pic.jpg,黄金香厦门特产儿童深海鱼松肉松猪肉组合营养健康儿童零食大礼包,	559217544589,,59.9,59.9,139,139,43.09%,1,9750,0,7,1244,0.01%,419.3,0.01%,74515.59999999999,308,75,0,,,超值优惠,7天无理由|运费险|蚂蚁花呗|信用卡支付|集分宝,零食/坚果/特产,牛肉干/猪肉脯/卤味零食,猪肉类,,,2021-05-30,00:36:26,2天13时55分1秒,日,http://item.taobao.com/item.htm?id=559217544589,https://kandianbao.com/item/559217544589/, 
23,https://img.alicdn.com/imgextra/i1/594726243/TB1l2jxctrJ8KJjSspaXXXuKpXa_!!0-item_pic.jpg,黄金香厦门鼓浪屿特产油酥肉松健康猪肉松休闲零食小吃品200g罐装,	8394515407,,35.9,35.9,59,59,60.85%,1,1309,0,8,1957,0.01%,287.2,0.01%,70256.3,290,58,18,,,超值优惠,7天无理由|运费险|蚂蚁花呗|信用卡支付|集分宝,零食/坚果/特产,牛肉干/猪肉脯/卤味零食,猪肉类,,,2021-06-02,10:46:28,6天5分3秒,三,http://item.taobao.com/item.htm?id=8394515407,https://kandianbao.com/item/8394515407/, 
24,https://img.alicdn.com/imgextra/i1/594726243/TB1PrvmcxTI8KJjSspiXXbM4FXa_!!0-item_pic.jpg,黄金香福建厦门特产零食油酥猪肉松200g*2罐营养肉松食品寿司肉松,	14040642683,,59.9,59.9,119,119,50.34%,1,1041,0,8,2603,0.01%,479.2,0.01%,155919.69999999998,198,111,40,,,超值优惠,7天无理由|运费险|蚂蚁花呗|信用卡支付|集分宝,零食/坚果/特产,牛肉干/猪肉脯/卤味零食,猪肉类,,,2021-05-28,10:24:05,23时42分40秒,五,http://item.taobao.com/item.htm?id=14040642683,https://kandianbao.com/item/14040642683/, 
25,https://img.alicdn.com/imgextra/i1/594726243/TB1Sk3gXPgy_uJjSZJnXXbuOXXa_!!0-item_pic.jpg,黄金香福建厦门特产原味猪肉干130g*2袋猪肉脯独立小包装肉类零食,	542372077899,,45.8,45.8,52,52,88.08%,1,3328,0,9,1588,0.01%,412.2,0.01%,72730.4,320,73,0,,,超值优惠,7天无理由|运费险|蚂蚁花呗|信用卡支付|集分宝,零食/坚果/特产,牛肉干/猪肉脯/卤味零食,猪肉类,,,2021-05-28,18:34:39,1天7时53分14秒,五,http://item.taobao.com/item.htm?id=542372077899,https://kandianbao.com/item/542372077899/, 
26,https://img.alicdn.com/imgextra/i1/594726243/O1CN01Dznwlk1vzLJthBmui_!!594726243.jpg,【满199减100】黄金香福建厦门特产咖喱味猪肉条130g小包装零食,	575157623410,,47.6,47.6,59.9,59.9,79.47%,1,491,0,9,654,0.01%,428.40000000000003,0.01%,31130.4,122,33,0,,,感恩回馈,7天无理由|运费险|蚂蚁花呗|信用卡支付|集分宝,零食/坚果/特产,牛肉干/猪肉脯/卤味零食,猪肉类,,,2021-06-02,11:22:21,6天40分56秒,三,http://item.taobao.com/item.htm?id=575157623410,https://kandianbao.com/item/575157623410/, 
27,https://img.alicdn.com/imgextra/i4/594726243/O1CN01fX1acs1vzLILuhxox_!!0-item_pic.jpg,黄金香七分瘦经典腊肠香肠600g腊肠猪肉肠自制土香肠特产广式灌肠,	613878276713,,88.8,88.8,218,218,40.73%,1,21,0,10,212,0.01%,888,0.02%,18825.6,44,45,0,,,新品尝鲜,7天无理由|运费险|蚂蚁花呗|信用卡支付|集分宝,粮油调味/速食/干货/烘焙,南北干货/肉类干货,香肠/腊肠,,,2021-06-02,19:16:59,6天8时35分34秒,三,http://item.taobao.com/item.htm?id=613878276713,https://kandianbao.com/item/613878276713/, 
28,https://img.alicdn.com/imgextra/i1/594726243/O1CN019WABmV1vzLBOAd9i4_!!0-item_pic.jpg,黄金香福建厦门特产咖喱味猪肉条130g 猪肉零食,	571001831485,,25.8,25.8,59.9,59.9,43.07%,1,793,0,11,675,0.01%,283.8,0.01%,17415,116,55,0,,,超值优惠,7天无理由|运费险|蚂蚁花呗|信用卡支付|集分宝,零食/坚果/特产,牛肉干/猪肉脯/卤味零食,猪肉类,,,2021-05-28,16:23:51,1天5时42分26秒,五,http://item.taobao.com/item.htm?id=571001831485,https://kandianbao.com/item/571001831485/, 
29,https://img.alicdn.com/imgextra/i1/594726243/O1CN01fp1jIp1vzLElL3aDD_!!0-item_pic.jpg,黄金香厦门特产原味肉脯猪肉脯170g*2袋休闲零食品小吃肉干有嚼劲,	532596006624,,55.6,55.6,99,99,56.16%,3,298,0,12,5780,0.01%,667.2,0.02%,321368,946,154,0,,,超值优惠,7天无理由|运费险|蚂蚁花呗|信用卡支付|集分宝,零食/坚果/特产,牛肉干/猪肉脯/卤味零食,猪肉类,,,2021-06-01,15:50:51,5天5时9分26秒,二,http://item.taobao.com/item.htm?id=532596006624,https://kandianbao.com/item/532596006624/,很好吃(5);再来买(4);包装完好(2);发货速度很快(2)
30,https://img.alicdn.com/imgextra/i1/594726243/O1CN011vzL7Asor2vzHDL_!!0-item_pic.jpg,黄金香高端无添加任何添加剂 4罐猪肉松礼盒装  孕妇老人儿童零食,	577681390526,,139.0,139.0,299,299,46.49%,1,595,0,12,704,0.01%,1668,0.05%,97856,270,68,0,,,超值优惠,7天无理由|运费险|蚂蚁花呗|信用卡支付|集分宝,零食/坚果/特产,牛肉干/猪肉脯/卤味零食,猪肉类,,,2021-06-02,09:46:32,5天23时5分7秒,三,http://item.taobao.com/item.htm?id=577681390526,https://kandianbao.com/item/577681390526/, 
31,https://img.alicdn.com/imgextra/i2/594726243/O1CN01yzAmTU1vzLIgxwTrE_!!0-item_pic.jpg,黄金香肉松味蛋糕500g营养早餐懒人速食整箱充饥夜宵休闲零食面包,	606335430917,,39.9,39.9,89,89,44.83%,1,194,0,14,1352,0.02%,558.6,0.02%,53944.799999999996,190,279,0,,,新品尝鲜,7天无理由|运费险|蚂蚁花呗|信用卡支付|集分宝,零食/坚果/特产,糕点/点心,传统糕点,,,2021-05-30,16:42:33,3天6时1分8秒,日,http://item.taobao.com/item.htm?id=606335430917,https://kandianbao.com/item/606335430917/,儿子很喜欢(2);很好吃(8);价格很实惠(2)
32,https://img.alicdn.com/imgextra/i1/594726243/TB1MuHmcDnI8KJjSszbXXb4KFXa_!!0-item_pic.jpg,黄金香厦门鼓浪屿特产原味猪肉条150g*2罐猪肉脯肉干健康零食小吃,	20011990538,,45.9,45.9,79,79,58.10%,1,1056,0,14,2921,0.02%,642.6,0.02%,134073.9,272,102,45,,,超值优惠,7天无理由|运费险|蚂蚁花呗|信用卡支付|集分宝,零食/坚果/特产,牛肉干/猪肉脯/卤味零食,猪肉类,,,2021-05-29,09:48:26,1天23时7分1秒,六,http://item.taobao.com/item.htm?id=20011990538,https://kandianbao.com/item/20011990538/, 
33,https://img.alicdn.com/imgextra/i1/594726243/TB1XkTNaxk98KJjSZFoXXXS6pXa_!!0-item_pic.jpg,黄金香厦门特产金钱烧烤原味蜜汁猪肉干130gX4罐休闲零食小吃新品,	561030059931,,78.9,78.9,189,189,41.75%,3,10113,0,14,583,0.02%,1104.6000000000001,0.03%,45998.700000000004,200,37,0,,,超值优惠,7天无理由|运费险|蚂蚁花呗|信用卡支付|集分宝,零食/坚果/特产,牛肉干/猪肉脯/卤味零食,猪肉类,,,2021-05-31,09:25:10,3天22时43分45秒,一,http://item.taobao.com/item.htm?id=561030059931,https://kandianbao.com/item/561030059931/, 
34,https://img.alicdn.com/imgextra/i3/594726243/O1CN01zuXQOZ1vzLGiHHIMS_!!0-item_pic.jpg,厦门特产中华老字号鼓浪屿黄金香 125G原味猪肉干 猪肉制作,	8393438339,,25.9,25.9,35,35,74.00%,1,75,0,16,1889,0.02%,414.4,0.01%,48925.1,332,206,12,,,超值优惠,7天无理由|运费险|蚂蚁花呗|信用卡支付|集分宝,零食/坚果/特产,牛肉干/猪肉脯/卤味零食,猪肉类,,,2021-05-27,22:59:07,12时17分42秒,四,http://item.taobao.com/item.htm?id=8393438339,https://kandianbao.com/item/8393438339/,儿时的味道(2)
35,https://img.alicdn.com/imgextra/i1/594726243/O1CN01ddNqEE1vzLAgDPofg_!!0-item_pic.jpg,黄金香中华老字号白砂糖大袋装烘培调味白糖细砂糖碳化工艺食用糖,	595713738265,,9.9,16.9,18.8,36,46.94%,2,16784,0,17,4033,0.02%,215.89999999999998,0.01%,51219.1,682,556,0,,,新品尝鲜,7天无理由|运费险|蚂蚁花呗|信用卡支付|集分宝,粮油调味/速食/干货/烘焙,调味品/果酱/沙拉,食糖,,,2021-06-02,18:04:14,6天7时22分49秒,三,http://item.taobao.com/item.htm?id=595713738265,https://kandianbao.com/item/595713738265/,包装精致(2)
36,https://img.alicdn.com/imgextra/i1/594726243/TB11G2jcDnI8KJjSszgXXc8ApXa_!!0-item_pic.jpg,黄金福建厦门特产原味猪肉干猪肉脯零食130g猪肉干零食大礼包,	8394146319,,23.8,23.8,49,49,48.57%,1,2254,0,17,11449,0.02%,404.6,0.01%,272486.2,648,107,9,,,超值优惠,7天无理由|运费险|蚂蚁花呗|信用卡支付|集分宝,零食/坚果/特产,牛肉干/猪肉脯/卤味零食,猪肉类,,,2021-05-30,00:00:00,2天13时18分35秒,日,http://item.taobao.com/item.htm?id=8394146319,https://kandianbao.com/item/8394146319/, 
37,https://img.alicdn.com/imgextra/i3/594726243/O1CN01MD75DV1vzLIJ7nzpT_!!0-item_pic.jpg,黄金香八分瘦黄金腊肠300g*2袋特产正宗腊肠酒香甜味香肠自制腊肉,	613877396883,,108.8,108.8,258,258,42.17%,1,69,0,18,218,0.02%,1958.3999999999999,0.06%,23718.399999999998,60,39,0,,,新品尝鲜,7天无理由|运费险|蚂蚁花呗|信用卡支付|集分宝,粮油调味/速食/干货/烘焙,南北干货/肉类干货,香肠/腊肠,,,2021-05-31,21:00:25,4天10时19分0秒,一,http://item.taobao.com/item.htm?id=613877396883,https://kandianbao.com/item/613877396883/, 
38,https://img.alicdn.com/imgextra/i2/594726243/O1CN01yQ2aJw1vzLDLaUvSj_!!0-item_pic.jpg,黄金香厦门鼓浪屿特产儿童休闲食品寿司肉松金丝肉松250g罐装,	8394523415,,45.9,45.9,69.8,69.8,65.76%,1,2890,0,19,6682,0.02%,872.1,0.02%,306703.8,1096,210,40,,,超值优惠,7天无理由|运费险|蚂蚁花呗|信用卡支付|集分宝,零食/坚果/特产,牛肉干/猪肉脯/卤味零食,猪肉类,,,2021-05-27,12:21:31,1时40分6秒,四,http://item.taobao.com/item.htm?id=8394523415,https://kandianbao.com/item/8394523415/,儿子很喜欢(2);很好吃(5);客服态度很好(2);邮递很快(2);不好吃(2)
39,https://img.alicdn.com/imgextra/i1/594726243/O1CN01AASYqc1vzLCK2fUGc_!!0-item_pic.jpg,黄金香厦门特产牛肉松150g儿童配粥寿司营养零食肉粉松非豆粉松,	602699942152,,66.9,66.9,119,119,56.22%,1,1291,0,24,750,0.03%,1605.6000000000001,0.05%,50175.00000000001,180,89,0,,,新品尝鲜,7天无理由|运费险|蚂蚁花呗|信用卡支付|集分宝,零食/坚果/特产,牛肉干/猪肉脯/卤味零食,牛肉类,,,2021-06-02,09:46:11,5天23时4分46秒,三,http://item.taobao.com/item.htm?id=602699942152,https://kandianbao.com/item/602699942152/, 
40,https://img.alicdn.com/imgextra/i4/594726243/O1CN01sGxlG91vzLJr2s7zU_!!594726243.jpg,【满199减100】黄金香中华老字号儿童营养猪肉松零食海苔肉松150G,	574148589411,,39.8,39.8,59.9,59.9,66.44%,1,1238,0,30,1428,0.03%,1194,0.03%,56834.399999999994,158,111,0,,,感恩回馈,7天无理由|运费险|蚂蚁花呗|信用卡支付|集分宝,零食/坚果/特产,牛肉干/猪肉脯/卤味零食,猪肉类,,,2021-05-27,15:17:14,4时35分49秒,四,http://item.taobao.com/item.htm?id=574148589411,https://kandianbao.com/item/574148589411/, 
41,https://img.alicdn.com/imgextra/i2/594726243/O1CN01IRyxXi1vzLJr1psSf_!!594726243.jpg,【满199减100】黄金香福建特产零食油酥猪肉松200g佐餐老人零食,	575092582707,,71.8,71.8,89,89,80.67%,1,809,0,32,1772,0.04%,2297.6,0.06%,127229.59999999999,244,142,0,,,感恩回馈,7天无理由|运费险|蚂蚁花呗|信用卡支付|集分宝,零食/坚果/特产,牛肉干/猪肉脯/卤味零食,猪肉类,,,2021-05-27,15:17:11,4时35分46秒,四,http://item.taobao.com/item.htm?id=575092582707,https://kandianbao.com/item/575092582707/, 
42,https://img.alicdn.com/imgextra/i3/594726243/O1CN01mu9OT61vzLJr2oVTH_!!594726243.jpg,【满199减100】黄金香厦门特产珍品猪肉干200g蜜汁猪肉脯手撕零食,	8338427949,,46.8,46.8,59,59,79.32%,1,618,0,45,3676,0.05%,2106,0.06%,172036.8,262,106,23,,,感恩回馈,7天无理由|运费险|蚂蚁花呗|信用卡支付|集分宝,零食/坚果/特产,牛肉干/猪肉脯/卤味零食,猪肉类,,,2021-05-28,16:23:16,1天5时41分51秒,五,http://item.taobao.com/item.htm?id=8338427949,https://kandianbao.com/item/8338427949/, 
43,https://img.alicdn.com/imgextra/i1/594726243/TB1A4LycBDH8KJjy1zeXXXjepXa_!!0-item_pic.jpg,黄金香福建厦门特产油酥猪肉松200g*5袋儿童寿司肉松零食大礼包,	520520324393,,89.0,89.0,180,180,49.44%,1,9017,0,45,5906,0.05%,4005,0.11%,525634,1042,431,0,,,超值优惠,7天无理由|运费险|蚂蚁花呗|信用卡支付|集分宝,零食/坚果/特产,牛肉干/猪肉脯/卤味零食,猪肉类,,,2021-05-28,10:32:29,23时51分4秒,五,http://item.taobao.com/item.htm?id=520520324393,https://kandianbao.com/item/520520324393/,口感味道好(3);老爸喜欢吃(2);吃不出味道(5)
44,https://img.alicdn.com/imgextra/i2/594726243/O1CN01n8I14O1vzLJthCexL_!!594726243.jpg,【满199减100】黄金香中华老字号金丝肉松150G儿童营养猪肉松零食,	574149213995,,39.8,39.8,59.9,59.9,66.44%,1,1193,0,46,1267,0.05%,1830.8,0.05%,50426.6,164,112,0,,,感恩回馈,7天无理由|运费险|蚂蚁花呗|信用卡支付|集分宝,零食/坚果/特产,牛肉干/猪肉脯/卤味零食,猪肉类,,,2021-05-27,15:17:13,4时35分48秒,四,http://item.taobao.com/item.htm?id=574149213995,https://kandianbao.com/item/574149213995/, 
45,https://img.alicdn.com/imgextra/i1/594726243/O1CN01ZmiMux1vzL79waA7C_!!0-item_pic.jpg,黄金香厦门鼓浪屿特产金丝肉松250g*3罐儿童猪肉松零食小吃促销,	16140907627,,99.8,99.8,135,135,73.93%,1,1349,0,46,2170,0.05%,4590.8,0.13%,216566,1198,334,12,,,超值优惠,7天无理由|运费险|蚂蚁花呗|信用卡支付|集分宝,零食/坚果/特产,牛肉干/猪肉脯/卤味零食,猪肉类,,,2021-05-27,12:19:10,1时37分45秒,四,http://item.taobao.com/item.htm?id=16140907627,https://kandianbao.com/item/16140907627/,分量很多(2);品质不错(2);质量好(2);包装不错(2);很好吃(15);多次回购(5)
46,https://img.alicdn.com/imgextra/i3/594726243/O1CN013e5kVt1vzLJiN6tlW_!!594726243.jpg,【满199减100】黄金香宝宝深海鱼松118g儿童寿司鱼肉松营养零食,	574251194924,,29.8,29.8,45.9,45.9,64.92%,2,1546,0,53,2941,0.06%,1579.4,0.04%,87641.8,248,251,0,,,感恩回馈,7天无理由|运费险|蚂蚁花呗|信用卡支付|集分宝,零食/坚果/特产,鱿鱼丝/鱼干/海味即食,即食鱼零食,,,2021-05-27,15:17:15,4时35分50秒,四,http://item.taobao.com/item.htm?id=574251194924,https://kandianbao.com/item/574251194924/, 
47,https://img.alicdn.com/imgextra/i1/594726243/O1CN01sCt0IE1vzLJCcB0S6_!!594726243.jpg,黄金香厦门特产牛肉干102g*2袋牛肉片五香香辣牛肉干零食风味小吃,	567338906908,,49.9,49.9,99.9,99.9,49.95%,3,1093,0,56,15315,0.07%,2794.4,0.08%,764218.5,3512,607,0,,,超值优惠,7天无理由|运费险|蚂蚁花呗|信用卡支付|集分宝,零食/坚果/特产,牛肉干/猪肉脯/卤味零食,牛肉类,,,2021-05-28,08:55:36,22时14分11秒,五,http://item.taobao.com/item.htm?id=567338906908,https://kandianbao.com/item/567338906908/,很好吃(14);日期新鲜(2);价格实惠(3);包装很完整(2);回购不错(2)
48,https://img.alicdn.com/imgextra/i2/594726243/O1CN017dQFJw1vzLI4zV2qL_!!0-item_pic.jpg,黄金香 新品高端无添加剂吃鸡肉松 鸡胸肉翻炒健康蔬菜三明治肉松,	592246792179,,66.9,66.9,129,129,51.86%,3,2607,0,63,1621,0.07%,4214.700000000001,0.12%,108444.90000000001,544,334,0,,,新品尝鲜,7天无理由|运费险|蚂蚁花呗|信用卡支付|集分宝,零食/坚果/特产,牛肉干/猪肉脯/卤味零食,鸡肉零食,,,2021-06-02,09:46:11,5天23时4分46秒,三,http://item.taobao.com/item.htm?id=592246792179,https://kandianbao.com/item/592246792179/,口感非常好(8);无限回购(2);相信质量(2)
49,https://img.alicdn.com/imgextra/i1/594726243/O1CN01p9zq6e1vzLJoUJtyB_!!594726243.jpg,【满199减100】黄金香招牌肉松金丝肉松250g罐装有嚼劲肉松零食,	575048866794,,73.6,73.6,89.8,89.8,81.96%,1,1414,0,87,4675,0.10%,6403.2,0.18%,344080,1162,437,0,,,感恩回馈,7天无理由|运费险|蚂蚁花呗|信用卡支付|集分宝,零食/坚果/特产,牛肉干/猪肉脯/卤味零食,猪肉类,,,2021-05-31,22:44:45,4天12时3分20秒,一,http://item.taobao.com/item.htm?id=575048866794,https://kandianbao.com/item/575048866794/,味儿很好(7);价格很贵(2)
50,https://img.alicdn.com/imgextra/i3/594726243/O1CN019CSalb1vzLJsXGr2q_!!594726243.jpg,【满199减100】黄金香厦门特产原味金钱猪肉脯130G猪肉干休闲零食,	9416578127,,35.8,35.8,50,50,71.60%,2,287,0,91,6120,0.11%,3257.7999999999997,0.09%,219095.99999999997,1028,414,8,,,感恩回馈,7天无理由|运费险|蚂蚁花呗|信用卡支付|集分宝,零食/坚果/特产,牛肉干/猪肉脯/卤味零食,猪肉类,,,2021-05-28,10:14:52,23时33分27秒,五,http://item.taobao.com/item.htm?id=9416578127,https://kandianbao.com/item/9416578127/,很好吃(4)
51,https://img.alicdn.com/imgextra/i3/594726243/O1CN012RXPPo1vzLJr1qPhB_!!594726243.jpg,【满199减100】黄金香特产中华老字号儿童营养休闲零食猪肉条120g,	574255850292,,29.8,29.8,49.9,49.9,59.72%,2,876,0,106,5035,0.12%,3158.8,0.09%,150043,434,440,0,,,感恩回馈,7天无理由|运费险|蚂蚁花呗|信用卡支付|集分宝,零食/坚果/特产,牛肉干/猪肉脯/卤味零食,猪肉类,,,2021-05-29,09:47:28,1天23时6分3秒,六,http://item.taobao.com/item.htm?id=574255850292,https://kandianbao.com/item/574255850292/,第二次回购(2);很好吃(4)
52,https://img.alicdn.com/imgextra/i2/594726243/O1CN01BMDWNV1vzLJsXIvvf_!!594726243.jpg,【满199减100】黄金香中华老字号特产儿童香酥猪肉松130g营养零食,	534327468222,,27.8,27.8,39,39,71.28%,2,1004,0,112,5745,0.13%,3113.6,0.09%,159711,1134,364,0,,,感恩回馈,7天无理由|运费险|蚂蚁花呗|信用卡支付|集分宝,零食/坚果/特产,牛肉干/猪肉脯/卤味零食,猪肉类,,,2021-05-27,20:49:38,10时8分13秒,四,http://item.taobao.com/item.htm?id=534327468222,https://kandianbao.com/item/534327468222/,味儿很好(3);保质期长(2);份量太少(2)
53,https://img.alicdn.com/imgextra/i1/594726243/O1CN01NrJ0jt1vzLJr2p6uJ_!!594726243.jpg,【满199减100】黄金香中华老字号老人儿童佐餐休闲零食猪肉酥200g,	574354803545,,39.8,39.8,58,58,68.62%,1,470,0,112,4917,0.13%,4457.599999999999,0.13%,195696.59999999998,658,348,0,,,感恩回馈,7天无理由|运费险|蚂蚁花呗|信用卡支付|集分宝,零食/坚果/特产,牛肉干/猪肉脯/卤味零食,猪肉类,,,2021-06-02,15:26:57,6天4时45分32秒,三,http://item.taobao.com/item.htm?id=574354803545,https://kandianbao.com/item/574354803545/,味儿很好(4);第n次回购(3)
54,https://img.alicdn.com/imgextra/i4/594726243/O1CN01SdWWvS1vzLIyz39gd_!!0-item_pic.jpg,黄金香老字号炭烤黑胡椒猪肉枣250g即食小香肠网红爆款零食猪肉脯,	632545526978,,59.9,59.9,89,89,67.30%,2,7463,0,118,54359,0.14%,7068.2,0.20%,3256104.1,3252,8013,0,,,新品尝鲜,7天无理由|运费险|蚂蚁花呗|信用卡支付|集分宝,零食/坚果/特产,牛肉干/猪肉脯/卤味零食,猪肉类,,,2021-06-02,20:02:40,6天9时21分15秒,三,http://item.taobao.com/item.htm?id=632545526978,https://kandianbao.com/item/632545526978/,有甜味(59);儿子很喜欢(66);独立包装(80);份量很足(25);质量好(15);不好吃(155)
55,https://img.alicdn.com/imgextra/i2/594726243/O1CN01aMEIlW1vzLJsXJjqD_!!594726243.jpg,【满199减100】黄金香特产五香香辣味牛肉干102g日常休闲风味零食,	574141277365,,39.8,39.8,49.9,49.9,79.76%,2,1089,0,119,3205,0.14%,4736.2,0.13%,127558.99999999999,250,307,0,,,感恩回馈,7天无理由|运费险|蚂蚁花呗|信用卡支付|集分宝,零食/坚果/特产,牛肉干/猪肉脯/卤味零食,牛肉类,,,2021-05-27,15:17:16,4时35分51秒,四,http://item.taobao.com/item.htm?id=574141277365,https://kandianbao.com/item/574141277365/,味道不错(6);有嚼头(2)
56,https://img.alicdn.com/imgextra/i1/594726243/O1CN01rrOmRL1vzLEzXnC4t_!!0-item_pic.jpg,黄金香厦门鼓浪屿特产香酥猪肉松200gX4罐装儿童营养零食寿司小贝,	559470323448,,10.0,10.0,159,159,6.29%,1,8527,0,123,1416,0.14%,1230,0.03%,14160,706,168,0,,,预售价,7天无理由|运费险|蚂蚁花呗|信用卡支付|集分宝,零食/坚果/特产,牛肉干/猪肉脯/卤味零食,猪肉类,,,2021-05-30,00:33:58,2天13时52分33秒,日,http://item.taobao.com/item.htm?id=559470323448,https://kandianbao.com/item/559470323448/,儿子很喜欢(2);很大个(2);很好吃(4);实惠(2)
57,https://img.alicdn.com/imgextra/i3/594726243/O1CN01vnp3CN1vzLJr2rWYx_!!594726243.jpg,【满199减100】黄金香厦门特产原味蜜汁猪肉脯170g休闲肉类零食,	574938009665,,55.6,55.6,79,79,70.38%,2,1512,0,124,2718,0.14%,6894.400000000001,0.19%,151120.80000000002,244,158,0,,,感恩回馈,7天无理由|运费险|蚂蚁花呗|信用卡支付|集分宝,零食/坚果/特产,牛肉干/猪肉脯/卤味零食,猪肉类,,,2021-05-30,15:54:52,3天5时13分27秒,日,http://item.taobao.com/item.htm?id=574938009665,https://kandianbao.com/item/574938009665/, 
58,https://img.alicdn.com/imgextra/i1/594726243/O1CN01nEVXIq1vzLHXpHk6Q_!!0-item_pic.jpg,黄金香本店高端无添加剂原味猪肉松100gX2罐孕妇老人儿童辅食零食,	575588295476,,69.9,69.9,129,129,54.19%,3,14049,0,141,18328,0.16%,9855.900000000001,0.28%,1281127.2000000002,4920,1574,0,,,新品尝鲜,7天无理由|运费险|蚂蚁花呗|信用卡支付|集分宝,零食/坚果/特产,牛肉干/猪肉脯/卤味零食,猪肉类,,,2021-06-02,09:46:32,5天23时5分7秒,三,http://item.taobao.com/item.htm?id=575588295476,https://kandianbao.com/item/575588295476/,很好吃(23);没有添加剂(2);会回购(6);宝宝很喜欢(5);质量不错(2);口感味道差(2)
59,https://img.alicdn.com/imgextra/i1/594726243/O1CN013g2jFq1vzLJw45JZ9_!!594726243.jpg,【满199减100】 黄金香福建厦门特产原味猪肉干肉脯130g休闲零食,	575152263199,,39.8,39.8,59,59,67.46%,1,62,0,142,6394,0.17%,5651.599999999999,0.16%,254481.19999999998,676,447,0,,,感恩回馈,7天无理由|运费险|蚂蚁花呗|信用卡支付|集分宝,零食/坚果/特产,牛肉干/猪肉脯/卤味零食,猪肉类,,,2021-05-27,11:23:13,41分48秒,四,http://item.taobao.com/item.htm?id=575152263199,https://kandianbao.com/item/575152263199/,口味还可以(2);口感味道差(3)
60,https://img.alicdn.com/imgextra/i4/594726243/O1CN0127yXX51vzLJD7tm8E_!!594726243.jpg,黄金香原味肉条肉丝120g*2罐中华老字号年货日常休闲猪鸡肉类零食,	557403365852,,35.9,35.9,79,79,45.44%,3,6528,0,147,17977,0.17%,5277.3,0.15%,645374.2999999999,2750,1129,0,,,超值优惠,7天无理由|运费险|蚂蚁花呗|信用卡支付|集分宝,零食/坚果/特产,牛肉干/猪肉脯/卤味零食,猪肉类,,,2021-05-29,09:44:37,1天23时3分12秒,六,http://item.taobao.com/item.htm?id=557403365852,https://kandianbao.com/item/557403365852/,准备回购(5);价格很便宜(3);很好吃(14);小孩子挺喜欢(5);有点硬(3)
61,https://img.alicdn.com/imgextra/i3/594726243/O1CN01OlEZ0A1vzLJxZArqZ_!!594726243.jpg,【满199减100】黄金香厦门鼓浪屿特产原味猪肉条150g罐装休闲零食,	574826424745,,39.8,39.8,59,59,67.46%,1,4670,0,152,4475,0.18%,6049.599999999999,0.17%,178105,318,374,0,,,感恩回馈,7天无理由|运费险|蚂蚁花呗|信用卡支付|集分宝,零食/坚果/特产,牛肉干/猪肉脯/卤味零食,猪肉类,,,2021-05-27,09:25:00,1时16分36秒,四,http://item.taobao.com/item.htm?id=574826424745,https://kandianbao.com/item/574826424745/,日期比较新鲜(2);很好吃(11);回购很多次(3);咸香(2);价格很贵(2)
62,https://img.alicdn.com/imgextra/i4/594726243/O1CN01yoxNR21vzLJ6CsxsZ_!!0-item_pic.jpg,黄金香中华老字号炭烤原味黑胡椒猪肉枣250g网红爆款零食小香肠,	620165937632,,59.9,59.9,89,89,67.30%,3,6161,0,184,27215,0.21%,11021.6,0.31%,1630178.5,1668,4528,0,,,新品尝鲜,7天无理由|运费险|蚂蚁花呗|信用卡支付|集分宝,零食/坚果/特产,牛肉干/猪肉脯/卤味零食,猪肉类,,,2021-05-29,21:22:21,2天10时40分56秒,六,http://item.taobao.com/item.htm?id=620165937632,https://kandianbao.com/item/620165937632/,硬度适中(8);分量挺多(14);不腻(3);很方便(9);小孩子挺喜欢(30);不好吃(49)
63,https://img.alicdn.com/imgextra/i4/594726243/O1CN01Gvcatj1vzLHblJm2u_!!0-item_pic.jpg,黄金香高端新品金枪鱼松鳕鱼松180g儿童孕妇老人营养佐餐零食配粥,	601988214435,,69.9,69.9,128,128,54.61%,2,590,0,188,2792,0.22%,13141.2,0.37%,195160.80000000002,440,411,0,,,新品尝鲜,7天无理由|运费险|蚂蚁花呗|信用卡支付|集分宝,零食/坚果/特产,鱿鱼丝/鱼干/海味即食,即食鱼零食,,,2021-06-02,09:46:11,5天23时4分46秒,三,http://item.taobao.com/item.htm?id=601988214435,https://kandianbao.com/item/601988214435/,第二次回购(4);很好吃(6);小孩子挺喜欢(3);很新鲜(2);份量太少(2)
64,https://img.alicdn.com/imgextra/i4/594726243/O1CN01edPY1l1vzLJJ0k8Gn_!!594726243.jpg,黄金香厦门特产宝宝海苔深海鱼松118gX2罐儿童寿司鱼肉松营养零食,	544807587623,,35.9,35.9,69,69,52.03%,3,7416,0,189,14871,0.22%,6785.099999999999,0.19%,533868.9,2088,1037,0,,,超值优惠,7天无理由|运费险|蚂蚁花呗|信用卡支付|集分宝,零食/坚果/特产,牛肉干/猪肉脯/卤味零食,猪肉类,,,2021-05-27,12:00:50,1时19分25秒,四,http://item.taobao.com/item.htm?id=544807587623,https://kandianbao.com/item/544807587623/,儿子很喜欢(3);份量很足(2);很好吃(11);品牌挺不错(2)
65,https://img.alicdn.com/imgextra/i3/594726243/O1CN01BvTn3l1vzLJ472pZN_!!594726243.jpg,黄金香中华老字号特产猪肉脯蜜汁原味260g肉类休闲零食健康猪肉干,	538158124084,,39.9,39.9,99,99,40.30%,3,5376,0,195,78638,0.23%,7780.5,0.22%,3137656.1999999997,19128,1459,0,,,超值优惠,7天无理由|运费险|蚂蚁花呗|信用卡支付|集分宝,零食/坚果/特产,牛肉干/猪肉脯/卤味零食,猪肉类,,,2021-05-27,23:52:47,13时11分22秒,四,http://item.taobao.com/item.htm?id=538158124084,https://kandianbao.com/item/538158124084/,口感非常好(17);有劲道(3);不腻(2);包装精致(2);到货很快(3);不好吃(4)
66,https://img.alicdn.com/imgextra/i1/594726243/TB1ZZHncDnI8KJjSszbXXb4KFXa_!!0-item_pic.jpg,黄金香厦门鼓浪屿特产金丝肉松250g*4营养猪肉松寿司肉松包邮,	21576047792,,20.0,20.0,258,258,7.75%,1,3983,0,219,9362,0.25%,4380,0.12%,187240,2686,959,29,,,预售价,7天无理由|运费险|蚂蚁花呗|信用卡支付|集分宝,零食/坚果/特产,牛肉干/猪肉脯/卤味零食,猪肉类,,,2021-05-31,21:19:54,4天10时38分29秒,一,http://item.taobao.com/item.htm?id=21576047792,https://kandianbao.com/item/21576047792/,品牌不一样(2);日期太新鲜(2);无数次回购(6);儿子很喜欢(4);很好吃(6);价格很美丽(3)
67,https://img.alicdn.com/imgextra/i1/594726243/O1CN01h1j4YI1vzLHaofVQm_!!0-item_pic.jpg,黄金香无添加剂猪肉松100g 儿童早餐配粥拌饭孕妇零食寿司三明治,	627276015285,,48.8,48.8,99,99,49.29%,1,4496,0,232,43449,0.27%,11321.599999999999,0.32%,2120311.1999999997,3408,3986,0,,,新品尝鲜,7天无理由|运费险|蚂蚁花呗|信用卡支付|集分宝,零食/坚果/特产,牛肉干/猪肉脯/卤味零食,猪肉类,,,2021-05-27,11:25:01,43分36秒,四,http://item.taobao.com/item.htm?id=627276015285,https://kandianbao.com/item/627276015285/,添加好吃(3);儿子很喜欢(23);质量好(5);很好吃(40);日期新鲜(8);小孩吃不惯(2)
68,https://img.alicdn.com/imgextra/i4/594726243/O1CN01BlzZXP1vzLHaRuPAM_!!0-item_pic.jpg,黄金香本店高端牛肉松100g鲜牛肉制作孕妇老人儿童辅食营养零食,	602697266784,,65.9,65.9,129,129,51.09%,1,2997,0,270,3696,0.31%,17793,0.50%,243566.40000000002,724,397,0,,,新品尝鲜,7天无理由|运费险|蚂蚁花呗|信用卡支付|集分宝,零食/坚果/特产,牛肉干/猪肉脯/卤味零食,牛肉类,,,2021-06-02,09:46:11,5天23时4分46秒,三,http://item.taobao.com/item.htm?id=602697266784,https://kandianbao.com/item/602697266784/,很好吃(7);宝宝很爱吃(3);很酥脆(2);口感味道差(2)
69,https://img.alicdn.com/imgextra/i1/594726243/O1CN01Ih37RL1vzLJFNwROM_!!0-item_pic.jpg,黄金香老字号无添加剂猪肉松100g儿童营养早餐寿司烘焙三明治馅料,	624597822430,,48.8,48.8,99,99,49.29%,1,11099,0,637,234340,0.74%,31085.6,0.87%,11435792,15598,21191,0,,,新品尝鲜,7天无理由|运费险|蚂蚁花呗|信用卡支付|集分宝,零食/坚果/特产,牛肉干/猪肉脯/卤味零食,猪肉类,,,2021-05-27,20:32:03,9时50分38秒,四,http://item.taobao.com/item.htm?id=624597822430,https://kandianbao.com/item/624597822430/,肉质酥烂(3);很干(4);拌饭挺好(5);有甜味(17);放心食用(3);外观真的挺丑(2)
70,https://img.alicdn.com/imgextra/i3/594726243/O1CN01i4FbkX1vzLJTpgB45_!!594726243.jpg,黄金香中华老字号儿童佐餐猪肉松130g*2寿司烘焙网红肉松营养零食,	531481699042,,29.9,29.9,46.8,46.8,63.89%,3,29741,0,674,268505,0.78%,20152.6,0.57%,8028299.5,26178,4512,3,,,超值优惠,7天无理由|运费险|蚂蚁花呗|信用卡支付|集分宝,零食/坚果/特产,牛肉干/猪肉脯/卤味零食,猪肉类,,,2021-05-28,17:40:09,1天6时58分44秒,五,http://item.taobao.com/item.htm?id=531481699042,https://kandianbao.com/item/531481699042/,甜甜的(3);儿子很喜欢(20);份量很足(4);很好吃(53);老品牌(7);数量少(6)
71,https://img.alicdn.com/imgextra/i1/594726243/O1CN01irVMLM1vzLAv6IKj4_!!0-item_pic.jpg,黄金香烘焙面包松手抓饼寿司专用肉粉松好吃肉味香浓 不是豆粉松,	596081288364,,19.9,159.9,36,360,44.42%,4,15865,0,680,27371,0.79%,51612.00000000001,1.45%,2077458.9000000001,9202,4368,0,,,新品尝鲜,7天无理由|运费险|蚂蚁花呗|信用卡支付|集分宝,零食/坚果/特产,牛肉干/猪肉脯/卤味零食,猪肉类,,,2021-06-02,09:46:11,5天23时4分46秒,三,http://item.taobao.com/item.htm?id=596081288364,https://kandianbao.com/item/596081288364/,二次回购(23);有甜味(5);不是很咸(4);儿子很喜欢(12);很好吃(122);不好吃(20)
72,https://img.alicdn.com/imgextra/i3/594726243/O1CN01ddHRtP1vzLJYUKfVy_!!594726243.jpg,黄金香厦门鼓浪屿特产金丝肉松250g*2罐装寿司专用猪肉松儿童零食,	14124757541,,75.9,75.9,129,129,58.84%,4,14132,0,1062,142937,1.23%,80605.8,2.27%,10848918.3,24042,11364,725,,,超值优惠,7天无理由|运费险|蚂蚁花呗|信用卡支付|集分宝,零食/坚果/特产,牛肉干/猪肉脯/卤味零食,猪肉类,,,2021-06-02,09:43:56,5天23时2分31秒,三,http://item.taobao.com/item.htm?id=14124757541,https://kandianbao.com/item/14124757541/,拌饭可以(2);质量好(8);很大个(2);很好吃(183);有劲道(2);不好吃(14)
73,https://img.alicdn.com/imgextra/i4/594726243/O1CN017A8NbR1vzLJHV0uJJ_!!594726243.jpg,黄金香老字号特产海苔肉松200gX2罐儿童配粥寿司烘焙老人早餐零食,	638959995185,,39.9,39.9,79,79,50.51%,1,87,0,1153,3842,1.34%,46004.7,1.29%,153295.8,948,385,0,,,新品尝鲜,7天无理由|运费险|蚂蚁花呗|信用卡支付|集分宝,零食/坚果/特产,牛肉干/猪肉脯/卤味零食,猪肉类,,,2021-05-28,16:49:08,1天6时7分43秒,五,http://item.taobao.com/item.htm?id=638959995185,https://kandianbao.com/item/638959995185/,第二次回购(6);质量可以(2);很好吃(29);日期新鲜(4);分量挺多(3);口感不是很好(6)
74,https://img.alicdn.com/imgextra/i2/594726243/O1CN01T4SNYy1vzLJOUo3I3_!!0-item_pic.jpg,【薇娅推荐】无添加剂儿童猪肉松100g 孕妇零食儿童早餐寿司烘焙,	630985183462,,48.8,48.8,99,99,49.29%,1,16924,0,3135,81387,3.64%,152988,4.30%,3971685.5999999996,7360,6254,0,,,新品尝鲜,7天无理由|运费险|蚂蚁花呗|信用卡支付|集分宝,零食/坚果/特产,牛肉干/猪肉脯/卤味零食,猪肉类,,,2021-05-29,23:50:56,2天13时9分31秒,六,http://item.taobao.com/item.htm?id=630985183462,https://kandianbao.com/item/630985183462/,好油(4);小小的(3);干吃好吃(3);第二次回购(74);质量好(11);有点太油了(5)
75,https://img.alicdn.com/imgextra/i3/594726243/O1CN01mBBpG81vzLJPFW0zG_!!0-item_pic.jpg,黄金香厦门特产香酥肉松200gX2罐儿童早餐配粥寿司烘焙猪肉类零食,	533846963356,,39.9,39.9,72,72,55.42%,1,69042,0,17333,988993,20.14%,691586.7,19.46%,39460820.699999996,138656,97861,4,,,超值优惠,7天无理由|运费险|蚂蚁花呗|信用卡支付|集分宝,零食/坚果/特产,牛肉干/猪肉脯/卤味零食,猪肉类,,,2021-06-03,00:02:55,6天13时21分30秒,四,http://item.taobao.com/item.htm?id=533846963356,https://kandianbao.com/item/533846963356/,很干(5);不咸不淡(17);颗粒分明(2);有甜味(17);一致(17);假的(4)
76,https://img.alicdn.com/imgextra/i3/594726243/O1CN015yqiuP1vzLJnzjFj3_!!594726243.jpg,【薇娅推荐】黄金香夏季零食低脂肪高蛋白小肉肠  炭烤零食鸡肉肠,	644732514833,,39.9,39.9,69,69,57.83%,1,14711,0,57623,57666,66.97%,2299157.6999999997,64.69%,2300873.4,2428,3210,0,,,新品尝鲜,7天无理由|运费险|蚂蚁花呗|信用卡支付|集分宝,零食/坚果/特产,牛肉干/猪肉脯/卤味零食,鸡肉零食,,,2021-06-01,22:26:58,5天11时45分33秒,二,http://item.taobao.com/item.htm?id=644732514833,https://kandianbao.com/item/644732514833/,口感味道好(2)
,,,,,,,,,,,,,30天销量总计,,,30天销售额总计,,,收藏数总计,,分享量总计,,,,,,,,,,,,,,,,
,,,,,,,,,,,,,86048,,,3553993.3,,,290378,,1404,,,,,,,,,,,,,,,,
序号,主图,标题,宝贝id,货号,销售价最低,销售价最高,原价最低,原价最高,折扣率,sku数量,库存,邮费,30天销量,总销量,占全店销量比例,30天销售额,占全店销售额比例,总销售额,收藏数,评价数,PC总分享量,宝贝促销,店铺促销,活动促销,服务保证,一级类目,二级类目,三级类目,宝贝创建时间,宝贝创建时长,下架日期,下架时间,天数,星期,宝贝地址,分析地址,评价标签
数据下载时间：2021-05-27 10:41:28 功能：看店宝【kandianbao.com】全店宝贝 相关查询网址：https://kandianbao.com/dian/黄金香旗舰店,,,,,,,,,,,,,,,,,,,,,,,,,,,,,,,,,,,,,