数据下载时间：2021-05-27 10:38:55 功能：看店宝【kandianbao.com】全店宝贝 相关查询网址：https://kandianbao.com/dian/五谷道场旗舰店,,,,,,,,,,,,,,,,,,,,,,,,,,,,,,,,,,,,,
序号,主图,标题,宝贝id,货号,销售价最低,销售价最高,原价最低,原价最高,折扣率,sku数量,库存,邮费,30天销量,总销量,占全店销量比例,30天销售额,占全店销售额比例,总销售额,收藏数,评价数,PC总分享量,宝贝促销,店铺促销,活动促销,服务保证,一级类目,二级类目,三级类目,宝贝创建时间,宝贝创建时长,下架日期,下架时间,天数,星期,宝贝地址,分析地址,评价标签
1,https://img.alicdn.com/imgextra/i1/3534944430/O1CN010MPZcv1iazCSLwhvQ_!!0-item_pic.jpg,五谷道场非油炸鲜面方便面意大利面番茄双椒盒装速食微波早餐泡面,	628686496432,,59.9,59.9,59.9,59.9,100.00%,3,5,0,0,69,0,0,0,4133.099999999999,110,10,0,,,,7天无理由|蚂蚁花呗|信用卡支付|集分宝,粮油调味/速食/干货/烘焙,方便速食/速冻食品,方便面/拉面/面皮,,,2021-05-29,15:19:13,2天4时40分23秒,六,http://item.taobao.com/item.htm?id=628686496432,https://kandianbao.com/item/628686496432/, 
2,https://img.alicdn.com/imgextra/i3/3534944430/O1CN01maGGFv1iazCLvCVCA_!!0-item_pic.jpg,五谷道场非油炸方便面意大利面条速食拌面 微波懒人食品泡面鲜面,	629304586853,,25.9,25.9,29.9,29.9,86.62%,3,13,0,2,76,0.00%,51.8,0.00%,1968.3999999999999,80,13,0,,,品牌钜惠,7天无理由|蚂蚁花呗|信用卡支付|集分宝,粮油调味/速食/干货/烘焙,方便速食/速冻食品,方便面/拉面/面皮,,,2021-05-29,11:02:32,2天23分42秒,六,http://item.taobao.com/item.htm?id=629304586853,https://kandianbao.com/item/629304586853/, 
3,https://img.alicdn.com/imgextra/i4/3534944430/O1CN0133Gx2M1iazFNVuXeP_!!3534944430.jpg,五谷道场非油炸方便面藤椒方便面椒麻鸡拌面108gx12速食食品泡面,	566222084128,,79.9,79.9,159.8,159.8,50.00%,1,196,0,2,138,0.00%,159.8,0.00%,11026.2,210,0,1,,,掌柜推荐,7天无理由|蚂蚁花呗|信用卡支付|集分宝,粮油调味/速食/干货/烘焙,方便速食/速冻食品,方便面/拉面/面皮,,,2021-05-28,17:03:02,1天6时24分12秒,五,http://item.taobao.com/item.htm?id=566222084128,https://kandianbao.com/item/566222084128/, 
4,https://img.alicdn.com/imgextra/i2/3534944430/O1CN01FvxrzI1iazFaklEOK_!!0-item_pic.jpg,五谷道场旗舰店方便面非油炸酸汤老鸭面30袋装整箱装速食网红泡面,	586319576980,,99.9,99.9,200,200,49.95%,0,979,0,2,90,0.00%,199.8,0.00%,8991,76,19,0,,,掌柜推荐,7天无理由|蚂蚁花呗|信用卡支付|集分宝,粮油调味/速食/干货/烘焙,方便速食/速冻食品,方便面/拉面/面皮,,,2021-05-28,09:08:53,22时30分3秒,五,http://item.taobao.com/item.htm?id=586319576980,https://kandianbao.com/item/586319576980/, 
5,https://img.alicdn.com/imgextra/i4/3534944430/O1CN01GrQELu1iaz8CXpWdm_!!0-item_pic.jpg,五谷道场旗舰店方便面非油炸番茄牛腩面20包整箱装速食网红泡面,	564670683899,,65.9,65.9,108,108,61.02%,0,2944,0,3,4483,0.00%,197.70000000000002,0.00%,295429.7,2466,220,1,,,掌柜推荐,7天无理由|蚂蚁花呗|信用卡支付|集分宝,粮油调味/速食/干货/烘焙,方便速食/速冻食品,方便面/拉面/面皮,,,2021-06-01,12:51:51,5天2时13分1秒,二,http://item.taobao.com/item.htm?id=564670683899,https://kandianbao.com/item/564670683899/, 
6,https://img.alicdn.com/imgextra/i3/3534944430/O1CN015erhKw1iazDWjESef_!!0-item_pic.jpg,五谷道场非油炸面私房番茄紫薯面4盒装速食早餐泡面（8.8到期）,	626008623196,,79.9,79.9,79.90,79.90,100.00%,0,476,0,3,173,0.00%,239.70000000000002,0.01%,13822.7,178,30,0,,,,7天无理由|蚂蚁花呗|信用卡支付|集分宝,粮油调味/速食/干货/烘焙,方便速食/速冻食品,方便面/拉面/面皮,,,2021-05-28,10:06:01,23时27分11秒,五,http://item.taobao.com/item.htm?id=626008623196,https://kandianbao.com/item/626008623196/, 
7,https://img.alicdn.com/imgextra/i4/3534944430/O1CN01S8rtcJ1iaz8E6Gb2s_!!0-item_pic.jpg,五谷道场旗舰店方便面非油炸原盅鸡汤面30袋装整箱装速食网红泡面,	586319872595,,99.9,99.9,200,200,49.95%,0,446,0,4,216,0.00%,399.6,0.01%,21578.4,108,39,0,,,掌柜推荐,7天无理由|蚂蚁花呗|信用卡支付|集分宝,粮油调味/速食/干货/烘焙,方便速食/速冻食品,方便面/拉面/面皮,,,2021-05-28,09:08:53,22时30分3秒,五,http://item.taobao.com/item.htm?id=586319872595,https://kandianbao.com/item/586319872595/, 
8,https://img.alicdn.com/imgextra/i4/3534944430/O1CN01CAdBlB1iaz8GZU477_!!3534944430.jpg,五谷道场旗舰店方便面非油炸酸汤老鸭101g*4桶装整箱速食网红泡面,	563363985770,,29.9,29.9,39.8,39.8,75.13%,0,902,0,5,1180,0.00%,149.5,0.00%,35282,574,113,0,,,掌柜推荐,7天无理由|蚂蚁花呗|信用卡支付|集分宝,粮油调味/速食/干货/烘焙,方便速食/速冻食品,方便面/拉面/面皮,,,2021-06-01,17:35:07,5天6时56分17秒,二,http://item.taobao.com/item.htm?id=563363985770,https://kandianbao.com/item/563363985770/, 
9,https://img.alicdn.com/imgextra/i1/3534944430/O1CN01dlA2Kb1iazAM5gSB0_!!0-item_pic.jpg,五谷道场旗舰店非油炸方便面韩式泡菜辣白菜拉面网红泡面夜宵6碗,	616641950631,,38.9,77.9,59,79,98.61%,2,1143,0,5,110,0.00%,272.5,0.01%,5995,80,23,0,,,品牌钜惠,7天无理由|蚂蚁花呗|信用卡支付|集分宝,粮油调味/速食/干货/烘焙,方便速食/速冻食品,方便面/拉面/面皮,,,2021-05-31,11:20:06,4天41分16秒,一,http://item.taobao.com/item.htm?id=616641950631,https://kandianbao.com/item/616641950631/, 
10,https://img.alicdn.com/imgextra/i1/3534944430/O1CN015Q4DOo1iazEw2nTAI_!!0-item_pic.jpg,五谷道场方便面非油炸经典老坛酸菜牛肉面速食网红宿舍懒人泡面,	640736970396,,49.9,49.9,59.9,59.9,83.31%,0,174,0,5,24,0.00%,249.5,0.01%,1197.6,10,2,0,,,掌柜推荐,7天无理由|蚂蚁花呗|信用卡支付|集分宝,粮油调味/速食/干货/烘焙,方便速食/速冻食品,方便面/拉面/面皮,,,2021-05-27,15:41:59,5时3分9秒,四,http://item.taobao.com/item.htm?id=640736970396,https://kandianbao.com/item/640736970396/, 
11,https://img.alicdn.com/imgextra/i1/3534944430/O1CN018NVJQW1iazFfH4dvb_!!3534944430.jpg,【618预售】五谷道场非油炸方便面自热面油泼面刀削面6盒装泡面,	629162037121,,10.0,10.0,109,109,9.17%,4,7902,0,7,69,0.00%,70,0.00%,690,126,16,0,,,预售价,7天无理由|蚂蚁花呗|信用卡支付|集分宝,粮油调味/速食/干货/烘焙,方便速食/速冻食品,方便面/拉面/面皮,,,2021-06-02,10:23:08,5天23时44分18秒,三,http://item.taobao.com/item.htm?id=629162037121,https://kandianbao.com/item/629162037121/, 
12,https://img.alicdn.com/imgextra/i2/3534944430/O1CN01yVaAvW1iazBTgq2gJ_!!0-item_pic.jpg,五谷道场旗舰店非油炸方便面韩式火鸡面拌面网红速食6盒装泡面,	624861406713,,38.9,38.9,49.9,49.9,77.96%,0,207,0,7,81,0.00%,272.3,0.01%,3150.9,48,13,0,,,掌柜推荐,7天无理由|蚂蚁花呗|信用卡支付|集分宝,粮油调味/速食/干货/烘焙,方便速食/速冻食品,方便面/拉面/面皮,,,2021-05-28,11:31:32,1天52分42秒,五,http://item.taobao.com/item.htm?id=624861406713,https://kandianbao.com/item/624861406713/, 
13,https://img.alicdn.com/imgextra/i2/3534944430/O1CN01OQbAEM1iazFFQz237_!!0-item_pic.jpg,五谷道场非油炸方便面正宗韩式火鸡面超辣变态辣袋装拌面速食泡面,	643350323052,,65.9,65.9,131.8,131.8,50.00%,1,187,0,7,12,0.00%,461.30000000000007,0.01%,790.8000000000001,8,1,0,,,掌柜推荐,7天无理由|蚂蚁花呗|信用卡支付|集分宝,粮油调味/速食/干货/烘焙,方便速食/速冻食品,方便面/拉面/面皮,,,2021-06-01,16:22:02,5天5时43分12秒,二,http://item.taobao.com/item.htm?id=643350323052,https://kandianbao.com/item/643350323052/, 
14,https://img.alicdn.com/imgextra/i4/3534944430/O1CN01IqNkYR1iazBvViU64_!!0-item_pic.jpg,五谷道场旗舰店方便面非油炸剁椒鱼头面30包整箱装速食袋装泡面,	587234699857,,129,129,290,290,44.48%,0,899,0,8,204,0.01%,1032,0.02%,26316,86,22,0,,,掌柜推荐,7天无理由|蚂蚁花呗|信用卡支付|集分宝,粮油调味/速食/干货/烘焙,方便速食/速冻食品,方便面/拉面/面皮,,,2021-06-01,18:14:41,5天7时35分51秒,二,http://item.taobao.com/item.htm?id=587234699857,https://kandianbao.com/item/587234699857/, 
15,https://img.alicdn.com/imgextra/i4/3534944430/O1CN01Py4OWh1iazAM7Rs3z_!!0-item_pic.jpg,五谷道场旗舰店方便面非油炸海带排骨面4桶装整箱装速食网红泡面,	563294021531,,32.9,32.9,36.8,36.8,89.40%,1,452,0,9,876,0.01%,296.09999999999997,0.01%,28820.399999999998,436,78,0,,,掌柜推荐,7天无理由|蚂蚁花呗|信用卡支付|集分宝,粮油调味/速食/干货/烘焙,方便速食/速冻食品,方便面/拉面/面皮,,,2021-05-28,09:08:52,22时30分2秒,五,http://item.taobao.com/item.htm?id=563294021531,https://kandianbao.com/item/563294021531/, 
16,https://img.alicdn.com/imgextra/i3/3534944430/O1CN01HVlR3U1iazEa6hHPF_!!0-item_pic.jpg,五谷道场非油炸泡面双椒肥牛拉面盒装速食网红早餐宵夜便当方便面,	634143246454,,34.9,34.9,34.9,34.9,100.00%,1,154,0,9,67,0.01%,314.09999999999997,0.01%,2338.2999999999997,48,16,0,,,,7天无理由|蚂蚁花呗|信用卡支付|集分宝,粮油调味/速食/干货/烘焙,方便速食/速冻食品,方便面/拉面/面皮,,,2021-06-02,14:20:27,6天3时41分37秒,三,http://item.taobao.com/item.htm?id=634143246454,https://kandianbao.com/item/634143246454/, 
17,https://img.alicdn.com/imgextra/i2/3534944430/O1CN01VvQ1nA1iazFb0uPS3_!!0-item_pic.jpg,五谷道场旗舰店方便面非油炸酸汤老鸭面15连包整箱装速食网红泡面,	584500187739,,49.9,49.9,69,69,72.32%,0,873,0,10,605,0.01%,499,0.01%,30189.5,270,131,0,,,掌柜推荐,7天无理由|蚂蚁花呗|信用卡支付|集分宝,粮油调味/速食/干货/烘焙,方便速食/速冻食品,方便面/拉面/面皮,,,2021-06-01,08:36:59,4天21时58分9秒,二,http://item.taobao.com/item.htm?id=584500187739,https://kandianbao.com/item/584500187739/, 
18,https://img.alicdn.com/imgextra/i4/3534944430/O1CN01yGYsxd1iaz8G5i49J_!!0-item_pic.jpg,五谷道场旗舰店方便面非油炸酸汤老鸭6桶装箱整批发速食网红泡面,	575468795177,,35.9,35.9,69,69,52.03%,0,892,0,11,636,0.01%,394.9,0.01%,22832.399999999998,196,78,0,,,掌柜推荐,7天无理由|蚂蚁花呗|信用卡支付|集分宝,粮油调味/速食/干货/烘焙,方便速食/速冻食品,方便面/拉面/面皮,,,2021-06-01,17:35:06,5天6时56分16秒,二,http://item.taobao.com/item.htm?id=575468795177,https://kandianbao.com/item/575468795177/, 
19,https://img.alicdn.com/imgextra/i2/3534944430/O1CN01XTCWom1iaz8DB2G0j_!!0-item_pic.jpg,五谷道场旗舰店方便面非油炸泡菜土豆拉面10连包整箱速食网红泡面,	563392142600,,48.9,48.9,56.8,56.8,86.09%,0,876,0,11,929,0.01%,537.9,0.01%,45428.1,1146,97,1,,,掌柜推荐,7天无理由|蚂蚁花呗|信用卡支付|集分宝,粮油调味/速食/干货/烘焙,方便速食/速冻食品,方便面/拉面/面皮,,,2021-06-01,15:56:08,5天5时17分18秒,二,http://item.taobao.com/item.htm?id=563392142600,https://kandianbao.com/item/563392142600/, 
20,https://img.alicdn.com/imgextra/i2/3534944430/O1CN01dGFo6v1iazFEb3uuY_!!0-item_pic.jpg,五谷道场旗舰店酸菜牛肉方便面非油炸15包袋装速食网红泡面整箱装,	642614987656,,65.9,65.9,131.8,131.8,50.00%,1,181,0,12,18,0.01%,790.8000000000001,0.02%,1186.2,10,0,0,,,掌柜推荐,7天无理由|蚂蚁花呗|信用卡支付|集分宝,粮油调味/速食/干货/烘焙,方便速食/速冻食品,方便面/拉面/面皮,,,2021-05-29,10:27:14,1天23时48分24秒,六,http://item.taobao.com/item.htm?id=642614987656,https://kandianbao.com/item/642614987656/, 
21,https://img.alicdn.com/imgextra/i1/3534944430/O1CN012JN6Pd1iazEskPu8u_!!0-item_pic.jpg,五谷道场方便面非油炸咸蛋黄拌面12包整箱袋装网红速食宿舍泡面,	640742718750,,65.9,65.9,79.9,79.9,82.48%,0,171,0,14,27,0.01%,922.6000000000001,0.02%,1779.3000000000002,36,6,0,,,掌柜推荐,7天无理由|蚂蚁花呗|信用卡支付|集分宝,粮油调味/速食/干货/烘焙,方便速食/速冻食品,方便面/拉面/面皮,,,2021-05-27,16:02:42,5时23分52秒,四,http://item.taobao.com/item.htm?id=640742718750,https://kandianbao.com/item/640742718750/, 
22,https://img.alicdn.com/imgextra/i4/3534944430/O1CN01x3Mihq1iazEgxl2vi_!!2-item_pic.png,【折上94折】五谷道场品牌购物金VIP专享--全店商品通用,	639551677863,,200.0,940.0,200.0,940.0,100.00%,3,1447,0,14,54,0.01%,6944,0.16%,26784,0,0,0,,,,7天无理由|蚂蚁花呗|信用卡支付|集分宝,购物金,食品购物金,粮油米调味干货购物金,,,2021-06-02,15:42:06,6天5时3分16秒,三,http://item.taobao.com/item.htm?id=639551677863,https://kandianbao.com/item/639551677863/, 
23,https://img.alicdn.com/imgextra/i4/3534944430/O1CN01Z4kVjT1iazFfWzvKz_!!3534944430.jpg,五谷道场非油炸面番茄牛腩紫薯双椒肥牛土豆组合4盒,	625434225507,,10.0,10.0,79.9,79.9,12.52%,3,586,0,16,237,0.01%,160,0.00%,2370,192,44,0,,,预售价,7天无理由|蚂蚁花呗|信用卡支付|集分宝,粮油调味/速食/干货/烘焙,方便速食/速冻食品,方便面/拉面/面皮,,,2021-05-28,10:18:59,23时40分9秒,五,http://item.taobao.com/item.htm?id=625434225507,https://kandianbao.com/item/625434225507/, 
24,https://img.alicdn.com/imgextra/i2/3534944430/O1CN01HF8xPp1iaz8DNFLQf_!!3534944430.jpg,五谷道场旗舰店方便面非油炸酸辣牛肉面15连包整袋装速食网红泡面,	589393950975,,46.9,46.9,99,99,47.37%,0,2306,0,16,1103,0.01%,750.4,0.02%,51730.7,458,227,0,,,掌柜推荐,7天无理由|蚂蚁花呗|信用卡支付|集分宝,粮油调味/速食/干货/烘焙,方便速食/速冻食品,方便面/拉面/面皮,,,2021-05-31,20:00:00,4天9时21分10秒,一,http://item.taobao.com/item.htm?id=589393950975,https://kandianbao.com/item/589393950975/,味道超级棒(2)
25,https://img.alicdn.com/imgextra/i3/3534944430/O1CN01QsfQ7y1iazEh8ZvI1_!!0-item_pic.jpg,五谷道场香辣牛肉方便面非油炸面整箱装袋装宵夜速食食品宿舍泡面,	639905594346,,46.9,46.9,59.9,59.9,78.30%,1,439,0,16,55,0.01%,750.4,0.02%,2579.5,36,5,0,,,掌柜推荐,7天无理由|蚂蚁花呗|信用卡支付|集分宝,粮油调味/速食/干货/烘焙,方便速食/速冻食品,方便面/拉面/面皮,,,2021-05-26,17:50:11,16时48分22秒,三,http://item.taobao.com/item.htm?id=639905594346,https://kandianbao.com/item/639905594346/, 
26,https://img.alicdn.com/imgextra/i1/3534944430/O1CN01FmzbHQ1iaz8DxUL3u_!!0-item_pic.jpg,五谷道场旗舰店方便面非油炸豉汁辣排102g*4桶装微辣速食网红泡面,	563340057808,,29.9,29.9,39.8,39.8,75.13%,0,819,0,17,1278,0.01%,508.29999999999995,0.01%,38212.2,564,184,0,,,掌柜推荐,7天无理由|蚂蚁花呗|信用卡支付|集分宝,粮油调味/速食/干货/烘焙,方便速食/速冻食品,方便面/拉面/面皮,,,2021-05-31,13:15:57,4天2时37分7秒,一,http://item.taobao.com/item.htm?id=563340057808,https://kandianbao.com/item/563340057808/, 
27,https://img.alicdn.com/imgextra/i3/3534944430/O1CN01MSYDrk1iaz8GaX3B2_!!3534944430.jpg,五谷道场旗舰店方便面非油炸原盅鸡汤6桶装整箱批发速食网红泡面,	587115668618,,36.9,36.9,79,79,46.71%,0,426,0,18,787,0.01%,664.1999999999999,0.02%,29040.3,316,137,0,,,掌柜推荐,7天无理由|蚂蚁花呗|信用卡支付|集分宝,粮油调味/速食/干货/烘焙,方便速食/速冻食品,方便面/拉面/面皮,,,2021-05-28,10:00:00,23时21分10秒,五,http://item.taobao.com/item.htm?id=587115668618,https://kandianbao.com/item/587115668618/, 
28,https://img.alicdn.com/imgextra/i4/3534944430/O1CN01UpU7PS1iaz8DDjyYl_!!0-item_pic.jpg,五谷道场旗舰店方便面非油炸豉汁辣排15连包整袋批发速食网红泡面,	563406046953,,49.9,49.9,69.8,69.8,71.49%,0,825,0,18,1404,0.01%,898.1999999999999,0.02%,70059.59999999999,582,140,0,,,掌柜推荐,7天无理由|蚂蚁花呗|信用卡支付|集分宝,粮油调味/速食/干货/烘焙,方便速食/速冻食品,方便面/拉面/面皮,,,2021-05-31,08:21:41,3天21时42分51秒,一,http://item.taobao.com/item.htm?id=563406046953,https://kandianbao.com/item/563406046953/, 
29,https://img.alicdn.com/imgextra/i1/3534944430/O1CN01eyM2pi1iazF5p7M1c_!!0-item_pic.jpg,五谷道场旗舰店方便面非油炸芝士拉面12包整箱装袋装速食网红泡面,	641503061907,,65.9,65.9,79.9,79.9,82.48%,1,129,0,18,29,0.01%,1186.2,0.03%,1911.1000000000001,98,8,0,,,掌柜推荐,7天无理由|蚂蚁花呗|信用卡支付|集分宝,粮油调味/速食/干货/烘焙,方便速食/速冻食品,方便面/拉面/面皮,,,2021-05-28,13:48:37,1天3时9分47秒,五,http://item.taobao.com/item.htm?id=641503061907,https://kandianbao.com/item/641503061907/, 
30,https://img.alicdn.com/imgextra/i1/3534944430/O1CN01Ikcv2R1iazAORCEAh_!!0-item_pic.jpg,五谷道场旗舰店方便面非油炸海带排骨12桶装整箱夜宵速食网红泡面,	568587000127,,77.9,77.9,108,108,72.13%,0,863,0,18,429,0.01%,1402.2,0.03%,33419.100000000006,270,54,0,,,掌柜推荐,7天无理由|蚂蚁花呗|信用卡支付|集分宝,粮油调味/速食/干货/烘焙,方便速食/速冻食品,方便面/拉面/面皮,,,2021-05-31,17:59:38,4天7时20分48秒,一,http://item.taobao.com/item.htm?id=568587000127,https://kandianbao.com/item/568587000127/, 
31,https://img.alicdn.com/imgextra/i3/3534944430/O1CN011iaz1d8ZvM6LYli_!!3534944430.jpg,五谷道场旗舰店方便面非油炸椒麻鸡干拌面4桶装整箱速食网红泡面,	563292137672,,42.9,42.9,46.8,46.8,91.67%,0,1316,0,19,4405,0.01%,815.1,0.02%,188974.5,2938,285,0,,,掌柜推荐,7天无理由|蚂蚁花呗|信用卡支付|集分宝,粮油调味/速食/干货/烘焙,方便速食/速冻食品,方便面/拉面/面皮,,,2021-06-01,22:31:14,5天11时52分24秒,二,http://item.taobao.com/item.htm?id=563292137672,https://kandianbao.com/item/563292137672/, 
32,https://img.alicdn.com/imgextra/i2/3534944430/O1CN014fLYR71iazEcfWI6P_!!0-item_pic.jpg,五谷道场方便面麻辣小龙虾拌面袋装宿舍速食12包非油炸泡面整箱装,	639901862441,,65.9,65.9,79.9,79.9,82.48%,1,457,0,20,41,0.01%,1318,0.03%,2701.9,30,5,0,,,掌柜推荐,7天无理由|蚂蚁花呗|信用卡支付|集分宝,粮油调味/速食/干货/烘焙,方便速食/速冻食品,方便面/拉面/面皮,,,2021-06-02,17:02:07,6天6时23分17秒,三,http://item.taobao.com/item.htm?id=639901862441,https://kandianbao.com/item/639901862441/, 
33,https://img.alicdn.com/imgextra/i4/3534944430/O1CN011irLPa1iazBy2gESI_!!0-item_pic.jpg,五谷道场旗舰店方便面非油炸剁椒鱼头面6桶装整箱装速食网红泡面,	581665600947,,39.9,39.9,69,69,57.83%,0,818,0,24,1092,0.02%,957.5999999999999,0.02%,43570.799999999996,440,121,0,,,掌柜推荐,7天无理由|蚂蚁花呗|信用卡支付|集分宝,粮油调味/速食/干货/烘焙,方便速食/速冻食品,方便面/拉面/面皮,,,2021-06-01,18:14:34,5天7时35分44秒,二,http://item.taobao.com/item.htm?id=581665600947,https://kandianbao.com/item/581665600947/, 
34,https://img.alicdn.com/imgextra/i3/3534944430/O1CN010v9YM71iazBvVuEJl_!!0-item_pic.jpg,五谷道场旗舰店方便面非油炸剁椒鱼头面15连包整箱装速食网红泡面,	587080982905,,65.9,65.9,69.8,69.8,94.41%,0,828,0,25,454,0.02%,1647.5000000000002,0.04%,29918.600000000002,168,80,0,,,掌柜推荐,7天无理由|蚂蚁花呗|信用卡支付|集分宝,粮油调味/速食/干货/烘焙,方便速食/速冻食品,方便面/拉面/面皮,,,2021-06-01,18:14:40,5天7时35分50秒,二,http://item.taobao.com/item.htm?id=587080982905,https://kandianbao.com/item/587080982905/, 
35,https://img.alicdn.com/imgextra/i4/3534944430/O1CN016QYdvb1iaz4c07koF_!!3534944430.jpg,五谷道场旗舰店方便面非油炸小鸡炖蘑菇面15连包整袋速食网红泡面,	590639811861,,46.9,46.9,69.9,69.9,67.10%,0,377,0,27,1269,0.02%,1266.3,0.03%,59516.1,464,291,0,,,掌柜推荐,7天无理由|蚂蚁花呗|信用卡支付|集分宝,粮油调味/速食/干货/烘焙,方便速食/速冻食品,方便面/拉面/面皮,,,2021-05-28,21:00:00,1天10时21分10秒,五,http://item.taobao.com/item.htm?id=590639811861,https://kandianbao.com/item/590639811861/,很好吃(5);味道有些奇怪(2)
36,https://img.alicdn.com/imgextra/i1/3534944430/O1CN011N68kD1iaz9LcT7wt_!!0-item_pic.jpg,五谷道场旗舰店方便面非油炸番茄牛腩面12盒装整箱装网红速食泡面,	568756195592,,69.9,69.9,79,79,88.48%,0,691,0,29,907,0.02%,2027.1000000000001,0.05%,63399.3,370,117,0,,,掌柜推荐,7天无理由|蚂蚁花呗|信用卡支付|集分宝,粮油调味/速食/干货/烘焙,方便速食/速冻食品,方便面/拉面/面皮,,,2021-05-27,15:06:40,4时27分50秒,四,http://item.taobao.com/item.htm?id=568756195592,https://kandianbao.com/item/568756195592/, 
37,https://img.alicdn.com/imgextra/i3/3534944430/O1CN01TMNPm91iaz8VTRwMJ_!!0-item_pic.jpg,五谷道场旗舰店方便面非油炸番茄鸡汤不辣组合速食网红宿舍泡面,	603204779855,,70.0,84.9,70.0,84.9,100.00%,8,4403,0,30,1372,0.02%,2278.8,0.05%,104217.12000000001,1250,346,0,,,,7天无理由|蚂蚁花呗|信用卡支付|集分宝,粮油调味/速食/干货/烘焙,方便速食/速冻食品,方便面/拉面/面皮,,,2021-05-31,16:45:13,4天6时6分23秒,一,http://item.taobao.com/item.htm?id=603204779855,https://kandianbao.com/item/603204779855/, 
38,https://img.alicdn.com/imgextra/i4/3534944430/O1CN01BCiVwj1iaz8BDSGoA_!!0-item_pic.jpg,五谷道场旗舰店方便面非油炸番茄牛腩30连包整袋批发速食网红泡面,	585061031901,,99.9,99.9,290,290,34.45%,0,719,0,30,956,0.02%,2997,0.07%,95504.40000000001,386,203,0,,,掌柜推荐,7天无理由|蚂蚁花呗|信用卡支付|集分宝,粮油调味/速食/干货/烘焙,方便速食/速冻食品,方便面/拉面/面皮,,,2021-06-02,21:00:00,6天10时21分10秒,三,http://item.taobao.com/item.htm?id=585061031901,https://kandianbao.com/item/585061031901/,喜欢味道(5);会回购(2);物美价廉(2)
39,https://img.alicdn.com/imgextra/i3/3534944430/O1CN0135lR651iazFIkR9TW_!!0-item_pic.jpg,五谷道场旗舰店方便面非油炸日式豚骨拉面15袋装速食网红泡面,	641988660440,,49.9,49.9,99.8,99.8,50.00%,1,183,0,31,37,0.02%,1546.8999999999999,0.04%,1846.3,22,6,0,,,掌柜推荐,7天无理由|蚂蚁花呗|信用卡支付|集分宝,粮油调味/速食/干货/烘焙,方便速食/速冻食品,方便面/拉面/面皮,,,2021-05-28,15:56:21,1天5时17分31秒,五,http://item.taobao.com/item.htm?id=641988660440,https://kandianbao.com/item/641988660440/, 
40,https://img.alicdn.com/imgextra/i1/3534944430/O1CN01KgULIJ1iazAOt0Dza_!!0-item_pic.jpg,五谷道场旗舰店非油炸辣白菜方便面韩式泡菜拉面5包网红泡面袋装,	615839736325,,24.9,24.9,39.9,39.9,62.41%,2,396,0,32,1095,0.02%,796.8,0.02%,27265.5,456,200,0,,,品牌钜惠,7天无理由|蚂蚁花呗|信用卡支付|集分宝,粮油调味/速食/干货/烘焙,方便速食/速冻食品,方便面/拉面/面皮,,,2021-05-27,18:11:45,7时32分55秒,四,http://item.taobao.com/item.htm?id=615839736325,https://kandianbao.com/item/615839736325/,很好吃(2);奇怪味道(2)
41,https://img.alicdn.com/imgextra/i2/3534944430/O1CN01fcsJ7v1iazADK0A88_!!0-item_pic.jpg,五谷道场旗舰店方便面非油炸土豆拉面5连包整袋批发速食网红泡面,	568668650387,,24.9,24.9,30,30,83.00%,0,18,0,33,4955,0.02%,821.6999999999999,0.02%,123379.5,3548,684,0,,,掌柜推荐,7天无理由|蚂蚁花呗|信用卡支付|集分宝,粮油调味/速食/干货/烘焙,方便速食/速冻食品,方便面/拉面/面皮,,,2021-05-31,08:10:31,3天21时31分41秒,一,http://item.taobao.com/item.htm?id=568668650387,https://kandianbao.com/item/568668650387/,辣味不重(2);包装很好(3);口味适合(4);很难吃(2)
42,https://img.alicdn.com/imgextra/i1/3534944430/O1CN01jHYTRg1iazBxgvtuk_!!0-item_pic.jpg,五谷道场旗舰店方便面非油炸酸笋肥牛番茄牛腩6桶装速食网红泡面,	575749080895,,36.9,36.9,79,79,46.71%,0,589,0,33,3588,0.02%,1217.7,0.03%,132397.19999999998,8694,469,0,,,掌柜推荐,7天无理由|公益宝贝|蚂蚁花呗|信用卡支付|集分宝,粮油调味/速食/干货/烘焙,方便速食/速冻食品,方便面/拉面/面皮,,,2021-05-30,22:45:39,3天12时6分49秒,日,http://item.taobao.com/item.htm?id=575749080895,https://kandianbao.com/item/575749080895/, 
43,https://img.alicdn.com/imgextra/i3/3534944430/O1CN01O0dPzL1iazAOkukQJ_!!0-item_pic.jpg,五谷道场旗舰店方便面非油炸海带排骨面15连包整箱装速食网红泡面,	563296861954,,65.9,65.9,71.8,71.8,91.78%,0,283,0,37,2612,0.03%,2438.3,0.06%,172130.80000000002,1224,318,1,,,掌柜推荐,7天无理由|蚂蚁花呗|信用卡支付|集分宝,粮油调味/速食/干货/烘焙,方便速食/速冻食品,方便面/拉面/面皮,,,2021-05-28,19:34:15,1天8时55分25秒,五,http://item.taobao.com/item.htm?id=563296861954,https://kandianbao.com/item/563296861954/,回购几次(2);我喜欢味道(3)
44,https://img.alicdn.com/imgextra/i3/3534944430/O1CN01mJXfYT1iazDdSCP66_!!0-item_pic.jpg,五谷道场非油炸方便面番茄牛腩日式金汤肥牛拉面盒装速食网红泡面,	624673982954,,34.9,34.9,59.9,59.9,58.26%,2,373,0,39,1270,0.03%,1361.1,0.03%,44323,912,272,0,,,品牌钜惠,7天无理由|蚂蚁花呗|信用卡支付|集分宝,粮油调味/速食/干货/烘焙,方便速食/速冻食品,方便面/拉面/面皮,,,2021-06-01,11:05:58,5天27分8秒,二,http://item.taobao.com/item.htm?id=624673982954,https://kandianbao.com/item/624673982954/,有5包料(2);包装高大上(7);很好吃(9);很健康(2);会回购(2);非常难吃(4)
45,https://img.alicdn.com/imgextra/i3/3534944430/O1CN01EtEuIa1iaz9hwmFkA_!!0-item_pic.jpg,五谷道场旗舰店方便面非油炸番茄牛腩面单桶装夜宵速食网红泡面,	567917296004,,9.9,9.9,59,59,16.78%,0,2206,0,41,3470,0.03%,405.90000000000003,0.01%,34353,1102,253,0,,,掌柜推荐,7天无理由|蚂蚁花呗|信用卡支付|集分宝,粮油调味/速食/干货/烘焙,方便速食/速冻食品,方便面/拉面/面皮,,,2021-05-31,19:26:08,4天8时47分18秒,一,http://item.taobao.com/item.htm?id=567917296004,https://kandianbao.com/item/567917296004/,很好吃(3);一直回购(2);包装完美(2)
46,https://img.alicdn.com/imgextra/i2/3534944430/O1CN01BEFJP61iaz8Gz9DaV_!!0-item_pic.jpg,五谷道场旗舰店方便面非油炸红烧牛肉面15连包整袋装速食网红泡面,	590326673949,,46.9,46.9,69.9,69.9,67.10%,0,276,0,42,3305,0.03%,1969.8,0.05%,155004.5,1146,695,0,,,掌柜推荐,7天无理由|蚂蚁花呗|信用卡支付|集分宝,粮油调味/速食/干货/烘焙,方便速食/速冻食品,方便面/拉面/面皮,,,2021-05-28,23:00:00,1天12时21分10秒,五,http://item.taobao.com/item.htm?id=590326673949,https://kandianbao.com/item/590326673949/,包装大气(2);正品(2);很好吃(10);很健康(2);还会再来(3);很筋道(2)
47,https://img.alicdn.com/imgextra/i1/3534944430/O1CN0148p0sr1iaz8CWdkG2_!!0-item_pic.jpg,五谷道场旗舰店方便面非油炸番茄牛腩面6桶装整箱装速食网红泡面,	576131915865,,35.9,35.9,79,79,45.44%,0,2215,0,43,3582,0.03%,1543.7,0.04%,128593.79999999999,1190,568,0,,,掌柜推荐,7天无理由|蚂蚁花呗|信用卡支付|集分宝,粮油调味/速食/干货/烘焙,方便速食/速冻食品,方便面/拉面/面皮,,,2021-06-01,14:08:13,5天3时29分23秒,二,http://item.taobao.com/item.htm?id=576131915865,https://kandianbao.com/item/576131915865/,喜欢味道(8);经常买(2)
48,https://img.alicdn.com/imgextra/i1/3534944430/O1CN01c3eZzg1iazAliyu0E_!!0-item_pic.jpg,五谷道场旗舰店非油炸方便面香辣咸蛋黄拌面6碗整箱速食网红泡面,	618903439887,,38.9,38.9,59,59,65.93%,0,500,0,45,386,0.03%,1750.5,0.04%,15015.4,208,67,0,,,掌柜推荐,7天无理由|蚂蚁花呗|信用卡支付|集分宝,粮油调味/速食/干货/烘焙,方便速食/速冻食品,方便面/拉面/面皮,,,2021-06-02,22:49:20,6天12时10分30秒,三,http://item.taobao.com/item.htm?id=618903439887,https://kandianbao.com/item/618903439887/, 
49,https://img.alicdn.com/imgextra/i3/3534944430/O1CN014IxY6A1iazBR3ZPSY_!!0-item_pic.jpg,五谷道场非油炸方便面正宗韩式火鸡面超辣变态辣袋装拌面速食泡面,	623857994562,,23.9,23.9,29.9,29.9,79.93%,1,617,0,46,952,0.03%,1099.3999999999999,0.03%,22752.8,404,158,0,,,掌柜推荐,7天无理由|蚂蚁花呗|信用卡支付|集分宝,粮油调味/速食/干货/烘焙,方便速食/速冻食品,方便面/拉面/面皮,,,2021-05-29,14:17:29,2天3时38分39秒,六,http://item.taobao.com/item.htm?id=623857994562,https://kandianbao.com/item/623857994562/,很好吃(7);量足(2)
50,https://img.alicdn.com/imgextra/i3/3534944430/O1CN01mnL9551iazAK1o85r_!!0-item_pic.jpg,五谷道场旗舰店方便面非油炸海带排骨面6桶装整箱装速食网红泡面,	575361046607,,38.9,38.9,79,79,49.24%,0,702,0,47,1853,0.03%,1828.3,0.04%,72081.7,608,268,0,,,掌柜推荐,7天无理由|蚂蚁花呗|信用卡支付|集分宝,粮油调味/速食/干货/烘焙,方便速食/速冻食品,方便面/拉面/面皮,,,2021-05-27,16:18:49,5时39分59秒,四,http://item.taobao.com/item.htm?id=575361046607,https://kandianbao.com/item/575361046607/, 
51,https://img.alicdn.com/imgextra/i4/3534944430/O1CN01Ro1clv1iazFggX5vM_!!3534944430.jpg,【618预售】五谷道场非油炸方便面混搭组合网红泡面速食整箱袋装,	618219473008,,10.0,10.0,75.9,79.9,12.52%,2,823,0,52,652,0.04%,520,0.01%,6520,570,124,0,,,预售价,7天无理由|蚂蚁花呗|信用卡支付|集分宝,粮油调味/速食/干货/烘焙,方便速食/速冻食品,方便面/拉面/面皮,,,2021-06-03,09:06:21,6天22时27分31秒,四,http://item.taobao.com/item.htm?id=618219473008,https://kandianbao.com/item/618219473008/,很好吃(2)
52,https://img.alicdn.com/imgextra/i2/3534944430/O1CN01Z0mUOs1iaz8B7pIqY_!!3534944430.jpg,五谷道场旗舰店方便面非油炸原盅鸡汤15连包整箱夜宵速食网红泡面,	563365278291,,49.9,49.9,71.8,71.8,69.50%,0,543,0,52,2755,0.04%,2594.7999999999997,0.06%,137474.5,942,311,0,,,掌柜推荐,7天无理由|蚂蚁花呗|信用卡支付|集分宝,粮油调味/速食/干货/烘焙,方便速食/速冻食品,方便面/拉面/面皮,,,2021-06-01,09:14:32,4天22时35分42秒,二,http://item.taobao.com/item.htm?id=563365278291,https://kandianbao.com/item/563365278291/,口感味道好(4);很健康(2);价格实惠(3)
53,https://img.alicdn.com/imgextra/i4/3534944430/O1CN011kBdYT1iazEQFlGeG_!!0-item_pic.jpg,五谷道场自热米饭懒人速食即食网红小火锅煲仔饭宿舍宵夜自热饭,	635779409081,,59.9,104.9,119,119,88.15%,11,5221,0,52,344,0.04%,4050.8,0.10%,26797.600000000002,170,55,0,,,品牌钜惠,7天无理由|蚂蚁花呗|信用卡支付|集分宝,粮油调味/速食/干货/烘焙,方便速食/速冻食品,方便米饭,,,2021-06-02,11:00:25,6天21分35秒,三,http://item.taobao.com/item.htm?id=635779409081,https://kandianbao.com/item/635779409081/, 
54,https://img.alicdn.com/imgextra/i3/3534944430/O1CN011iaz1jCf8LV7TGF_!!3534944430.jpg,五谷道场旗舰店方便面非油炸红烧牛肉面12桶整箱批发夜宵网红泡面,	569322474334,,69.9,69.9,108,108,64.72%,2,435,0,61,2209,0.04%,4263.900000000001,0.10%,154409.1,616,230,0,,,掌柜推荐,7天无理由|蚂蚁花呗|信用卡支付|集分宝,粮油调味/速食/干货/烘焙,方便速食/速冻食品,方便面/拉面/面皮,,,2021-05-31,09:20:10,3天22时41分20秒,一,http://item.taobao.com/item.htm?id=569322474334,https://kandianbao.com/item/569322474334/, 
55,https://img.alicdn.com/imgextra/i2/3534944430/O1CN01tovB6U1iazFVNjYcS_!!3534944430.jpg,五谷道场非油炸方便面番茄牛腩10包+酸笋肥牛10包速食网红泡面,	628615668767,,10.0,10.0,79.9,79.9,12.52%,2,947,0,62,628,0.04%,620,0.01%,6280,634,130,0,,,预售价,7天无理由|蚂蚁花呗|信用卡支付|集分宝,粮油调味/速食/干货/烘焙,方便速食/速冻食品,方便面/拉面/面皮,,,2021-06-02,17:38:35,6天6时59分45秒,三,http://item.taobao.com/item.htm?id=628615668767,https://kandianbao.com/item/628615668767/,发货速度很快(2)
56,https://img.alicdn.com/imgextra/i2/3534944430/O1CN01bEpwT71iazFi0eEjv_!!3534944430.jpg,【618预售】五谷道场方便面非油炸混搭组合网红泡面速食整箱袋装,	618219925929,,10.0,10.0,74.9,74.9,13.35%,3,964,0,65,777,0.05%,650,0.02%,7770,588,127,0,,,预售价,7天无理由|蚂蚁花呗|信用卡支付|集分宝,粮油调味/速食/干货/烘焙,方便速食/速冻食品,方便面/拉面/面皮,,,2021-05-29,13:59:44,2天3时20分54秒,六,http://item.taobao.com/item.htm?id=618219925929,https://kandianbao.com/item/618219925929/,很多个口味(4);价格比较合适(2);不好吃(2)
57,https://img.alicdn.com/imgextra/i4/3534944430/O1CN01jWZAAn1iaz9s5GleF_!!0-item_pic.jpg,五谷道场旗舰店方便面非油炸酸笋肥牛面15连包整袋装速食网红泡面,	563225708989,,65.9,65.9,68.8,68.8,95.78%,0,302,0,65,3383,0.05%,4283.5,0.10%,222939.7,1984,410,1,,,掌柜推荐,7天无理由|蚂蚁花呗|信用卡支付|集分宝,粮油调味/速食/干货/烘焙,方便速食/速冻食品,方便面/拉面/面皮,,,2021-05-27,10:48:06,9分16秒,四,http://item.taobao.com/item.htm?id=563225708989,https://kandianbao.com/item/563225708989/,特别好吃(14);快递太暴力(2)
58,https://img.alicdn.com/imgextra/i3/3534944430/O1CN01CEh10F1iazFWuhvLF_!!0-item_pic.jpg,五谷道场非油炸方便面热干面武汉包邮正宗拌面免煮速食桶装泡面,	645381799629,,29.9,29.9,29.9,29.9,100.00%,4,329,0,70,70,0.05%,2093,0.05%,2093,34,2,0,,,,7天无理由|蚂蚁花呗|信用卡支付|集分宝,粮油调味/速食/干货/烘焙,方便速食/速冻食品,方便面/拉面/面皮,,,2021-05-31,17:56:41,4天7时17分51秒,一,http://item.taobao.com/item.htm?id=645381799629,https://kandianbao.com/item/645381799629/, 
59,https://img.alicdn.com/imgextra/i4/3534944430/O1CN01gRRyYy1iazFhWP2J9_!!3534944430.jpg,【618预售】五谷道场旗舰店非油炸方便面 桶装整箱速食盒装泡面,	644458921848,,10.0,10.0,85.9,85.9,11.64%,1,422,0,71,74,0.05%,710,0.02%,740,48,1,0,,,预售价,7天无理由|蚂蚁花呗|信用卡支付|集分宝,粮油调味/速食/干货/烘焙,方便速食/速冻食品,方便面/拉面/面皮,,,2021-05-28,16:18:14,1天5时39分24秒,五,http://item.taobao.com/item.htm?id=644458921848,https://kandianbao.com/item/644458921848/, 
60,https://img.alicdn.com/imgextra/i2/3534944430/O1CN01eV19IU1iazEjCPA3l_!!0-item_pic.jpg,五谷道场旗舰店自热米饭懒人速食网红小火锅煲仔饭宿舍宵夜自热饭,	637334488903,,99.9,115.9,199,199,58.24%,7,1982,0,73,153,0.05%,7759.900000000001,0.18%,16263.900000000001,76,25,0,,,品牌钜惠,7天无理由|蚂蚁花呗|信用卡支付|集分宝,粮油调味/速食/干货/烘焙,方便速食/速冻食品,方便米饭,,,2021-06-02,11:15:33,6天36分43秒,三,http://item.taobao.com/item.htm?id=637334488903,https://kandianbao.com/item/637334488903/, 
61,https://img.alicdn.com/imgextra/i1/3534944430/O1CN01MY8xkN1iazFi0dMhx_!!3534944430.jpg,【618预售】五谷道场非油炸方便面混搭组合网红泡面速食整箱袋装,	617921272097,,10.0,10.0,74.9,79.9,12.52%,2,711,0,74,926,0.05%,740,0.02%,9260,614,169,0,,,预售价,7天无理由|蚂蚁花呗|信用卡支付|集分宝,粮油调味/速食/干货/烘焙,方便速食/速冻食品,方便面/拉面/面皮,,,2021-05-27,09:06:32,1时32分43秒,四,http://item.taobao.com/item.htm?id=617921272097,https://kandianbao.com/item/617921272097/,很好吃(7);实惠(4);不油腻(2);很筋道(2)
62,https://img.alicdn.com/imgextra/i2/3534944430/O1CN01nu2kzE1iazCUMbU3S_!!0-item_pic.jpg,五谷道场旗舰店方便面非油炸日式豚骨拉面5袋装速食网红泡面,	629167369551,,19.9,19.9,50,50,39.80%,1,457,0,76,3539,0.05%,1512.3999999999999,0.04%,70426.09999999999,430,442,0,,,掌柜推荐,7天无理由|蚂蚁花呗|信用卡支付|集分宝,粮油调味/速食/干货/烘焙,方便速食/速冻食品,方便面/拉面/面皮,,,2021-05-29,14:17:19,2天3时38分29秒,六,http://item.taobao.com/item.htm?id=629167369551,https://kandianbao.com/item/629167369551/,质量好(5);很好吃(25);很健康(5);会回购(2);不油腻(2);口感味道差(2)
63,https://img.alicdn.com/imgextra/i1/3534944430/O1CN013iLrMv1iaz9kGHN7e_!!0-item_pic.jpg,五谷道场旗舰店方便面非油炸经典系列老坛酸菜牛肉面速食网红泡面,	609669225568,,19.9,19.9,30,30,66.33%,0,349,0,81,2000,0.06%,1611.8999999999999,0.04%,39800,516,420,0,,,掌柜推荐,7天无理由|蚂蚁花呗|信用卡支付|集分宝,粮油调味/速食/干货/烘焙,方便速食/速冻食品,方便面/拉面/面皮,,,2021-06-01,14:52:35,5天4时13分45秒,二,http://item.taobao.com/item.htm?id=609669225568,https://kandianbao.com/item/609669225568/,味道不错(7);很健康(2);比较劲道(3);包装很用心(3);不好吃(2)
64,https://img.alicdn.com/imgextra/i1/3534944430/O1CN01jbzkB11iaz9ibLdKu_!!0-item_pic.jpg,五谷道场旗舰店方便面非油炸芝士拉面4包整箱装袋装速食网红泡面,	590782370038,,23.9,23.9,39,39,61.28%,0,318,0,104,10601,0.07%,2485.6,0.06%,253363.9,6728,2174,0,,,掌柜推荐,7天无理由|蚂蚁花呗|信用卡支付|集分宝,粮油调味/速食/干货/烘焙,方便速食/速冻食品,方便面/拉面/面皮,,,2021-05-27,20:00:00,9时21分10秒,四,http://item.taobao.com/item.htm?id=590782370038,https://kandianbao.com/item/590782370038/,很好吃(24);会回购(3);不会回购(2)
65,https://img.alicdn.com/imgextra/i4/3534944430/O1CN01PAR8CO1iaz9hjohGC_!!0-item_pic.jpg,五谷道场旗舰店方便面非油炸红烧牛肉面5连包整袋装速食网红泡面,	588488098207,,19.9,19.9,39.9,39.9,49.87%,2,1216,0,111,5029,0.08%,2208.8999999999996,0.05%,100077.09999999999,1380,1009,0,,,品牌钜惠,7天无理由|蚂蚁花呗|信用卡支付|集分宝,粮油调味/速食/干货/烘焙,方便速食/速冻食品,方便面/拉面/面皮,,,2021-06-03,10:00:00,6天23时21分10秒,四,http://item.taobao.com/item.htm?id=588488098207,https://kandianbao.com/item/588488098207/,经常买(2);很好吃(15);很健康(4);物流很快(3);价格实惠(3)
66,https://img.alicdn.com/imgextra/i1/3534944430/O1CN01QQONup1iazFbuWwfq_!!0-item_pic.jpg,五谷道场旗舰店方便面非油炸红烧牛肉面15连包整袋装速食网红泡面,	563429302016,,49.9,49.9,69.8,69.8,71.49%,0,90,0,113,5093,0.08%,5638.7,0.13%,254140.69999999998,1554,561,0,,,掌柜推荐,7天无理由|蚂蚁花呗|信用卡支付|集分宝,粮油调味/速食/干货/烘焙,方便速食/速冻食品,方便面/拉面/面皮,,,2021-05-31,22:30:57,4天11时52分7秒,一,http://item.taobao.com/item.htm?id=563429302016,https://kandianbao.com/item/563429302016/,回购继续(2);味道还不错(7);很健康(2);日期很新鲜(2)
67,https://img.alicdn.com/imgextra/i4/3534944430/O1CN01wVYBL21iazC2B0AiJ_!!0-item_pic.jpg,五谷道场旗舰店酸菜牛肉方便面非油炸5包袋装速食网红泡面整箱装,	569311547548,,24.9,24.9,26,26,95.77%,1,534,0,116,2845,0.08%,2888.3999999999996,0.07%,70840.5,888,257,0,,,掌柜推荐,7天无理由|蚂蚁花呗|信用卡支付|集分宝,粮油调味/速食/干货/烘焙,方便速食/速冻食品,方便面/拉面/面皮,,,2021-06-01,14:15:00,5天3时36分10秒,二,http://item.taobao.com/item.htm?id=569311547548,https://kandianbao.com/item/569311547548/,很好吃(10)
68,https://img.alicdn.com/imgextra/i3/3534944430/O1CN01wm9CL11iazAJlAjnV_!!0-item_pic.jpg,五谷道场旗舰店方便面非油炸酸笋肥牛面6桶装整箱装速食网红泡面,	575462151390,,38.9,38.9,79,79,49.24%,0,107,0,116,4634,0.08%,4512.4,0.11%,180262.6,1732,703,0,,,掌柜推荐,7天无理由|蚂蚁花呗|信用卡支付|集分宝,粮油调味/速食/干货/烘焙,方便速食/速冻食品,方便面/拉面/面皮,,,2021-06-02,09:48:54,5天23时10分4秒,三,http://item.taobao.com/item.htm?id=575462151390,https://kandianbao.com/item/575462151390/,微辣赞不绝口(2);很好吃(12)
69,https://img.alicdn.com/imgextra/i1/3534944430/O1CN01nO5W1O1iazAs8biBF_!!0-item_pic.jpg,五谷道场旗舰店非油炸方便面咸蛋黄拌面4包整箱袋装网红速食泡面,	617458936749,,23.9,23.9,59,59,40.51%,0,2107,0,125,2972,0.09%,2987.5,0.07%,71030.8,1364,580,0,,,掌柜推荐,7天无理由|蚂蚁花呗|信用卡支付|集分宝,粮油调味/速食/干货/烘焙,方便速食/速冻食品,方便面/拉面/面皮,,,2021-05-27,14:04:00,3时25分10秒,四,http://item.taobao.com/item.htm?id=617458936749,https://kandianbao.com/item/617458936749/,很好吃(20);邮寄很快(2);日期特好(2);口感味道差(7)
70,https://img.alicdn.com/imgextra/i4/3534944430/O1CN01MNeRlt1iaz8E4bgJT_!!0-item_pic.jpg,五谷道场非油炸方便面麻辣小龙虾拌面速食 盒装泡面整箱装6桶装,	598031843348,,38.9,38.9,89,89,43.71%,0,298,0,126,2108,0.09%,4901.4,0.12%,82001.2,1024,404,0,,,掌柜推荐,7天无理由|蚂蚁花呗|信用卡支付|集分宝,粮油调味/速食/干货/烘焙,方便速食/速冻食品,方便面/拉面/面皮,,,2021-05-31,14:16:27,4天3时37分37秒,一,http://item.taobao.com/item.htm?id=598031843348,https://kandianbao.com/item/598031843348/, 
71,https://img.alicdn.com/imgextra/i3/3534944430/O1CN01GzsNfm1iaz8D78huz_!!0-item_pic.jpg,五谷道场旗舰店方便面非油炸番茄牛腩面15包整箱袋装速食网红泡面,	563295473812,,49.9,49.9,71.8,71.8,69.50%,0,482,0,142,5854,0.10%,7085.8,0.17%,292114.6,2452,712,1,,,掌柜推荐,7天无理由|蚂蚁花呗|信用卡支付|集分宝,粮油调味/速食/干货/烘焙,方便速食/速冻食品,方便面/拉面/面皮,,,2021-05-30,00:29:34,2天13时50分44秒,日,http://item.taobao.com/item.htm?id=563295473812,https://kandianbao.com/item/563295473812/,回购好几次(3);很好吃(18);有劲道(2);很健康(2);邮递很快(2)
72,https://img.alicdn.com/imgextra/i2/3534944430/O1CN01lak4Ac1iaz8BgKypK_!!0-item_pic.jpg,五谷道场旗舰店方便面非油炸酸汤老鸭面5包整箱袋装速食网红泡面,	584225929981,,19.9,19.9,39,39,51.03%,2,4918,0,151,9000,0.11%,3004.8999999999996,0.07%,179100,2484,1526,0,,,品牌钜惠,7天无理由|蚂蚁花呗|信用卡支付|集分宝,粮油调味/速食/干货/烘焙,方便速食/速冻食品,方便面/拉面/面皮,,,2021-06-01,17:00:22,5天6时21分32秒,二,http://item.taobao.com/item.htm?id=584225929981,https://kandianbao.com/item/584225929981/,价格不贵(2);很好吃(16);有劲道(2);不好吃(3)
73,https://img.alicdn.com/imgextra/i2/3534944430/O1CN01kBCPOt1iazFhl3EAo_!!0-item_pic.jpg,618预售五谷道场即食自热米饭网红快餐宿舍宵夜速食便当煲仔饭,	640318604357,,10.0,10.0,65.9,65.9,15.17%,2,1968,0,178,439,0.13%,1780,0.04%,4390,122,66,0,,,预售价,7天无理由|蚂蚁花呗|信用卡支付|集分宝,粮油调味/速食/干货/烘焙,方便速食/速冻食品,方便米饭,,,2021-05-31,14:30:03,4天3时51分13秒,一,http://item.taobao.com/item.htm?id=640318604357,https://kandianbao.com/item/640318604357/,很好吃(9)
74,https://img.alicdn.com/imgextra/i2/3534944430/O1CN01K7crwT1iaz9hk1ear_!!0-item_pic.jpg,五谷道场旗舰店方便面非油炸小鸡炖蘑菇面袋装整箱装速食网红泡面,	588628635368,,19.9,19.9,39,39,51.03%,2,625,0,202,9523,0.14%,4019.7999999999997,0.09%,189507.69999999998,2462,1971,0,,,品牌钜惠,7天无理由|蚂蚁花呗|信用卡支付|集分宝,粮油调味/速食/干货/烘焙,方便速食/速冻食品,方便面/拉面/面皮,,,2021-05-30,17:22:06,3天6时43分16秒,日,http://item.taobao.com/item.htm?id=588628635368,https://kandianbao.com/item/588628635368/,二次回购(3);价格不贵(3);包装不错(2);很好吃(20);很健康(4);非常难吃(4)
75,https://img.alicdn.com/imgextra/i3/3534944430/O1CN01he63tE1iaz7fmgimy_!!3534944430.jpg,五谷道场旗舰店方便面非油炸豉汁辣排面5连包整袋装速食网红泡面,	568871478403,,19.9,19.9,20,20,99.50%,2,1803,0,226,10855,0.16%,4497.4,0.11%,216014.49999999997,2924,1396,0,,,品牌钜惠,7天无理由|蚂蚁花呗|信用卡支付|集分宝,粮油调味/速食/干货/烘焙,方便速食/速冻食品,方便面/拉面/面皮,,,2021-06-01,00:06:05,4天13时27分15秒,二,http://item.taobao.com/item.htm?id=568871478403,https://kandianbao.com/item/568871478403/,很好吃(9);很健康(2)
76,https://img.alicdn.com/imgextra/i3/3534944430/O1CN01b8sWuy1iazFhwf2fR_!!3534944430.jpg,【618预售】五谷道场旗舰店非油炸方便面网红泡面速食袋装整箱装,	618472330743,,10.0,10.0,75.9,75.9,13.18%,3,715,0,227,3279,0.16%,2270,0.05%,32790,2088,690,0,,,预售价,7天无理由|蚂蚁花呗|信用卡支付|集分宝,粮油调味/速食/干货/烘焙,方便速食/速冻食品,方便面/拉面/面皮,,,2021-06-02,14:47:29,6天4时8分39秒,三,http://item.taobao.com/item.htm?id=618472330743,https://kandianbao.com/item/618472330743/,整箱包装(3);很好吃(24);物流挺快(5);生产期挺新(2);物美价廉(8);比较健康(5)
77,https://img.alicdn.com/imgextra/i1/3534944430/O1CN010s7puQ1iaz9xfez26_!!0-item_pic.jpg,【薇娅推荐】五谷道场非油炸方便面椒麻鸡拌面4包整袋装速食泡面,	613604133069,,29.9,29.9,29.9,29.9,100.00%,1,75,0,233,1886,0.16%,6966.7,0.16%,56391.399999999994,1976,222,0,,,,7天无理由|蚂蚁花呗|信用卡支付|集分宝,粮油调味/速食/干货/烘焙,方便速食/速冻食品,方便面/拉面/面皮,,,2021-05-31,17:37:09,4天6时58分19秒,一,http://item.taobao.com/item.htm?id=613604133069,https://kandianbao.com/item/613604133069/,回购好几次(3);很好吃(21);很健康(2);物有所值(2);价格很贵(5)
78,https://img.alicdn.com/imgextra/i4/3534944430/O1CN01NqKtrT1iaz9iDtHVn_!!0-item_pic.jpg,五谷道场旗舰店非油炸方便面酸辣牛肉面5包整箱袋装速食网红泡面,	588334705093,,19.9,19.9,39.9,39.9,49.87%,0,120,0,247,18878,0.17%,4915.299999999999,0.12%,375672.19999999995,5792,3292,0,,,掌柜推荐,7天无理由|蚂蚁花呗|信用卡支付|集分宝,粮油调味/速食/干货/烘焙,方便速食/速冻食品,方便面/拉面/面皮,,,2021-05-29,17:56:45,2天7时17分55秒,六,http://item.taobao.com/item.htm?id=588334705093,https://kandianbao.com/item/588334705093/,很好吃(26);很健康(3);会回购(5);包装好(6);物流很快(3);量一般般(2)
79,https://img.alicdn.com/imgextra/i1/3534944430/O1CN01ORRmZH1iazCUHjmQC_!!0-item_pic.jpg,五谷道场非油炸陕西油泼辣子拌面方便面刀削面桶装自热面速食泡面,	629760843210,,29.9,42.9,99,99,43.33%,4,787,0,278,2413,0.20%,9757.800000000001,0.23%,84696.3,930,315,0,,,品牌钜惠,7天无理由|蚂蚁花呗|信用卡支付|集分宝,粮油调味/速食/干货/烘焙,方便速食/速冻食品,方便面/拉面/面皮,,,2021-05-31,14:27:25,4天3时48分35秒,一,http://item.taobao.com/item.htm?id=629760843210,https://kandianbao.com/item/629760843210/,味道不错(7);物流很快(4);包装很好(2);不会再买(2)
80,https://img.alicdn.com/imgextra/i3/3534944430/O1CN011iaz1jTXsMyhkNX_!!3534944430.jpg,五谷道场旗舰店方便面非油炸原盅鸡汤面5包整箱装袋装速食面泡面,	568351472598,,19.9,19.9,19.90,19.90,100.00%,0,1799,0,331,20471,0.23%,6586.9,0.16%,407372.89999999997,5266,2771,0,,,,7天无理由|蚂蚁花呗|信用卡支付|集分宝,粮油调味/速食/干货/烘焙,方便速食/速冻食品,方便面/拉面/面皮,,,2021-05-31,20:34:28,4天9时55分38秒,一,http://item.taobao.com/item.htm?id=568351472598,https://kandianbao.com/item/568351472598/,回购好多次(7);很好吃(29);日期新鲜(2);很筋道(5);包装完好(2);不好吃(4)
81,https://img.alicdn.com/imgextra/i3/3534944430/O1CN01419kcV1iaz9k34vsa_!!0-item_pic.jpg,五谷道场非油炸方便面剁椒鱼头面5包整箱装袋装宿舍速食网红泡面,	587231059613,,24.9,24.9,39.9,39.9,62.41%,2,355,0,339,8763,0.24%,8441.1,0.20%,218198.69999999998,2974,1517,0,,,品牌钜惠,7天无理由|蚂蚁花呗|信用卡支付|集分宝,粮油调味/速食/干货/烘焙,方便速食/速冻食品,方便面/拉面/面皮,,,2021-05-28,16:53:44,1天6时14分54秒,五,http://item.taobao.com/item.htm?id=587231059613,https://kandianbao.com/item/587231059613/,不是很辣(2);无限回购(2);超级好吃(21);包装很好(3);比较健康(2);美味一般(7)
82,https://img.alicdn.com/imgextra/i2/3534944430/O1CN01RVUHDh1iazBkt6tzy_!!3534944430.jpg,五谷道场非油炸方便面酸笋肥牛早餐速食 懒人食品袋装网红泡面5包,	583642743849,,24.9,24.9,24.9,24.9,100.00%,2,10,0,387,140157,0.27%,9636.3,0.23%,3489909.3,9842,14547,0,,,,7天无理由|蚂蚁花呗|信用卡支付|集分宝,粮油调味/速食/干货/烘焙,方便速食/速冻食品,方便面/拉面/面皮,,,2021-06-02,19:11:56,6天8时33分6秒,三,http://item.taobao.com/item.htm?id=583642743849,https://kandianbao.com/item/583642743849/,辣味不重(4);分量很多(2);便宜(22);无限回购(16);质量好(2);不会回购(2)
83,https://img.alicdn.com/imgextra/i4/3534944430/O1CN01Qg0Ghz1iazEUuPO5R_!!0-item_pic.jpg,五谷道场非油炸方便面酸笋肥牛面面食速食即食食品袋装泡面5包,	630868278454,,39.9,39.9,39.9,39.9,100.00%,1,9761,0,462,1300,0.33%,18433.8,0.44%,51870,272,270,0,,,,7天无理由|蚂蚁花呗|信用卡支付|集分宝,粮油调味/速食/干货/烘焙,方便速食/速冻食品,方便面/拉面/面皮,,,2021-05-29,22:33:26,2天11时54分36秒,六,http://item.taobao.com/item.htm?id=630868278454,https://kandianbao.com/item/630868278454/,价格很便宜(4);很好吃(21);多次回购(3);日期很新鲜(2);包装完好(2);不好吃(3)
84,https://img.alicdn.com/imgextra/i1/3534944430/O1CN012GPlfo1iazB0RmKwU_!!0-item_pic.jpg,五谷道场鲜面拌面热干面乌冬面车仔面免煮速食方便面5盒装泡面,	612897782454,,25.9,25.9,69.9,69.9,37.05%,6,7965,0,581,10081,0.41%,15047.9,0.36%,261097.9,2982,1788,0,,,品牌钜惠,7天无理由|蚂蚁花呗|信用卡支付|集分宝,粮油调味/速食/干货/烘焙,方便速食/速冻食品,方便面/拉面/面皮,,,2021-05-28,11:40:06,1天1时1分16秒,五,http://item.taobao.com/item.htm?id=612897782454,https://kandianbao.com/item/612897782454/,酱料太少(2);份量超大(2);很好吃(64);会回购(4);很方便(5);不会买(4)
85,https://img.alicdn.com/imgextra/i4/3534944430/O1CN014n8fdk1iaz9ezI1cm_!!0-item_pic.jpg,五谷道场非油炸方便面袋装海带排骨面网红早餐寝室速食泡面整箱装,	572703073932,,24.9,24.9,30,30,83.00%,1,1824,0,599,26962,0.42%,14915.099999999999,0.35%,671353.7999999999,8134,3929,0,,,品牌钜惠,7天无理由|蚂蚁花呗|信用卡支付|集分宝,粮油调味/速食/干货/烘焙,方便速食/速冻食品,方便面/拉面/面皮,,,2021-05-28,19:34:15,1天8时55分25秒,五,http://item.taobao.com/item.htm?id=572703073932,https://kandianbao.com/item/572703073932/,便宜(6);很好吃(67);有劲道(5);很健康(3);回购很多次(13);包装太差(2)
86,https://img.alicdn.com/imgextra/i3/3534944430/O1CN01M8WXI81iazFHAeqoK_!!3534944430.jpg,五谷道场方便面非油炸椒麻鸡拌面桶装混搭整箱盒装速食网红泡面,	568429318641,,25.9,116.9,150,150,77.93%,13,6520,0,599,12106,0.42%,37317.700000000004,0.88%,754203.8,8408,2144,0,,,品牌钜惠,7天无理由|蚂蚁花呗|信用卡支付|集分宝,粮油调味/速食/干货/烘焙,方便速食/速冻食品,方便面/拉面/面皮,,,2021-05-29,18:32:27,2天7时53分37秒,六,http://item.taobao.com/item.htm?id=568429318641,https://kandianbao.com/item/568429318641/,辣度越吃越香(2);儿子很喜欢(2);很好吃(59);有劲道(2);会回购(5);不好吃(18)
87,https://img.alicdn.com/imgextra/i2/3534944430/O1CN01aypz4w1iaz9l3QGZa_!!0-item_pic.jpg,五谷道场非油炸方便面日式豚骨拉面免煮速食十大网红泡面整箱袋装,	609405768531,,19.9,19.9,50,50,39.80%,2,472,0,643,22205,0.45%,12795.699999999999,0.30%,441879.49999999994,5958,3663,0,,,淘宝吃货,7天无理由|蚂蚁花呗|信用卡支付|集分宝,粮油调味/速食/干货/烘焙,方便速食/速冻食品,方便面/拉面/面皮,,,2021-05-28,09:23:35,22时44分45秒,五,http://item.taobao.com/item.htm?id=609405768531,https://kandianbao.com/item/609405768531/,单独包装(15);正品(2);便宜(15);没破损(2);质量好(2);很难吃(11)
88,https://img.alicdn.com/imgextra/i4/3534944430/O1CN01TIjNbk1iaz9i4HL4T_!!0-item_pic.jpg,五谷道场非油炸方便面麻辣小龙虾拌面袋装免煮速食食品泡面整箱装,	590413688180,,23.9,52.9,59,59,89.66%,9,3108,0,739,39719,0.52%,26234.5,0.62%,1410024.5,17140,7275,0,,,品牌钜惠,7天无理由|蚂蚁花呗|信用卡支付|集分宝,粮油调味/速食/干货/烘焙,方便速食/速冻食品,方便面/拉面/面皮,,,2021-05-29,13:58:54,2天3时20分4秒,六,http://item.taobao.com/item.htm?id=590413688180,https://kandianbao.com/item/590413688180/,很好吃(70);会回购(8);小孩子挺喜欢(2);包装很好(5);很筋道(3);不好吃(26)
89,https://img.alicdn.com/imgextra/i4/3534944430/O1CN01QmCglG1iaz8TfMESa_!!0-item_pic.jpg,五谷道场非油炸方便面香辣牛肉面整箱装袋装免煮速食食品宿舍泡面,	602401703049,,19.9,19.9,50,50,39.80%,2,1210,0,811,18127,0.57%,16138.9,0.38%,360727.3,5712,2952,0,,,品牌钜惠,7天无理由|蚂蚁花呗|信用卡支付|集分宝,粮油调味/速食/干货/烘焙,方便速食/速冻食品,方便面/拉面/面皮,,,2021-06-01,00:00:00,4天13时21分10秒,二,http://item.taobao.com/item.htm?id=602401703049,https://kandianbao.com/item/602401703049/,质量好(2);很好吃(52);很健康(5);物超所值(6);会回购(13);不好吃(8)
90,https://img.alicdn.com/imgextra/i2/3534944430/O1CN01vvoBFN1iaz9vbZs01_!!2-item_pic.png,五谷道场非油炸藤椒方便面椒麻鸡拌面整箱装袋装懒人速食食品泡面,	567405026718,,17.9,79.9,89,89,89.78%,26,7517,0,1213,263327,0.86%,51795.100000000006,1.22%,11244062.9,44374,30290,0,,,每日必买,7天无理由|蚂蚁花呗|信用卡支付|集分宝,粮油调味/速食/干货/烘焙,方便速食/速冻食品,方便面/拉面/面皮,,,2021-05-27,23:22:29,12时43分39秒,四,http://item.taobao.com/item.htm?id=567405026718,https://kandianbao.com/item/567405026718/,辣味不重(55);正品(9);麻味很足(2);新鲜日期(18);很好吃(759);料包有点点少(12)
91,https://img.alicdn.com/imgextra/i2/3534944430/O1CN01yKmatY1iazEVFg5Eb_!!0-item_pic.jpg,五谷道场方便自热米饭黄焖鸡即食免煮军粮网红快餐煲仔饭速食食品,	635851374063,,29.9,104.9,119,119,88.15%,13,6781,0,1229,23773,0.87%,73617.1,1.74%,1424002.7000000002,4602,4678,0,,,品牌钜惠,7天无理由|蚂蚁花呗|信用卡支付|集分宝,粮油调味/速食/干货/烘焙,方便速食/速冻食品,方便米饭,,,2021-06-01,22:55:57,5天12时17分7秒,二,http://item.taobao.com/item.htm?id=635851374063,https://kandianbao.com/item/635851374063/,干净卫生(2);出口品质(6);好香(5);没破损(3);质量好(5);质量不好(3)
92,https://img.alicdn.com/imgextra/i1/3534944430/O1CN01FZji4G1iazAEXZSje_!!0-item_pic.jpg,五谷道场旗舰店非油炸方便面 桶装整箱番茄牛腩速食盒装十大泡面,	580420744314,,25.9,75.9,79,79,96.08%,21,21996,0,1923,56359,1.36%,88265.7,2.08%,2586878.1,19646,6270,2,,,品牌钜惠,7天无理由|蚂蚁花呗|信用卡支付|集分宝,粮油调味/速食/干货/烘焙,方便速食/速冻食品,方便面/拉面/面皮,,,2021-06-02,14:59:09,6天4时20分19秒,三,http://item.taobao.com/item.htm?id=580420744314,https://kandianbao.com/item/580420744314/,没破损(4);质量好(5);很方便(4);新鲜度好(3);很实惠(13);不好吃(35)
93,https://img.alicdn.com/imgextra/i4/3534944430/O1CN01iyWxCl1iazC2HparM_!!0-item_pic.jpg,五谷道场非油炸方便面混合装面食免煮速食食品袋装网红泡面整箱,	563584751327,,59.9,79.9,108,108,73.98%,10,4692,0,2964,95359,2.10%,201255.6,4.75%,6474876.100000001,36872,10614,1,,,品牌钜惠,7天无理由|公益宝贝|蚂蚁花呗|信用卡支付|集分宝,粮油调味/速食/干货/烘焙,方便速食/速冻食品,方便面/拉面/面皮,,,2021-05-31,20:14:16,4天9时35分26秒,一,http://item.taobao.com/item.htm?id=563584751327,https://kandianbao.com/item/563584751327/,品质可以(3);没破损(6);质量好(20);很好吃(326);很方便(10);没什么嚼劲(2)
94,https://img.alicdn.com/imgextra/i2/3534944430/O1CN01fZq5Sx1iazF6SAT2u_!!0-item_pic.jpg,五谷道场非油炸方便面整箱酸笋肥牛面拌面速食食品面食泡面袋装,	568039957921,,15.9,52.9,48.8,59,89.66%,18,56419,0,11934,639930,8.44%,366373.80000000005,8.65%,19645851,52334,66825,0,,,掌柜推荐,7天无理由|蚂蚁花呗|信用卡支付|集分宝,粮油调味/速食/干货/烘焙,方便速食/速冻食品,方便面/拉面/面皮,,,2021-05-30,19:02:39,3天8时23分49秒,日,http://item.taobao.com/item.htm?id=568039957921,https://kandianbao.com/item/568039957921/,可以冲泡(2);酸酸的(117);料很绝(34);汤汁浓郁(7);不咸(3);骗人的(11)
95,https://img.alicdn.com/imgextra/i2/3534944430/O1CN01D24dqO1iaz9iYCjld_!!0-item_pic.jpg,五谷道场非油炸方便面整箱装番茄牛腩面袋装早餐速食面食食品泡面,	567315249530,,15.9,46.9,39.9,49,95.71%,18,12289,0,27199,312807,19.24%,769731.7000000001,18.18%,8852438.100000001,100542,53988,1,,,淘宝吃货,7天无理由|公益宝贝|蚂蚁花呗|信用卡支付|集分宝,粮油调味/速食/干货/烘焙,方便速食/速冻食品,方便面/拉面/面皮,,,2021-06-02,22:45:52,6天12时7分2秒,三,http://item.taobao.com/item.htm?id=567315249530,https://kandianbao.com/item/567315249530/,酸酸的(5);小小的(3);汤汁浓郁(12);没破损(19);份量很足(30);不好吃(148)
96,https://img.alicdn.com/imgextra/i3/3534944430/O1CN01FEDh591iazFMrgTOK_!!0-item_pic.jpg,五谷道场方便面非油炸红烧牛肉面袋装速食食品面食网红泡面整箱,	569323098507,,19.9,39.8,49.8,49.8,79.92%,3,34500,0,84926,203930,60.07%,2366038.3600000003,55.87%,5681489.800000001,13262,29511,0,,,品牌钜惠,7天无理由|蚂蚁花呗|信用卡支付|集分宝,粮油调味/速食/干货/烘焙,方便速食/速冻食品,方便面/拉面/面皮,,,2021-05-29,21:21:28,2天10时42分38秒,六,http://item.taobao.com/item.htm?id=569323098507,https://kandianbao.com/item/569323098507/,辣味不重(20);料包好吃(13);干净卫生(12);便宜(426);还有优惠(4);不好吃(176)
,,,,,,,,,,,,,30天销量总计,,,30天销售额总计,,,收藏数总计,,分享量总计,,,,,,,,,,,,,,,,
,,,,,,,,,,,,,141388,,,4234818.36,,,415820,,10,,,,,,,,,,,,,,,,
序号,主图,标题,宝贝id,货号,销售价最低,销售价最高,原价最低,原价最高,折扣率,sku数量,库存,邮费,30天销量,总销量,占全店销量比例,30天销售额,占全店销售额比例,总销售额,收藏数,评价数,PC总分享量,宝贝促销,店铺促销,活动促销,服务保证,一级类目,二级类目,三级类目,宝贝创建时间,宝贝创建时长,下架日期,下架时间,天数,星期,宝贝地址,分析地址,评价标签
数据下载时间：2021-05-27 10:38:55 功能：看店宝【kandianbao.com】全店宝贝 相关查询网址：https://kandianbao.com/dian/五谷道场旗舰店,,,,,,,,,,,,,,,,,,,,,,,,,,,,,,,,,,,,,