数据下载时间：2021-05-26 09:49:17 功能：看店宝【kandianbao.com】全店宝贝 相关查询网址：https://kandianbao.com/dian/森庄农品旗舰店,,,,,,,,,,,,,,,,,,,,,,,,,,,,,,,,,,,,,
序号,主图,标题,宝贝id,货号,销售价最低,销售价最高,原价最低,原价最高,折扣率,sku数量,库存,邮费,30天销量,总销量,占全店销量比例,30天销售额,占全店销售额比例,总销售额,收藏数,评价数,PC总分享量,宝贝促销,店铺促销,活动促销,服务保证,一级类目,二级类目,三级类目,宝贝创建时间,宝贝创建时长,下架日期,下架时间,天数,星期,宝贝地址,分析地址,评价标签
1,https://img.alicdn.com/imgextra/i1/3902032678/O1CN01xQSz3Q1VeZHVujrBC_!!0-item_pic.jpg,酸奶果粒麦片早餐即食水果坚果懒人代餐冲饮食品奇亚籽谷物燕麦片,	621375413092,,19.9,39.8,29,49,81.22%,7,609402,0,0,87,0,0,0,2423.82,40,19,0,,,优惠多多|淘金币抵3%,7天无理由|蚂蚁花呗|信用卡支付|集分宝,咖啡/麦片/冲饮,藕粉/麦片/冲饮品,冲饮谷物/麦片,,,2021-05-29,14:01:13,3天4时12分1秒,六,http://item.taobao.com/item.htm?id=621375413092,https://kandianbao.com/item/621375413092/, 
2,https://img.alicdn.com/imgextra/i1/3902032678/O1CN01EFxYs61VeZHU8tg0w_!!3902032678-0-lubanu-s.jpg,酸奶果粒麦片早餐即食水果坚果奇亚籽燕麦片冲饮速食懒人代餐食品,	625299832999,,29.9,29.9,69.9,69.9,42.78%,1,19987,0,0,13,0,0,0,388.7,4,10,0,,,优惠多多|淘金币抵3%,7天无理由|蚂蚁花呗|信用卡支付|集分宝,咖啡/麦片/冲饮,藕粉/麦片/冲饮品,冲饮谷物/麦片,,,2021-05-30,15:58:58,4天6时9分46秒,日,http://item.taobao.com/item.htm?id=625299832999,https://kandianbao.com/item/625299832999/, 
3,https://img.alicdn.com/imgextra/i1/3902032678/O1CN01CazVTF1VeZHZbxTUe_!!0-item_pic.jpg,燕麦片早餐即食水果坚果酸奶果粒烘焙麦片懒人代餐速食品冲饮麦片,	625301592842,,29.9,29.9,69.9,69.9,42.78%,1,19987,0,0,12,0,0,0,358.79999999999995,6,10,0,,,优惠多多|淘金币抵3%,7天无理由|蚂蚁花呗|信用卡支付|集分宝,咖啡/麦片/冲饮,藕粉/麦片/冲饮品,冲饮谷物/麦片,,,2021-05-30,16:09:49,4天6时20分37秒,日,http://item.taobao.com/item.htm?id=625301592842,https://kandianbao.com/item/625301592842/, 
4,https://img.alicdn.com/imgextra/i1/3902032678/O1CN01ZyUE9s1VeZHuE1nF3_!!3902032678-0-lubanu-s.jpg,吊柿饼柿子饼柿子散装5斤一箱非陕西富平降霜柿饼非特级整箱特产L,	627326884448,,29.9,59.9,99,169,35.44%,8,79769,0,0,220,0,0,0,9218.000000000002,56,52,0,,,优惠多多|淘金币抵3%,7天无理由|蚂蚁花呗|信用卡支付|集分宝,零食/坚果/特产,蜜饯/枣类/梅/果干/冻干,柿饼,,,2021-05-31,12:18:01,5天2时28分49秒,一,http://item.taobao.com/item.htm?id=627326884448,https://kandianbao.com/item/627326884448/, 
5,https://img.alicdn.com/imgextra/i1/3902032678/O1CN01qLgvva1VeZI4dlpty_!!0-item_pic.jpg,吊柿饼柿子饼独个小包装5斤散装整箱非特级陕西富平流心吊干柿饼L,	628709121126,,29.9,118.0,59.9,189.9,62.14%,9,179941,0,0,52,0,0,0,3387.2800000000007,16,13,0,,,新品抢购|淘金币抵3%,7天无理由|蚂蚁花呗|信用卡支付|集分宝,零食/坚果/特产,蜜饯/枣类/梅/果干/冻干,柿饼,,,2021-05-26,13:41:24,3时52分12秒,三,http://item.taobao.com/item.htm?id=628709121126,https://kandianbao.com/item/628709121126/, 
6,https://img.alicdn.com/imgextra/i1/3902032678/O1CN01VWnXzv1VeZIBsfwd5_!!0-item_pic.jpg,燕麦片水果坚果酸奶果粒麦片早餐速即食懒人营养代餐饱腹冲饮麦片,	628823900206,,29.9,59.9,59.9,99.9,59.96%,2,1018970,0,0,18,0,0,0,754.2,0,11,0,,,优惠多多|淘金币抵3%,7天无理由|蚂蚁花呗|信用卡支付|集分宝,咖啡/麦片/冲饮,藕粉/麦片/冲饮品,冲饮谷物/麦片,,,2021-05-31,14:02:17,5天4时13分5秒,一,http://item.taobao.com/item.htm?id=628823900206,https://kandianbao.com/item/628823900206/, 
7,https://img.alicdn.com/imgextra/i1/3902032678/O1CN01p0esPw1VeZKAZLRQH_!!0-item_pic.jpg,森庄农品1斤潮汕牛肉丸潮汕手打牛筋丸汕头原产地火锅烧烤食材,	591149693823,,34.9,34.9,69,69,50.58%,0,49827,0,0,167,0,0,0,5828.3,74,14,0,,,优惠多多|淘金币抵3%,不支持7天无理由|蚂蚁花呗|信用卡支付|集分宝,水产肉类/新鲜蔬果/熟食,生肉/肉制品,牛丸/肉串,,,2021-05-27,15:00:36,1天5时11分24秒,四,http://item.taobao.com/item.htm?id=591149693823,https://kandianbao.com/item/591149693823/, 
8,https://img.alicdn.com/imgextra/i1/3902032678/O1CN01BIV6U41VeZKEFjRsh_!!0-item_pic.jpg,森庄农品正宗潮汕牛肉丸潮州汕头牛丸牛筋丸1斤手打火锅丸子组合,	593728907519,,34.9,34.9,69,69,50.58%,0,9168,0,0,759,0,0,0,26489.1,234,108,0,,,优惠多多|淘金币抵3%,不支持7天无理由|蚂蚁花呗|信用卡支付|集分宝,水产肉类/新鲜蔬果/熟食,生肉/肉制品,牛丸/肉串,,,2021-05-29,16:20:46,3天6时31分34秒,六,http://item.taobao.com/item.htm?id=593728907519,https://kandianbao.com/item/593728907519/, 
9,https://img.alicdn.com/imgextra/i1/3902032678/O1CN01jtaKk21VeZKHIQ6BZ_!!0-item_pic.jpg,森庄农品正宗潮汕牛肉丸手打牛筋丸潮州特产原产地火锅,	614085499444,,34.9,34.9,129,129,27.05%,0,7947,0,0,49,0,0,0,1710.1,16,12,0,,,优惠多多|淘金币抵3%,不支持7天无理由|蚂蚁花呗|信用卡支付|集分宝,水产肉类/新鲜蔬果/熟食,生肉/肉制品,牛丸/肉串,,,2021-05-29,16:25:11,3天6时35分59秒,六,http://item.taobao.com/item.htm?id=614085499444,https://kandianbao.com/item/614085499444/, 
10,https://img.alicdn.com/imgextra/i1/3902032678/O1CN01t3EYTS1VeZK6tglEY_!!0-item_pic.jpg,森庄农品潮汕牛肉丸手打潮州特产汕头牛筋丸火锅丸子关东煮烧烤,	614258997359,,34.9,34.9,69.9,69.9,49.93%,0,9973,0,0,26,0,0,0,907.4,6,2,0,,,优惠多多|淘金币抵3%,不支持7天无理由|蚂蚁花呗|信用卡支付|集分宝,水产肉类/新鲜蔬果/熟食,生肉/肉制品,牛丸/肉串,,,2021-05-26,16:37:31,6时48分19秒,三,http://item.taobao.com/item.htm?id=614258997359,https://kandianbao.com/item/614258997359/, 
11,https://img.alicdn.com/imgextra/i1/3902032678/O1CN01cmmr0B1VeZIT2DnTL_!!0-item_pic.jpg,吊柿饼柿子饼独立小包装3斤散装整箱非特级陕西富平流心吊干柿饼L,	631059663753,,39.9,39.9,79.9,79.9,49.94%,4,75987,0,0,4,0,0,0,159.6,4,2,0,,,优惠多多|淘金币抵3%,7天无理由|蚂蚁花呗|信用卡支付|集分宝,零食/坚果/特产,蜜饯/枣类/梅/果干/冻干,柿饼,,,2021-05-26,11:58:25,2时9分13秒,三,http://item.taobao.com/item.htm?id=631059663753,https://kandianbao.com/item/631059663753/, 
12,https://img.alicdn.com/imgextra/i1/3902032678/O1CN01aBNL8u1VeZJt4eSgj_!!0-item_pic.jpg,森庄农品正宗潮汕手打牛筋丸2斤牛肉丸火锅烧烤食材潮州汕头特产,	591305790428,,59.8,59.8,129,129,46.36%,0,49367,0,0,615,0,0,0,36777,112,27,0,,,优惠多多|淘金币抵3%,不支持7天无理由|蚂蚁花呗|信用卡支付|集分宝,水产肉类/新鲜蔬果/熟食,生肉/肉制品,牛丸/肉串,,,2021-05-30,15:44:33,4天5时55分21秒,日,http://item.taobao.com/item.htm?id=591305790428,https://kandianbao.com/item/591305790428/, 
13,https://img.alicdn.com/imgextra/i1/3902032678/O1CN01qCx9Mu1VeZI6WkE3M_!!0-item_pic.jpg,吊柿饼5斤独个小包装散农家自制柿子饼非特级陕西富平流心柿饼子H,	629427487392,,59.9,59.9,99.9,99.9,59.96%,4,79976,0,0,20,0,0,0,1198,4,5,0,,,新品抢购|淘金币抵3%,7天无理由|蚂蚁花呗|信用卡支付|集分宝,零食/坚果/特产,蜜饯/枣类/梅/果干/冻干,柿饼,,,2021-05-26,18:04:32,8时15分20秒,三,http://item.taobao.com/item.htm?id=629427487392,https://kandianbao.com/item/629427487392/, 
14,https://img.alicdn.com/imgextra/i1/3902032678/O1CN013oIHSJ1VeZIFVNWDo_!!0-item_pic.jpg,圆柿饼柿子饼独立小包装5斤散装整箱非特级陕西富平流心圆柿饼L,	630196287597,,59.9,59.9,119.9,119.9,49.96%,1,19864,0,0,23,0,0,0,1377.7,6,5,0,,,优惠多多|淘金币抵3%,7天无理由|蚂蚁花呗|信用卡支付|集分宝,零食/坚果/特产,蜜饯/枣类/梅/果干/冻干,柿饼,,,2021-05-28,17:27:11,2天7时37分59秒,五,http://item.taobao.com/item.htm?id=630196287597,https://kandianbao.com/item/630196287597/, 
15,https://img.alicdn.com/imgextra/i1/3902032678/O1CN019ExRJ21VeZIyXUqs4_!!0-item_pic.jpg,潮汕手打牛肉丸正宗潮州汕头特产牛筋丸子大全火锅烧烤关东煮食材,	632900008254,,59.9,59.9,119,119,50.34%,0,99898,0,0,92,0,0,0,5510.8,32,24,0,,,优惠多多|淘金币抵3%,不支持7天无理由|蚂蚁花呗|信用卡支付|集分宝,水产肉类/新鲜蔬果/熟食,生肉/肉制品,牛丸/肉串,,,2021-05-29,15:13:58,3天5时24分46秒,六,http://item.taobao.com/item.htm?id=632900008254,https://kandianbao.com/item/632900008254/, 
16,https://img.alicdn.com/imgextra/i1/3902032678/O1CN01ANJtJo1VeZKjybBfA_!!3902032678-0-picasso.jpg,陕西富平柿饼独立包装柿子饼霜降吊柿饼3斤礼盒装fp,	636336217876,,109.0,109.0,159.8,159.8,68.21%,1,2999991,0,0,6,0,0,0,654,2,1,0,,,优惠多多|淘金币抵3%,7天无理由|蚂蚁花呗|信用卡支付|集分宝,零食/坚果/特产,蜜饯/枣类/梅/果干/冻干,柿饼,,,2021-05-28,11:36:09,2天1时46分57秒,五,http://item.taobao.com/item.htm?id=636336217876,https://kandianbao.com/item/636336217876/, 
17,https://img.alicdn.com/imgextra/i1/3902032678/O1CN01ue08JT1VeZI4erUY3_!!0-item_pic.jpg,吊柿饼10斤装农家自制独个小包装柿子饼非特级陕西富平流心柿饼H,	629254490552,,118.0,118.0,198,198,59.60%,3,59930,0,0,51,0,0,0,6018,10,13,0,,,新品抢购|淘金币抵3%,7天无理由|蚂蚁花呗|信用卡支付|集分宝,零食/坚果/特产,蜜饯/枣类/梅/果干/冻干,柿饼,,,2021-05-28,16:24:53,2天6时35分41秒,五,http://item.taobao.com/item.htm?id=629254490552,https://kandianbao.com/item/629254490552/, 
18,https://img.alicdn.com/imgextra/i1/3902032678/O1CN012XVGIE1VeZIJRXk9A_!!0-item_pic.jpg,吊柿饼柿子饼独立小包装10斤散装整箱非特级陕西富平流心吊柿饼L,	630286855462,,118.0,118.0,228,228,51.75%,1,18996,0,0,3,0,0,0,354,4,0,0,,,优惠多多|淘金币抵3%,7天无理由|蚂蚁花呗|信用卡支付|集分宝,零食/坚果/特产,蜜饯/枣类/梅/果干/冻干,柿饼,,,2021-05-29,17:27:31,3天7时38分19秒,六,http://item.taobao.com/item.htm?id=630286855462,https://kandianbao.com/item/630286855462/, 
19,https://img.alicdn.com/imgextra/i1/3902032678/O1CN01L0gfvj1VeZKiiqG1r_!!3902032678-0-picasso.jpg,富平柿饼陕西特产吊干柿饼独立小包装降霜柿子农家自制非特级fp,	627035793146,,129.0,159.0,199,249,63.86%,4,19784,0,0,178,0,0,0,25098,178,42,0,,,优惠多多|淘金币抵3%,7天无理由|蚂蚁花呗|信用卡支付|集分宝,零食/坚果/特产,蜜饯/枣类/梅/果干/冻干,柿饼,,,2021-05-31,16:44:51,5天6时55分39秒,一,http://item.taobao.com/item.htm?id=627035793146,https://kandianbao.com/item/627035793146/,这个价格(2);甜甜的(6);独立包装(2);很好吃(13);回复很快(2);不干净(2)
20,https://img.alicdn.com/imgextra/i1/3902032678/O1CN017nS6RH1VeZK8gDRXP_!!0-item_pic.jpg,豌豆粉20斤家用自制凉皮专用粉粉四川特产做凉粉豌豆淀粉商用批发,	638548318469,,129,129,299,299,43.14%,0,49996,0,0,0,0,0,0,0,4,0,0,,,优惠多多|淘金币抵3%,7天无理由|蚂蚁花呗|信用卡支付|集分宝,粮油调味/速食/干货/烘焙,米/面粉/杂粮,面粉/食用粉,,,2021-05-31,14:01:39,5天4时12分27秒,一,http://item.taobao.com/item.htm?id=638548318469,https://kandianbao.com/item/638548318469/, 
21,https://img.alicdn.com/imgextra/i1/3902032678/O1CN01gd9Z3C1VeZJoKZSqE_!!0-item_pic.jpg,正宗潮汕牛肉丸牛筋丸潮州汕头特产手打肉丸子关东煮烧烤火锅食材,	636382242809,,139.9,139.9,199,199,70.30%,0,99998,0,0,1,0,0,0,139.9,0,0,0,,,优惠多多|淘金币抵3%,不支持7天无理由|蚂蚁花呗|信用卡支付|集分宝,水产肉类/新鲜蔬果/熟食,生肉/肉制品,牛丸/肉串,,,2021-05-24,16:07:51,1天17时41分40秒,一,http://item.taobao.com/item.htm?id=636382242809,https://kandianbao.com/item/636382242809/, 
22,https://img.alicdn.com/imgextra/i1/3902032678/O1CN01xgBMUN1VeZHQEcxe4_!!0-item_pic.jpg,奇亚籽谷物燕麦片早餐即食饱腹冲饮代餐水果坚果酸奶果粒麦片网红,	624628972273,,29.9,58.0,49,69,84.06%,8,619343,0,1,32,0.00%,41.14,0.00%,1316.48,4,14,0,,,优惠多多|淘金币抵3%,7天无理由|蚂蚁花呗|信用卡支付|集分宝,咖啡/麦片/冲饮,藕粉/麦片/冲饮品,冲饮谷物/麦片,,,2021-05-27,13:45:17,1天3时56分5秒,四,http://item.taobao.com/item.htm?id=624628972273,https://kandianbao.com/item/624628972273/, 
23,https://img.alicdn.com/imgextra/i1/3902032678/O1CN01gCMSQ91VeZIJLASja_!!0-item_pic.jpg,吊柿饼柿子饼独立小包装2斤散装整箱非特级陕西富平流心吊干柿饼L,	629598357881,,29.9,29.9,59.9,59.9,49.92%,1,19866,0,1,23,0.00%,29.9,0.00%,687.6999999999999,10,1,0,,,优惠多多|淘金币抵3%,7天无理由|蚂蚁花呗|信用卡支付|集分宝,零食/坚果/特产,蜜饯/枣类/梅/果干/冻干,柿饼,,,2021-05-29,13:47:16,3天3时58分4秒,六,http://item.taobao.com/item.htm?id=629598357881,https://kandianbao.com/item/629598357881/, 
24,https://img.alicdn.com/imgextra/i1/3902032678/O1CN01ynC9qS1VeZKB1Lo7w_!!0-item_pic.jpg,潮汕牛肉丸1斤手打牛筋丸手工正宗汕头潮州美食特产火锅丸子网红,	625040946712,,34.9,34.9,79,79,44.18%,0,19936,0,1,65,0.00%,34.9,0.00%,2268.5,18,20,0,,,优惠多多|淘金币抵3%,不支持7天无理由|蚂蚁花呗|信用卡支付|集分宝,水产肉类/新鲜蔬果/熟食,生肉/肉制品,牛丸/肉串,,,2021-05-31,17:08:53,5天7时19分41秒,一,http://item.taobao.com/item.htm?id=625040946712,https://kandianbao.com/item/625040946712/, 
25,https://img.alicdn.com/imgextra/i1/3902032678/O1CN01kd8ugT1VeZII07eNK_!!0-item_pic.jpg,圆柿饼柿子饼独立小包装3斤散装整箱非特级陕西富平流心圆柿饼L,	629248716990,,39.9,39.9,69.9,69.9,57.08%,1,18939,0,1,58,0.00%,39.9,0.00%,2314.2,28,11,0,,,优惠多多|淘金币抵3%,7天无理由|蚂蚁花呗|信用卡支付|集分宝,零食/坚果/特产,蜜饯/枣类/梅/果干/冻干,柿饼,,,2021-05-28,17:20:57,2天7时31分45秒,五,http://item.taobao.com/item.htm?id=629248716990,https://kandianbao.com/item/629248716990/, 
26,https://img.alicdn.com/imgextra/i1/3902032678/O1CN01INEPiO1VeZIB9Cjcx_!!0-item_pic.jpg,酸奶果粒麦片早餐即食水果坚果冲饮干吃牛奶冲泡混合燕麦片速食,	629358951599,,39.9,59.9,69,99,60.51%,2,19996,0,1,4,0.00%,47.900000000000006,0.00%,191.60000000000002,2,0,0,,,优惠多多|淘金币抵3%,7天无理由|蚂蚁花呗|信用卡支付|集分宝,咖啡/麦片/冲饮,藕粉/麦片/冲饮品,冲饮谷物/麦片,,,2021-06-01,15:40:15,6天5时51分3秒,二,http://item.taobao.com/item.htm?id=629358951599,https://kandianbao.com/item/629358951599/, 
27,https://img.alicdn.com/imgextra/i1/3902032678/O1CN01Ft6ZEZ1VeZE6CLcYk_!!0-item_pic.jpg,森庄农品5斤农家自制柿子饼柿干吊柿饼2500g非特级非陕西特产L,	604486358229,,59.9,59.9,129.9,129.9,46.11%,1,17736,0,1,244,0.00%,59.9,0.00%,14615.6,182,51,0,,,优惠多多|淘金币抵3%,7天无理由|蚂蚁花呗|信用卡支付|集分宝,零食/坚果/特产,蜜饯/枣类/梅/果干/冻干,柿饼,,,2021-05-31,12:06:32,5天2时17分20秒,一,http://item.taobao.com/item.htm?id=604486358229,https://kandianbao.com/item/604486358229/, 
28,https://img.alicdn.com/imgextra/i1/3902032678/O1CN01jcVaDo1VeZIT2r3z0_!!0-item_pic.jpg,吊柿饼柿子饼独立小包装5斤农家自制非特级陕西富平流心吊干柿饼L,	631154555090,,59.9,59.9,119.9,119.9,49.96%,4,79935,0,1,20,0.00%,59.9,0.00%,1198,18,1,0,,,优惠多多|淘金币抵3%,7天无理由|蚂蚁花呗|信用卡支付|集分宝,零食/坚果/特产,蜜饯/枣类/梅/果干/冻干,柿饼,,,2021-05-27,14:10:17,1天4时21分5秒,四,http://item.taobao.com/item.htm?id=631154555090,https://kandianbao.com/item/631154555090/, 
29,https://img.alicdn.com/imgextra/i1/3902032678/O1CN01OD8QTA1VeZKiimQye_!!3902032678-0-picasso.jpg,柿饼富平非特级整箱吊柿饼3斤陕西特产软糯香甜流心霜降柿子饼fp,	607171997557,,89.0,89.0,89.0,119.0,74.79%,3,998957,0,1,1723,0.00%,89,0.00%,153347,954,385,0,,,淘金币抵3%,7天无理由|蚂蚁花呗|信用卡支付|集分宝,零食/坚果/特产,蜜饯/枣类/梅/果干/冻干,柿饼,,,2021-05-31,11:42:55,5天1时53分43秒,一,http://item.taobao.com/item.htm?id=607171997557,https://kandianbao.com/item/607171997557/,很好吃(8);包装非常方便(2);甜香自然(2)
30,https://img.alicdn.com/imgextra/i1/3902032678/O1CN014qOPcH1VeZKpedGz3_!!3902032678-0-picasso.jpg,开始发货！吊柿饼农家自制非特级陕西富平柿子饼特产5斤原产地fp,	583015881742,,99.0,159.0,129,289.9,54.85%,6,204136,0,1,34980,0.00%,123,0.00%,4302540,6352,130,0,,,优惠多多|淘金币抵3%,7天无理由|蚂蚁花呗|信用卡支付|集分宝,零食/坚果/特产,蜜饯/枣类/梅/果干/冻干,柿饼,,,2021-05-31,17:44:58,5天7时55分46秒,一,http://item.taobao.com/item.htm?id=583015881742,https://kandianbao.com/item/583015881742/,卫生(2);很大个(2);量足(2);口感非常好(10);很新鲜(2);味道就那样(2)
31,https://img.alicdn.com/imgextra/i1/3902032678/O1CN01PJbS7O1VeZI49u9vH_!!0-item_pic.jpg,吊柿饼农家自制1斤新鲜霜降柿子饼非特级陕西富平特产吊柿批发L,	583143298595,,19.9,19.9,69.9,69.9,28.47%,1,99469,0,2,888,0.00%,39.8,0.00%,17671.199999999997,318,59,0,,,优惠多多|淘金币抵3%,7天无理由|蚂蚁花呗|信用卡支付|集分宝,零食/坚果/特产,蜜饯/枣类/梅/果干/冻干,柿饼,,,2021-05-27,17:44:34,1天7时55分22秒,四,http://item.taobao.com/item.htm?id=583143298595,https://kandianbao.com/item/583143298595/, 
32,https://img.alicdn.com/imgextra/i1/3902032678/O1CN010Hj2IF1VeZHW6liRQ_!!0-item_pic.jpg,森庄农品水果坚果酸奶果粒麦片早餐干吃泡酸奶即食食品代餐饱腹,	614508074620,,24.9,39.9,69.9,69.9,57.08%,9,1508549,0,2,116,0.00%,61.800000000000004,0.00%,3584.4,40,23,0,,,优惠多多|淘金币抵3%,7天无理由|蚂蚁花呗|信用卡支付|集分宝,咖啡/麦片/冲饮,藕粉/麦片/冲饮品,冲饮谷物/麦片,,,2021-05-26,16:04:58,6时15分46秒,三,http://item.taobao.com/item.htm?id=614508074620,https://kandianbao.com/item/614508074620/, 
33,https://img.alicdn.com/imgextra/i1/3902032678/O1CN018v9pCB1VeZHySQbDv_!!0-item_pic.jpg,水果燕麦片早餐即食坚果酸奶果粒麦片懒人营养代餐速食品冲饮麦片,	627267119068,,29.8,59.8,69.9,119.9,49.87%,4,349675,0,2,18,0.00%,83.6,0.00%,752.4,6,11,0,,,新品抢购|淘金币抵3%,7天无理由|蚂蚁花呗|信用卡支付|集分宝,咖啡/麦片/冲饮,藕粉/麦片/冲饮品,冲饮谷物/麦片,,,2021-05-26,13:57:10,4时7分58秒,三,http://item.taobao.com/item.htm?id=627267119068,https://kandianbao.com/item/627267119068/, 
34,https://img.alicdn.com/imgextra/i1/3902032678/O1CN01UCzkmp1VeZEGnsvKI_!!0-item_pic.jpg,2020年新货圆柿饼农家自制1000g非特级陕西富平特产柿饼霜降L,	605436874479,,29.9,29.9,69.9,69.9,42.78%,1,59500,0,2,483,0.00%,59.8,0.00%,14441.699999999999,194,103,0,,,优惠多多|淘金币抵3%,7天无理由|蚂蚁花呗|信用卡支付|集分宝,零食/坚果/特产,蜜饯/枣类/梅/果干/冻干,柿饼,,,2021-05-31,12:03:46,5天2时14分34秒,一,http://item.taobao.com/item.htm?id=605436874479,https://kandianbao.com/item/605436874479/, 
35,https://img.alicdn.com/imgextra/i1/3902032678/O1CN01uQfhAW1VeZI8xnxH4_!!0-item_pic.jpg,吊柿饼5斤装独个小包装非特级柿子饼散装整箱非陕西富平流心网红H,	629158119134,,39.9,159.9,99,199,80.35%,6,119966,0,2,32,0.00%,175.8,0.00%,2812.8,16,14,0,,,新品抢购|淘金币抵3%,7天无理由|蚂蚁花呗|信用卡支付|集分宝,零食/坚果/特产,蜜饯/枣类/梅/果干/冻干,柿饼,,,2021-05-28,17:38:42,2天7时49分30秒,五,http://item.taobao.com/item.htm?id=629158119134,https://kandianbao.com/item/629158119134/, 
36,https://img.alicdn.com/imgextra/i1/3902032678/O1CN01M2WPQW1VeZJYyNum2_!!0-item_pic.jpg,罗汉果广西桂林特产小包装永福特大黄金干果花茶泡茶非特级野山JL,	635269669742,,48.0,58.0,129,129,44.96%,2,199971,0,2,28,0.00%,104.00000000000001,0.00%,1456.0000000000002,8,10,0,,,优惠多多|淘金币抵3%,7天无理由|蚂蚁花呗|信用卡支付|集分宝,零食/坚果/特产,蜜饯/枣类/梅/果干/冻干,罗汉果,,,2021-05-27,14:06:05,1天4时16分53秒,四,http://item.taobao.com/item.htm?id=635269669742,https://kandianbao.com/item/635269669742/, 
37,https://img.alicdn.com/imgextra/i1/3902032678/O1CN01OckRZF1VeZJqT16TS_!!0-item_pic.jpg,森庄农品潮汕牛肉丸潮州手打牛筋丸2斤装正宗汕头潮州火锅烧烤z,	610134111940,,59.8,59.8,89,89,67.19%,0,9850,0,2,133,0.00%,119.6,0.00%,7953.4,64,36,0,,,优惠多多|淘金币抵3%,不支持7天无理由|蚂蚁花呗|信用卡支付|集分宝,水产肉类/新鲜蔬果/熟食,生肉/肉制品,牛丸/肉串,,,2021-06-01,16:58:00,6天7时8分48秒,二,http://item.taobao.com/item.htm?id=610134111940,https://kandianbao.com/item/610134111940/, 
38,https://img.alicdn.com/imgextra/i1/3902032678/O1CN01lpRWAh1VeZI1J6qEd_!!0-item_pic.jpg,5斤农家自制柿子饼柿干吊柿饼2500g非特级陕西特产富平柿饼L,	582934316248,,59.9,59.9,129.9,129.9,46.11%,2,101858,0,2,3295,0.00%,119.8,0.00%,197370.5,1962,239,0,,,优惠多多|淘金币抵3%,7天无理由|蚂蚁花呗|信用卡支付|集分宝,零食/坚果/特产,蜜饯/枣类/梅/果干/冻干,柿饼,,,2021-05-27,17:57:18,1天8时8分6秒,四,http://item.taobao.com/item.htm?id=582934316248,https://kandianbao.com/item/582934316248/, 
39,https://img.alicdn.com/imgextra/i1/3902032678/O1CN01NlbolJ1VeZIUJAMXA_!!0-item_pic.jpg,吊柿饼柿子饼独立小包装10斤农家自制非特级陕西富平流心吊柿饼L,	631149755527,,118.0,118.0,229.9,229.9,51.33%,3,59647,0,2,20,0.00%,236,0.00%,2360,4,1,0,,,优惠多多|淘金币抵3%,7天无理由|蚂蚁花呗|信用卡支付|集分宝,零食/坚果/特产,蜜饯/枣类/梅/果干/冻干,柿饼,,,2021-05-27,14:10:17,1天4时21分5秒,四,http://item.taobao.com/item.htm?id=631149755527,https://kandianbao.com/item/631149755527/, 
40,https://img.alicdn.com/imgextra/i1/3902032678/O1CN012riySF1VeZDZrOnVi_!!0-item_pic.jpg,森庄农品仙草粉小包装自制家用黑凉粉白凉粉烧仙草粉奶茶店专用,	601351669267,,19.9,19.9,49.9,49.9,39.88%,1,9672,0,3,290,0.00%,59.699999999999996,0.00%,5771,148,48,0,,,优惠多多|淘金币抵3%,7天无理由|蚂蚁花呗|信用卡支付|集分宝,咖啡/麦片/冲饮,食补粉粉,天然粉粉食品,,,2021-05-29,15:46:04,3天5时56分52秒,六,http://item.taobao.com/item.htm?id=601351669267,https://kandianbao.com/item/601351669267/, 
41,https://img.alicdn.com/imgextra/i1/3902032678/O1CN01ygStIQ1VeZG6hwyMO_!!0-item_pic.jpg,森庄农品黄小米新米150g*6袋农家自产小米粥小黄米五谷杂粮宝宝米,	615754276230,,19.9,19.9,39.9,39.9,49.87%,0,4879,0,3,115,0.00%,59.699999999999996,0.00%,2288.5,30,18,0,,,优惠多多|淘金币抵3%,7天无理由|蚂蚁花呗|信用卡支付|集分宝,粮油调味/速食/干货/烘焙,米/面粉/杂粮,小米,,,2021-05-26,16:13:13,6时24分1秒,三,http://item.taobao.com/item.htm?id=615754276230,https://kandianbao.com/item/615754276230/, 
42,https://img.alicdn.com/imgextra/i1/3902032678/O1CN01EMk9Qm1VeZIKoAQZ3_!!0-item_pic.jpg,吊柿饼圆柿饼独立小包装2斤散装整箱非特级陕西富平流心吊干柿饼L,	629471828443,,29.9,29.9,59.9,59.9,49.92%,3,61725,0,3,46,0.00%,89.69999999999999,0.00%,1375.3999999999999,16,9,0,,,优惠多多|淘金币抵3%,7天无理由|蚂蚁花呗|信用卡支付|集分宝,零食/坚果/特产,蜜饯/枣类/梅/果干/冻干,柿饼,,,2021-05-28,13:27:27,2天3时38分15秒,五,http://item.taobao.com/item.htm?id=629471828443,https://kandianbao.com/item/629471828443/, 
43,https://img.alicdn.com/imgextra/i1/3902032678/O1CN01tRWYQ31VeZISR42yK_!!0-item_pic.jpg,水果坚果燕麦片早餐即食懒人营养代餐饱腹食品非酸奶果粒冲饮麦片,	630439272589,,29.9,29.9,59.9,59.9,49.92%,2,196874,0,4,10,0.00%,119.6,0.00%,299,6,0,0,,,优惠多多|淘金币抵3%,7天无理由|蚂蚁花呗|信用卡支付|集分宝,咖啡/麦片/冲饮,藕粉/麦片/冲饮品,冲饮谷物/麦片,,,2021-05-31,14:24:57,5天4时35分45秒,一,http://item.taobao.com/item.htm?id=630439272589,https://kandianbao.com/item/630439272589/, 
44,https://img.alicdn.com/imgextra/i1/3902032678/O1CN01VJnuG31VeZI7uibj0_!!0-item_pic.jpg,吊柿饼柿子饼独立小包装3斤散装整箱非特级陕西富平流心吊干柿饼L,	629954726707,,39.9,39.9,79.9,79.9,49.94%,1,20809,0,4,80,0.00%,159.6,0.00%,3192,34,11,0,,,优惠多多|淘金币抵3%,7天无理由|蚂蚁花呗|信用卡支付|集分宝,零食/坚果/特产,蜜饯/枣类/梅/果干/冻干,柿饼,,,2021-05-29,13:49:36,3天4时0分24秒,六,http://item.taobao.com/item.htm?id=629954726707,https://kandianbao.com/item/629954726707/, 
45,https://img.alicdn.com/imgextra/i1/3902032678/O1CN01d47UmW1VeZHXLsAYa_!!0-item_pic.jpg,森庄农品麦片早餐速食懒人食品水果坚果谷物燕麦片即食冲饮代餐,	611796340110,,9.9,39.9,39.9,79.9,49.94%,9,1667931,0,5,239,0.00%,109.50000000000001,0.00%,5234.1,108,51,0,,,优惠多多|淘金币抵3%,7天无理由|蚂蚁花呗|信用卡支付|集分宝,咖啡/麦片/冲饮,藕粉/麦片/冲饮品,冲饮谷物/麦片,,,2021-05-29,17:03:50,3天7时14分38秒,六,http://item.taobao.com/item.htm?id=611796340110,https://kandianbao.com/item/611796340110/, 
46,https://img.alicdn.com/imgextra/i1/3902032678/O1CN01IEQxOo1VeZGQ21VNm_!!3902032678-0-lubanu-s.jpg,森庄农品麦片早餐即食水果坚果烘焙麦片酸奶冲饮速食懒人代餐食品,	618310393283,,9.9,49.9,39.9,69.9,71.39%,6,47446,0,6,532,0.00%,155.4,0.00%,13778.800000000001,146,102,0,,,优惠多多|淘金币抵3%,7天无理由|蚂蚁花呗|信用卡支付|集分宝,咖啡/麦片/冲饮,藕粉/麦片/冲饮品,冲饮谷物/麦片,,,2021-05-28,16:19:08,2天6时29分56秒,五,http://item.taobao.com/item.htm?id=618310393283,https://kandianbao.com/item/618310393283/,便宜(2);份量很足(2);超级好吃(16);老板人很好(3);美味一般(4)
47,https://img.alicdn.com/imgextra/i1/3902032678/O1CN01rMSLUD1VeZHRLfRnh_!!0-item_pic.jpg,森庄农品麦片早餐速食懒人食品水果坚果燕麦片即食冲饮代餐饱腹,	608003383435,,19.9,49.9,59.8,119.8,41.65%,8,2079328,0,6,6256,0.00%,191.4,0.00%,199566.40000000002,1090,2055,0,,,优惠多多|淘金币抵3%,7天无理由|蚂蚁花呗|信用卡支付|集分宝,咖啡/麦片/冲饮,藕粉/麦片/冲饮品,冲饮谷物/麦片,,,2021-05-26,17:45:19,7时56分7秒,三,http://item.taobao.com/item.htm?id=608003383435,https://kandianbao.com/item/608003383435/,继续关注(3);物流无暴力(2);味道不错(16);干吃好吃(2);便宜(4);不好吃(2)
48,https://img.alicdn.com/imgextra/i2/3902032678/O1CN01BOJfu31VeZKzn7Z2B_!!0-item_pic.jpg,广东肠粉500g专用粉肠粉工具家庭套装广式拉肠粉粉酱汁,	643338823226,,36.9,36.9,36.90,36.90,100.00%,0,99992,0,6,7,0.00%,221.39999999999998,0.00%,258.3,6,0,0,,,淘金币抵3%,7天无理由|蚂蚁花呗|信用卡支付|集分宝,粮油调味/速食/干货/烘焙,米/面粉/杂粮,面粉/食用粉,,,2021-06-01,13:51:37,6天4时2分25秒,二,http://item.taobao.com/item.htm?id=643338823226,https://kandianbao.com/item/643338823226/, 
49,https://img.alicdn.com/imgextra/i1/3902032678/O1CN01KqTTZr1VeZI79Y1Oo_!!0-item_pic.jpg,麦片早餐即食水果坚果燕麦片营养代餐速食懒人食品冲饮酸奶果粒,	628543939686,,39.9,78.8,79.9,99.9,78.88%,5,402568,0,6,7779,0.00%,332.76,0.00%,431423.34,652,2018,0,,,新品抢购|淘金币抵3%,7天无理由|蚂蚁花呗|信用卡支付|集分宝,咖啡/麦片/冲饮,藕粉/麦片/冲饮品,冲饮谷物/麦片,,,2021-05-28,13:59:17,2天4时10分5秒,五,http://item.taobao.com/item.htm?id=628543939686,https://kandianbao.com/item/628543939686/,适合减肥(2);不是很甜(3);饱腹感很强(2);很好吃(94);可以干吃(4);干吃真的很干(2)
50,https://img.alicdn.com/imgextra/i1/3902032678/O1CN01TRl0JF1VeZH1onz5a_!!3902032678-0-lubanu-s.jpg,森庄农品冰粉配料组合全套冰冰粉伴侣自制家用凉粉原味糍粑冰粉粉,	622987915398,,14.9,69.9,19.8,79.8,87.59%,13,1148694,0,7,177,0.00%,258.30000000000007,0.00%,6531.300000000001,70,32,0,,,优惠多多|淘金币抵3%,7天无理由|蚂蚁花呗|信用卡支付|集分宝,咖啡/麦片/冲饮,其它饮品,其它饮品,,,2021-06-01,17:40:31,6天7时51分19秒,二,http://item.taobao.com/item.htm?id=622987915398,https://kandianbao.com/item/622987915398/, 
51,https://img.alicdn.com/imgextra/i1/3902032678/O1CN01CWfq4d1VeZIGbV5Hp_!!0-item_pic.jpg,吊柿饼柿子饼独立小包装5斤散装整箱非特级陕西富平流心吊干柿饼L,	629984918636,,59.9,59.9,109.9,109.9,54.50%,1,18861,0,7,133,0.00%,419.3,0.00%,7966.7,52,27,0,,,优惠多多|淘金币抵3%,7天无理由|蚂蚁花呗|信用卡支付|集分宝,零食/坚果/特产,蜜饯/枣类/梅/果干/冻干,柿饼,,,2021-05-29,17:13:54,3天7时24分42秒,六,http://item.taobao.com/item.htm?id=629984918636,https://kandianbao.com/item/629984918636/, 
52,https://img.alicdn.com/imgextra/i1/3902032678/O1CN01zAYSZy1VeZBiyH0NZ_!!0-item_pic.jpg,森庄农品罗汉果干果广西桂林特产永福新鲜罗汉果茶盒装包邮JL,	594101526754,,23.9,35.9,49,49,73.27%,6,24835,0,8,373,0.00%,229.60000000000002,0.00%,10705.1,86,83,0,,,新品尝鲜|淘金币抵3%,7天无理由|蚂蚁花呗|信用卡支付|集分宝,零食/坚果/特产,蜜饯/枣类/梅/果干/冻干,罗汉果,,,2021-05-27,17:54:44,1天8时5分32秒,四,http://item.taobao.com/item.htm?id=594101526754,https://kandianbao.com/item/594101526754/, 
53,https://img.alicdn.com/imgextra/i1/3902032678/O1CN01pmexbS1VeZHGc6BSv_!!3902032678-0-lubanu-s.jpg,冰粉粉商用大袋100冰凉粉专用粉整箱批发四川冰冰粉伴侣配料组合,	624321022466,,30.0,128.0,39,148,86.49%,12,1108752,0,8,115,0.00%,553.6,0.01%,7958,60,17,0,,,优惠多多|淘金币抵3%,7天无理由|蚂蚁花呗|信用卡支付|集分宝,咖啡/麦片/冲饮,其它饮品,其它饮品,,,2021-05-26,16:36:46,6时47分34秒,三,http://item.taobao.com/item.htm?id=624321022466,https://kandianbao.com/item/624321022466/, 
54,https://img.alicdn.com/imgextra/i1/3902032678/O1CN01nuhdLR1VeZJtcRCKH_!!0-item_pic.jpg,正宗潮汕牛肉丸手工手打牛筋丸汕头特产火锅食材丸子烧烤两斤组合,	621805991747,,59.8,59.8,129,129,46.36%,0,9970,0,8,30,0.00%,478.4,0.01%,1794,4,11,0,,,优惠多多|淘金币抵3%,不支持7天无理由|蚂蚁花呗|信用卡支付|集分宝,水产肉类/新鲜蔬果/熟食,生肉/肉制品,牛丸/肉串,,,2021-05-25,23:32:30,10时16分19秒,二,http://item.taobao.com/item.htm?id=621805991747,https://kandianbao.com/item/621805991747/, 
55,https://img.alicdn.com/imgextra/i1/3902032678/O1CN01Ekvx6s1VeZC4CpLTQ_!!0-item_pic.jpg,森庄农品黄金罗汉果干果低温脱水新鲜广西桂林特产永福罗汉果茶JL,	594903106256,,29.9,35.9,59,59,60.85%,4,29439,0,10,818,0.01%,323,0.00%,26421.399999999998,306,161,0,,,新品尝鲜|淘金币抵3%,7天无理由|蚂蚁花呗|信用卡支付|集分宝,零食/坚果/特产,蜜饯/枣类/梅/果干/冻干,罗汉果,,,2021-05-30,15:51:43,4天6时2分31秒,日,http://item.taobao.com/item.htm?id=594903106256,https://kandianbao.com/item/594903106256/, 
56,https://img.alicdn.com/imgextra/i1/3902032678/O1CN01CdTDD41VeZID1a4yX_!!0-item_pic.jpg,圆柿饼柿子饼独立小包装10斤散装整箱非特级陕西富平流心圆柿饼L,	629594693427,,118.0,118.0,236,236,50.00%,1,20951,0,11,45,0.01%,1298,0.01%,5310,10,4,0,,,优惠多多|淘金币抵3%,7天无理由|蚂蚁花呗|信用卡支付|集分宝,零食/坚果/特产,蜜饯/枣类/梅/果干/冻干,柿饼,,,2021-05-28,17:32:11,2天7时42分59秒,五,http://item.taobao.com/item.htm?id=629594693427,https://kandianbao.com/item/629594693427/, 
57,https://img.alicdn.com/imgextra/i1/3902032678/O1CN01IG93fJ1VeZHNkJ8Tk_!!3902032678-0-lubanu-s.jpg,豌豆粉凉粉专用粉家用自制四川特产凉皮食用纯豌豆淀粉白凉粉网红,	625213251930,,9.9,9.9,28.9,28.9,34.26%,0,4851,0,12,143,0.01%,118.80000000000001,0.00%,1415.7,32,23,0,,,优惠多多|淘金币抵3%,7天无理由|蚂蚁花呗|信用卡支付|集分宝,粮油调味/速食/干货/烘焙,米/面粉/杂粮,面粉/食用粉,,,2021-05-29,15:28:47,3天5时39分35秒,六,http://item.taobao.com/item.htm?id=625213251930,https://kandianbao.com/item/625213251930/, 
58,https://img.alicdn.com/imgextra/i1/3902032678/O1CN01HcQE891VeZKmaUSeK_!!3902032678-0-picasso.jpg,富平柿饼流心陕西特产霜降吊柿饼子农家自制小包装非特级柿子饼fp,	632025072950,,69.0,129.0,99,159,81.13%,4,299696,0,12,304,0.01%,1116,0.01%,28272,154,55,0,,,优惠多多|淘金币抵3%,7天无理由|蚂蚁花呗|信用卡支付|集分宝,零食/坚果/特产,蜜饯/枣类/梅/果干/冻干,柿饼,,,2021-05-26,17:22:04,7时32分52秒,三,http://item.taobao.com/item.htm?id=632025072950,https://kandianbao.com/item/632025072950/,甜甜的(9);独立包装(6);超级好吃(25);很软糯(5);很干净(3);不好吃(3)
59,https://img.alicdn.com/imgextra/i1/3902032678/O1CN01Awhx3h1VeZDNAYL01_!!0-item_pic.jpg,森庄农品罗汉果糖代糖赤藓糖醇0卡零卡糖268g非木糖醇罗汉果甜JL,	600325586710,,39.9,39.9,69.9,69.9,57.08%,0,9506,0,13,482,0.01%,518.6999999999999,0.01%,19231.8,344,73,0,,,优惠多多|淘金币抵3%,7天无理由|蚂蚁花呗|信用卡支付|集分宝,粮油调味/速食/干货/烘焙,调味品/果酱/沙拉,食糖,,,2021-06-01,16:01:43,6天6时12分31秒,二,http://item.taobao.com/item.htm?id=600325586710,https://kandianbao.com/item/600325586710/, 
60,https://img.alicdn.com/imgextra/i1/3902032678/O1CN011fo8un1VeZIDXX4AH_!!0-item_pic.jpg,小麦胚芽燕麦片早餐食品即食水果坚果营养代餐酸奶果粒冲饮干吃,	628860490254,,18.9,58.8,69.9,99.9,58.86%,4,205654,0,14,6516,0.01%,488.03999999999996,0.01%,227147.76,574,1898,0,,,新品抢购|淘金币抵3%,7天无理由|蚂蚁花呗|信用卡支付|集分宝,咖啡/麦片/冲饮,藕粉/麦片/冲饮品,冲饮谷物/麦片,,,2021-05-28,17:02:09,2天7时12分57秒,五,http://item.taobao.com/item.htm?id=628860490254,https://kandianbao.com/item/628860490254/,干吃好吃(20);甜甜的(3);香味浓郁(3);很好吃(99);会回购(16);脆脆的(21)
61,https://img.alicdn.com/imgextra/i1/3902032678/O1CN01wyvoHy1VeZKBjcOli_!!0-item_pic.jpg,潮汕牛肉丸牛筋丸手打正宗特产潮州肉丸子汕头火锅烧烤食材关东煮,	625099174120,,34.9,34.9,129,129,27.05%,0,95758,0,14,4115,0.01%,488.59999999999997,0.01%,143613.5,730,906,0,,,优惠多多|淘金币抵3%,不支持7天无理由|蚂蚁花呗|信用卡支付|集分宝,水产肉类/新鲜蔬果/熟食,生肉/肉制品,牛丸/肉串,,,2021-05-25,15:33:56,18时15分45秒,二,http://item.taobao.com/item.htm?id=625099174120,https://kandianbao.com/item/625099174120/,质量很不错(3);很好吃(53);小朋友能吃(3);继续回购(6);很新鲜(4);不要买(3)
62,https://img.alicdn.com/imgextra/i1/3902032678/O1CN01UZK4h61VeZF5TjYXo_!!0-item_pic.jpg,森庄农品麦片水果坚果燕麦片早餐即食牛奶冲饮代餐速食懒人食品,	610068061216,,39.8,69.9,59.8,89.8,77.84%,8,696221,0,14,2219,0.01%,725.76,0.01%,115032.96,526,478,0,,,优惠多多|淘金币抵3%,7天无理由|蚂蚁花呗|信用卡支付|集分宝,咖啡/麦片/冲饮,藕粉/麦片/冲饮品,冲饮谷物/麦片,,,2021-05-26,16:28:14,6时39分2秒,三,http://item.taobao.com/item.htm?id=610068061216,https://kandianbao.com/item/610068061216/,味道很不错(10);会回购(3);脆脆的(2);甜软适中(2);儿子很喜欢(2);态度恶劣(2)
63,https://img.alicdn.com/imgextra/i1/3902032678/O1CN01aHOllw1VeZ9MimrJC_!!0-item_pic.jpg,圆柿饼三斤农家自制柿饼特产霜降柿子饼3斤包邮非富平非特级陕西L,	584112792321,,39.9,39.9,129.9,129.9,30.72%,1,7845,0,15,223,0.01%,598.5,0.01%,8897.699999999999,78,22,0,,,优惠多多|淘金币抵3%,7天无理由|蚂蚁花呗|信用卡支付|集分宝,零食/坚果/特产,蜜饯/枣类/梅/果干/冻干,柿饼,,,2021-05-31,12:09:08,5天2时19分56秒,一,http://item.taobao.com/item.htm?id=584112792321,https://kandianbao.com/item/584112792321/, 
64,https://img.alicdn.com/imgextra/i1/3902032678/O1CN01K5vbGT1VeZFJBMBzO_!!0-item_pic.jpg,吊柿饼5斤整箱广西农家自制非特级陕西富平霜降柿子饼特产小包装L,	609842684089,,29.9,59.8,79.9,79.9,74.84%,5,10959196,0,16,4597,0.01%,669.76,0.01%,192430.41999999998,794,816,0,,,优惠多多|淘金币抵3%,7天无理由|蚂蚁花呗|信用卡支付|集分宝,零食/坚果/特产,蜜饯/枣类/梅/果干/冻干,柿饼,,,2021-05-27,11:40:22,1天1时51分10秒,四,http://item.taobao.com/item.htm?id=609842684089,https://kandianbao.com/item/609842684089/,甜甜的(5);软软的(4);第二次回购(7);独立包装(17);很好吃(39);质量差(2)
65,https://img.alicdn.com/imgextra/i1/3902032678/O1CN01Hu4G8r1VeZIG8iOdL_!!0-item_pic.jpg,圆柿饼柿子饼独立小包装2斤散装整箱非特级陕西富平流心圆柿饼L,	629126424203,,29.9,29.9,59.9,59.9,49.92%,1,19609,0,16,382,0.01%,478.4,0.01%,11421.8,144,71,0,,,优惠多多|淘金币抵3%,7天无理由|蚂蚁花呗|信用卡支付|集分宝,零食/坚果/特产,蜜饯/枣类/梅/果干/冻干,柿饼,,,2021-05-27,17:42:10,1天7时52分58秒,四,http://item.taobao.com/item.htm?id=629126424203,https://kandianbao.com/item/629126424203/,第二次回购(2);很好吃(4)
66,https://img.alicdn.com/imgextra/i1/3902032678/O1CN01aOmvnR1VeZJvqY41y_!!0-item_pic.jpg,潮汕牛肉丸2斤手打牛筋丸手工正宗汕头潮州美食特产火锅丸子食材,	612775393779,,59.8,59.8,99,99,60.40%,0,794024,0,16,3431,0.01%,956.8,0.01%,205173.8,552,507,0,,,优惠多多|淘金币抵3%,不支持7天无理由|蚂蚁花呗|信用卡支付|集分宝,水产肉类/新鲜蔬果/熟食,生肉/肉制品,牛丸/肉串,,,2021-05-28,17:02:32,2天7时13分20秒,五,http://item.taobao.com/item.htm?id=612775393779,https://kandianbao.com/item/612775393779/,斤量不少(2);第二次回购(18);很好吃(40);特别有嚼劲(3);物流很快(11);太难吃了(5)
67,https://img.alicdn.com/imgextra/i1/3902032678/O1CN01aRkhVl1VeZHTfAxnw_!!3902032678-0-lubanu-s.jpg,冰粉粉家用商用自制冰凉粉专用粉四川冰冰粉配料组合伴侣糍粑网红,	625319639284,,9.9,29.9,19.8,39.9,74.94%,14,1318534,0,17,136,0.01%,304.29999999999995,0.00%,2434.3999999999996,76,26,0,,,优惠多多|淘金币抵3%,7天无理由|蚂蚁花呗|信用卡支付|集分宝,咖啡/麦片/冲饮,其它饮品,其它饮品,,,2021-05-31,14:26:32,5天4时37分20秒,一,http://item.taobao.com/item.htm?id=625319639284,https://kandianbao.com/item/625319639284/, 
68,https://img.alicdn.com/imgextra/i1/3902032678/O1CN01wA0R9q1VeZHO0ioFC_!!3902032678-0-lubanu-s.jpg,烧仙草粉自制家用低脂代餐饱腹食品奶茶店专用粉原材料黑凉粉网红,	625463151521,,9.9,52.9,28.9,79.9,66.21%,13,649885,0,18,114,0.01%,487.8,0.01%,3089.4,32,29,0,,,优惠多多|淘金币抵3%,7天无理由|蚂蚁花呗|信用卡支付|集分宝,咖啡/麦片/冲饮,食补粉粉,天然粉粉食品,,,2021-05-26,17:40:22,7时51分10秒,三,http://item.taobao.com/item.htm?id=625463151521,https://kandianbao.com/item/625463151521/, 
69,https://img.alicdn.com/imgextra/i1/3902032678/O1CN01yv2day1VeZKiipmub_!!3902032678-0-picasso.jpg,陕西富平柿饼流心农家自制独立小包装吊柿饼子非特级霜降柿子饼fp,	632681590865,,89.0,109.0,99,129,84.50%,3,199466,0,20,571,0.01%,1940,0.02%,55387,254,103,0,,,优惠多多|淘金币抵3%,7天无理由|蚂蚁花呗|信用卡支付|集分宝,零食/坚果/特产,蜜饯/枣类/梅/果干/冻干,柿饼,,,2021-05-26,16:46:54,6时57分42秒,三,http://item.taobao.com/item.htm?id=632681590865,https://kandianbao.com/item/632681590865/,很鲜甜(12);独立包装(5);很好吃(41);量足(2);回购很多次(4);很难吃(2)
70,https://img.alicdn.com/imgextra/i1/3902032678/O1CN01kNm8D61VeZHS3P6b0_!!3902032678-0-lubanu-s.jpg,蔓越莓干烘培用200g小包装曼越梅莓干即食蜜饯水果零食蔓越莓果干,	625307250151,,14.9,56.9,39.9,69.9,81.40%,4,39830,0,21,168,0.01%,665.7,0.01%,5325.6,36,30,0,,,优惠多多|淘金币抵3%,7天无理由|蚂蚁花呗|信用卡支付|集分宝,零食/坚果/特产,蜜饯/枣类/梅/果干/冻干,蔓越莓干,,,2021-05-28,17:20:11,2天7时30分59秒,五,http://item.taobao.com/item.htm?id=625307250151,https://kandianbao.com/item/625307250151/, 
71,https://img.alicdn.com/imgextra/i2/3902032678/O1CN01II8eDi1VeZK96nXBT_!!0-item_pic.jpg,烧仙草粉仙草粉自制家用果冻粉奶茶店专用黑白凉粉原材料配料组合,	638223765088,,9.9,64.9,19.9,129.9,49.96%,9,449944,0,22,55,0.01%,701.8000000000002,0.01%,1754.5000000000002,42,19,0,,,优惠多多|淘金币抵3%,7天无理由|蚂蚁花呗|信用卡支付|集分宝,咖啡/麦片/冲饮,食补粉粉,天然粉粉食品,,,2021-05-31,17:16:19,5天7时27分7秒,一,http://item.taobao.com/item.htm?id=638223765088,https://kandianbao.com/item/638223765088/, 
72,https://img.alicdn.com/imgextra/i1/3902032678/O1CN0169vtLR1VeZIklkoWC_!!0-item_pic.jpg,吊柿饼1000g独个小包装圆柿子饼非特级陕西富平流心柿饼整箱散装H,	629247139160,,29.9,29.9,79.9,79.9,37.42%,3,59246,0,23,733,0.01%,687.6999999999999,0.01%,21916.7,302,143,0,,,新品抢购|淘金币抵3%,7天无理由|蚂蚁花呗|信用卡支付|集分宝,零食/坚果/特产,蜜饯/枣类/梅/果干/冻干,柿饼,,,2021-05-30,14:29:48,4天4时40分36秒,日,http://item.taobao.com/item.htm?id=629247139160,https://kandianbao.com/item/629247139160/,甜甜的(6);很好吃(23);会回购(4);干净卫生(2);包装精致(7);不好吃(5)
73,https://img.alicdn.com/imgextra/i1/3902032678/O1CN01tJv3n91VeZDXSXr83_!!0-item_pic.jpg,森庄农品烧仙草粉黑凉粉冻奶茶店专用自制家用仙草粉小包装100g,	600769240034,,9.9,62.9,29.9,139,45.25%,14,667604,0,24,2154,0.01%,746.4000000000001,0.01%,66989.40000000001,894,301,0,,,优惠多多|淘金币抵3%,7天无理由|蚂蚁花呗|信用卡支付|集分宝,咖啡/麦片/冲饮,食补粉粉,天然粉粉食品,,,2021-05-31,16:31:40,5天6时42分28秒,一,http://item.taobao.com/item.htm?id=600769240034,https://kandianbao.com/item/600769240034/,很好吃(6);物流快(2);包装完好无损(4);品相好(5)
74,https://img.alicdn.com/imgextra/i1/3902032678/O1CN01syLVGh1VeZCuXRt5t_!!0-item_pic.jpg,森庄农品白凉粉儿果冻食用魔芋粉烧仙草粉白凉粉专用粉送模具,	598444814382,,11.9,104.9,29.9,129.9,80.75%,15,411516,0,24,8617,0.01%,1178.4,0.01%,423094.70000000007,1656,851,0,,,优惠多多|淘金币抵3%,7天无理由|蚂蚁花呗|信用卡支付|集分宝,咖啡/麦片/冲饮,食补粉粉,天然粉粉食品,,,2021-05-26,14:52:57,5时3分45秒,三,http://item.taobao.com/item.htm?id=598444814382,https://kandianbao.com/item/598444814382/,很好吃(8);物流很快(2);很方便(2);价廉物美(4);回复很快(2);分量有点少(2)
75,https://img.alicdn.com/imgextra/i1/3902032678/O1CN01S9NP9k1VeZHZBxSuD_!!0-item_pic.jpg,森庄农品美国进口蔓越莓干100g小包装零食烘赔专用蜜饯果干包邮,	593428584608,,9.9,9.9,29,29,34.14%,1,8252,0,25,1653,0.01%,247.5,0.00%,16364.7,286,250,0,,,优惠多多|淘金币抵3%,7天无理由|蚂蚁花呗|信用卡支付|集分宝,零食/坚果/特产,蜜饯/枣类/梅/果干/冻干,蔓越莓干,,,2021-05-27,17:55:18,1天8时6分6秒,四,http://item.taobao.com/item.htm?id=593428584608,https://kandianbao.com/item/593428584608/, 
76,https://img.alicdn.com/imgextra/i1/3902032678/O1CN01sO0OWJ1VeZEGS1Qor_!!0-item_pic.jpg,森庄农品吐鲁番新疆特级超大免洗即食葡萄干独小包装散装提子零食,	606014473600,,19.9,19.9,69.9,69.9,28.47%,1,8949,0,26,972,0.01%,517.4,0.01%,19342.8,98,158,0,,,优惠多多|淘金币抵3%,7天无理由|蚂蚁花呗|信用卡支付|集分宝,零食/坚果/特产,蜜饯/枣类/梅/果干/冻干,葡萄干,,,2021-05-31,12:32:50,5天2时43分38秒,一,http://item.taobao.com/item.htm?id=606014473600,https://kandianbao.com/item/606014473600/,小袋包装(3);味道很正(3);老人家吃着好(2);很干净(3)
77,https://img.alicdn.com/imgextra/i1/3902032678/O1CN01Pp0eHD1VeZCmWFg9z_!!0-item_pic.jpg,森庄农品桂林特产广西罗汉果茶咽炎茶30小包装罗汉果泡水袋装JL,	597635537977,,29.9,29.9,59.9,59.9,49.92%,0,9054,0,26,934,0.01%,777.4,0.01%,27926.6,428,175,0,,,优惠多多|淘金币抵3%,7天无理由|蚂蚁花呗|信用卡支付|集分宝,茶,代用/花草/水果/再加工茶,代用/花草茶,,,2021-05-31,11:30:30,5天1时41分18秒,一,http://item.taobao.com/item.htm?id=597635537977,https://kandianbao.com/item/597635537977/,口感味道好(2);甜甜的(2)
78,https://img.alicdn.com/imgextra/i1/3902032678/O1CN01DcJoKQ1VeZJ63GI19_!!0-item_pic.jpg,农家吊柿饼子霜降非特级独立小包装5斤非陕西富平流心柿子饼网红H,	635018635673,,59.9,59.9,159,159,37.67%,2,199904,0,26,93,0.01%,1557.3999999999999,0.02%,5570.7,22,25,0,,,优惠多多|淘金币抵3%,7天无理由|蚂蚁花呗|信用卡支付|集分宝,零食/坚果/特产,蜜饯/枣类/梅/果干/冻干,柿饼,,,2021-05-29,10:47:37,3天58分25秒,六,http://item.taobao.com/item.htm?id=635018635673,https://kandianbao.com/item/635018635673/,卫生(2);包装很干净(5);甜甜的(10);很好吃(25);回购很多次(2);邮递很快(2)
79,https://img.alicdn.com/imgextra/i1/3902032678/O1CN01qfasfm1VeZHTNPvHn_!!3902032678-0-lubanu-s.jpg,豌豆粉2斤凉粉专用粉豌豆淀粉四川特产凉粉粉家用自制白凉皮,	625191437952,,14.9,28.9,39.9,59.9,48.25%,2,99949,0,30,262,0.02%,615,0.01%,5371,60,51,0,,,优惠多多|淘金币抵3%,7天无理由|蚂蚁花呗|信用卡支付|集分宝,粮油调味/速食/干货/烘焙,米/面粉/杂粮,面粉/食用粉,,,2021-05-31,16:31:15,5天6时42分3秒,一,http://item.taobao.com/item.htm?id=625191437952,https://kandianbao.com/item/625191437952/, 
80,https://img.alicdn.com/imgextra/i1/3902032678/O1CN01clHtXu1VeZGXqW0xa_!!0-item_pic.jpg,森庄农品水果坚果燕麦片600g*2罐早餐即食冲饮谷物脆懒人速食食品,	617003511149,,39.9,39.9,69.9,69.9,57.08%,3,28915,0,33,1006,0.02%,1316.7,0.01%,40139.4,296,182,0,,,优惠多多|淘金币抵3%,7天无理由|蚂蚁花呗|信用卡支付|集分宝,咖啡/麦片/冲饮,藕粉/麦片/冲饮品,冲饮谷物/麦片,,,2021-06-01,17:39:29,6天7时50分17秒,二,http://item.taobao.com/item.htm?id=617003511149,https://kandianbao.com/item/617003511149/,口感非常好(10);实惠(2);客服不作为(2)
81,https://img.alicdn.com/imgextra/i1/3902032678/O1CN01FhXrZR1VeZE2rL7DR_!!0-item_pic.jpg,森庄农品黄金罗汉果干果罗汉果茶泡茶果芯花茶广西桂林特产永福JL,	604689123645,,49.9,59.9,129.9,129.9,46.11%,4,17621,0,37,396,0.02%,1994.3000000000002,0.02%,21344.4,108,51,0,,,新品尝鲜|淘金币抵3%,7天无理由|蚂蚁花呗|信用卡支付|集分宝,零食/坚果/特产,蜜饯/枣类/梅/果干/冻干,罗汉果,,,2021-05-31,15:00:48,5天5时11分36秒,一,http://item.taobao.com/item.htm?id=604689123645,https://kandianbao.com/item/604689123645/, 
82,https://img.alicdn.com/imgextra/i1/3902032678/O1CN01QO2prB1VeZH3JUKEW_!!3902032678-0-lubanu-s.jpg,白凉粉儿做果冻食用粉自制家用儿童diy奶茶店凉粉粉专用粉送模具,	623520797700,,22.9,85.9,39.9,159.9,53.72%,12,179572,0,38,465,0.02%,1827.8000000000004,0.02%,22366.500000000004,208,47,0,,,优惠多多|淘金币抵3%,7天无理由|蚂蚁花呗|信用卡支付|集分宝,咖啡/麦片/冲饮,食补粉粉,天然粉粉食品,,,2021-06-01,17:32:04,6天7时42分52秒,二,http://item.taobao.com/item.htm?id=623520797700,https://kandianbao.com/item/623520797700/, 
83,https://img.alicdn.com/imgextra/i1/3902032678/O1CN01phlNG31VeZ9NnZJVj_!!0-item_pic.jpg,农家自制圆柿饼2500g柿子饼吊柿饼5斤装非富平柿饼特产L,	584114524042,,59.9,59.9,99,99,60.51%,1,52513,0,40,4609,0.02%,2396,0.03%,276079.1,2152,652,0,,,优惠多多|淘金币抵3%,7天无理由|蚂蚁花呗|信用卡支付|集分宝,零食/坚果/特产,蜜饯/枣类/梅/果干/冻干,柿饼,,,2021-05-31,12:13:45,5天2时24分33秒,一,http://item.taobao.com/item.htm?id=584114524042,https://kandianbao.com/item/584114524042/,卫生(2);甜甜的(5);独立包装(5);很好吃(33);份量很足(2);质量差(2)
84,https://img.alicdn.com/imgextra/i1/3902032678/O1CN01byq8Qf1VeZI2PTRlG_!!0-item_pic.jpg,圆柿饼农家自制1000g非特级陕西富平特产柿饼霜降柿子饼L,	584382466346,,29.9,29.9,69,69,43.33%,1,51738,0,43,1720,0.02%,1285.7,0.01%,51428,688,192,0,,,优惠多多|淘金币抵3%,7天无理由|蚂蚁花呗|信用卡支付|集分宝,零食/坚果/特产,蜜饯/枣类/梅/果干/冻干,柿饼,,,2021-05-31,12:11:19,5天2时22分7秒,一,http://item.taobao.com/item.htm?id=584382466346,https://kandianbao.com/item/584382466346/,卫生(2);很鲜甜(5);独立包装(6);很好吃(25);份量很足(2);值得回购(2)
85,https://img.alicdn.com/imgextra/i1/3902032678/O1CN01aGT3HE1VeZHzryaRL_!!0-item_pic.jpg,吊柿饼柿子饼3斤散装独个小包装非特级陕西富平流心柿饼吊干整箱H,	628656909512,,39.9,39.9,79.9,79.9,49.94%,4,79153,0,50,758,0.03%,1995,0.02%,30244.2,272,129,0,,,新品抢购|淘金币抵3%,7天无理由|蚂蚁花呗|信用卡支付|集分宝,零食/坚果/特产,蜜饯/枣类/梅/果干/冻干,柿饼,,,2021-05-30,16:42:31,4天6时53分19秒,日,http://item.taobao.com/item.htm?id=628656909512,https://kandianbao.com/item/628656909512/,甜味太特别(5);包装很干净(10);很大个(2);会回购(4);口感非常好(28);很难吃(3)
86,https://img.alicdn.com/imgextra/i1/3902032678/O1CN017ivUUG1VeZFcgQxCf_!!0-item_pic.jpg,森庄农品黑凉粉烧仙草粉儿童白凉粉儿果冻食用家用自制奶茶店专用,	600822670974,,9.9,54.9,29.9,79.9,68.71%,9,1526957,0,54,1180,0.03%,1506.6000000000001,0.02%,32922,402,210,0,,,优惠多多|淘金币抵3%,7天无理由|蚂蚁花呗|信用卡支付|集分宝,咖啡/麦片/冲饮,食补粉粉,天然粉粉食品,,,2021-05-26,10:57:33,1时8分21秒,三,http://item.taobao.com/item.htm?id=600822670974,https://kandianbao.com/item/600822670974/,很好吃(4);物超所值(2)
87,https://img.alicdn.com/imgextra/i1/3902032678/O1CN01TOcwXf1VeZFjbvjrq_!!3902032678-0-lubanu-s.jpg,蔓越莓干烘焙用曼越梅干500g果干零食水果干曼越梅莓干专用蔓梅干,	589829994620,,19.9,61.9,49,69,89.71%,4,37391,0,76,2471,0.04%,2789.2000000000003,0.03%,90685.70000000001,460,445,0,,,优惠多多|淘金币抵3%,7天无理由|蚂蚁花呗|信用卡支付|集分宝,零食/坚果/特产,蜜饯/枣类/梅/果干/冻干,蔓越莓干,,,2021-05-27,17:58:27,1天8时9分15秒,四,http://item.taobao.com/item.htm?id=589829994620,https://kandianbao.com/item/589829994620/,很好吃(15);会回购(6);包装不错(3);质量好(3);足斤足两(2);味儿不咋的(5)
88,https://img.alicdn.com/imgextra/i1/3902032678/O1CN01ISxe7y1VeZKB0qj0t_!!0-item_pic.jpg,正宗潮汕牛肉丸手打牛筋丸手工汕头肉丸潮州特产火锅食材丸子烧烤,	608212168734,,34.9,34.9,129,129,27.05%,0,750098,0,99,217612,0.05%,3455.1,0.04%,7594658.8,18062,18723,0,,,优惠多多|淘金币抵3%,不支持7天无理由|蚂蚁花呗|信用卡支付|集分宝,水产肉类/新鲜蔬果/熟食,生肉/肉制品,牛丸/肉串,,,2021-05-28,23:51:23,2天14时2分11秒,五,http://item.taobao.com/item.htm?id=608212168734,https://kandianbao.com/item/608212168734/,香味特浓(2);正品(4);份量很足(10);没破损(3);没异味(2);很强膻味(2)
89,https://img.alicdn.com/imgextra/i1/3902032678/O1CN0102OXuH1VeZK2JuJNX_!!0-item_pic.jpg,燕麦片水果坚果酸奶果粒麦片早餐即食奇亚籽谷物代餐饱腹食品冲饮,	628835388643,,9.9,99.8,14.9,129.8,76.89%,15,3099105,0,110,315046,0.06%,5044.6,0.05%,14448009.56,15164,80724,0,,,每日必买|淘金币抵3%,7天无理由|蚂蚁花呗|信用卡支付|集分宝,咖啡/麦片/冲饮,藕粉/麦片/冲饮品,冲饮谷物/麦片,,,2021-05-31,16:44:06,5天6时54分54秒,一,http://item.taobao.com/item.htm?id=628835388643,https://kandianbao.com/item/628835388643/,上头慢(2);可以冲泡(66);效果好(5);不会粘牙(30);有点软软的(7);难吃材料(2)
90,https://img.alicdn.com/imgextra/i2/3902032678/O1CN01BgIuCE1VeZK0BneVP_!!0-item_pic.jpg,豌豆粉凉粉专用粉600g家用自制白凉皮凉粉粉正宗四川特产豌豆淀粉,	637859516234,,10.9,10.9,25.9,25.9,42.08%,0,99714,0,116,280,0.06%,1264.4,0.01%,3052,72,36,0,,,优惠多多|淘金币抵3%,7天无理由|蚂蚁花呗|信用卡支付|集分宝,粮油调味/速食/干货/烘焙,米/面粉/杂粮,面粉/食用粉,,,2021-05-31,15:34:58,5天5时45分46秒,一,http://item.taobao.com/item.htm?id=637859516234,https://kandianbao.com/item/637859516234/, 
91,https://img.alicdn.com/imgextra/i1/3902032678/O1CN01kk7fX81VeZHLy2PQ8_!!0-item_pic.jpg,豌豆凉粉原料凉皮专用粉5斤家用自制四川云南 纯 豌豆淀粉,	624939340981,,29.8,29.8,69.9,69.9,42.63%,0,9635,0,122,344,0.06%,3635.6,0.04%,10251.2,94,35,0,,,优惠多多|淘金币抵3%,7天无理由|蚂蚁花呗|信用卡支付|集分宝,粮油调味/速食/干货/烘焙,米/面粉/杂粮,面粉/食用粉,,,2021-06-01,17:27:40,6天7时38分28秒,二,http://item.taobao.com/item.htm?id=624939340981,https://kandianbao.com/item/624939340981/, 
92,https://img.alicdn.com/imgextra/i1/3902032678/O1CN01ug05QH1VeZIjVbr3R_!!0-item_pic.jpg,麦片早餐即食酸奶果粒燕麦水果坚果燕麦片冲饮速食懒人代餐食品,	614385990280,,29.9,69.9,59.9,79.9,87.48%,15,242948943,0,142,279682,0.07%,6517.800000000001,0.07%,12837403.8,41496,69510,0,,,优惠多多|淘金币抵3%,7天无理由|蚂蚁花呗|信用卡支付|集分宝,咖啡/麦片/冲饮,藕粉/麦片/冲饮品,冲饮谷物/麦片,,,2021-05-28,16:29:59,2天6时40分47秒,五,http://item.taobao.com/item.htm?id=614385990280,https://kandianbao.com/item/614385990280/,碎渣营养(2);一致(14);可以冲泡(76);效果好(2);没怪味(3);假的(2)
93,https://img.alicdn.com/imgextra/i1/3902032678/O1CN01xKpXgC1VeZJjsNiek_!!0-item_pic.jpg,潮汕牛肉丸2斤手打牛筋丸手工正宗汕头潮州美食特产火锅丸子食材,	587922930461,,69.8,69.8,129,129,54.11%,0,45789,0,145,101673,0.07%,10121,0.11%,7096775.399999999,17004,9035,0,,,优惠多多|淘金币抵3%,不支持7天无理由|蚂蚁花呗|信用卡支付|集分宝,水产肉类/新鲜蔬果/熟食,生肉/肉制品,牛丸/肉串,,,2021-05-31,16:13:30,5天6时24分18秒,一,http://item.taobao.com/item.htm?id=587922930461,https://kandianbao.com/item/587922930461/,份量很足(7);很新鲜(6);日期很新鲜(5);有冰袋(2);性价比高(71);加过添加剂(2)
94,https://img.alicdn.com/imgextra/i1/3902032678/O1CN01d4FiJH1VeZHGnEcyK_!!0-item_pic.jpg,冰粉粉配料组合四川糍粑材料冰凉粉专用粉冰冰粉伴侣家用自制商用,	617995562474,,9.9,69.9,19.8,79.8,87.59%,28,2592643,0,149,15201,0.08%,5051.100000000001,0.05%,515313.9000000001,4190,2048,0,,,优惠多多|淘金币抵3%,7天无理由|蚂蚁花呗|信用卡支付|集分宝,咖啡/麦片/冲饮,其它饮品,其它饮品,,,2021-05-28,11:31:14,2天1时42分2秒,五,http://item.taobao.com/item.htm?id=617995562474,https://kandianbao.com/item/617995562474/,品相还不错(7);独立包装(5);会回购(9);口感非常好(60);质量好(3);配料不好吃(5)
95,https://img.alicdn.com/imgextra/i1/3902032678/O1CN01whMsPG1VeZIA1s11d_!!0-item_pic.jpg,豌豆粉凉粉专用粉粉自制家用凉皮专用粉四川特产做凉粉用豌豆淀粉,	623505405106,,9.9,9.9,29.9,29.9,33.11%,0,63068,0,165,39519,0.08%,1633.5,0.02%,391238.10000000003,2726,10013,0,,,优惠多多|淘金币抵3%,7天无理由|蚂蚁花呗|信用卡支付|集分宝,粮油调味/速食/干货/烘焙,米/面粉/杂粮,面粉/食用粉,,,2021-06-01,14:05:35,6天4时16分23秒,二,http://item.taobao.com/item.htm?id=623505405106,https://kandianbao.com/item/623505405106/,成分纯正(6);正品(4);没杂质(4);量足(30);干净卫生(10);料包少了一些(2)
96,https://img.alicdn.com/imgextra/i1/3902032678/O1CN01zB0sHi1VeZIjVtVbD_!!0-item_pic.jpg,吊柿饼柿子饼散装5斤柿饼子独个包装非特级陕西富平霜降整箱特产L,	583156151084,,29.9,59.9,99,99,60.51%,9,2525720,0,189,136450,0.10%,7919.100000000001,0.08%,5717255.000000001,33838,6988,1,,,优惠多多|淘金币抵3%,7天无理由|蚂蚁花呗|信用卡支付|集分宝,零食/坚果/特产,蜜饯/枣类/梅/果干/冻干,柿饼,,,2021-05-27,17:46:50,1天7时57分38秒,四,http://item.taobao.com/item.htm?id=583156151084,https://kandianbao.com/item/583156151084/,表皮脆的(2);不涩(3);独立包装(65);很大个(18);份量很足(15);重量相差太远(2)
97,https://img.alicdn.com/imgextra/i1/3902032678/O1CN01CTKhxY1VeZIew8qPb_!!0-item_pic.jpg,森庄农品罗汉果干果罗汉果茶泡茶果芯18个大果广西桂林特产永福JL,	590870657118,,22.9,64.9,63.9,69,94.06%,11,71206,0,232,72103,0.12%,9210.400000000001,0.10%,2862489.1,10062,18518,1,,,新品尝鲜|淘金币抵3%,7天无理由|蚂蚁花呗|信用卡支付|集分宝,零食/坚果/特产,蜜饯/枣类/梅/果干/冻干,罗汉果,,,2021-05-27,17:40:59,1天7时51分47秒,四,http://item.taobao.com/item.htm?id=590870657118,https://kandianbao.com/item/590870657118/,有效果(3);味儿很好(52);很鲜甜(16);独立包装(49);价格很便宜(20);果肉有点干(2)
98,https://img.alicdn.com/imgextra/i1/3902032678/O1CN01Mitbsp1VeZGdeuRon_!!3902032678-0-lubanu-s.jpg,仙草粉烧仙草儿童黑白凉粉粉烧仙草粉食用果冻家用自制奶茶店专用,	618574012892,,18.9,76.9,48.9,106.9,71.94%,3,297882,0,256,2087,0.13%,10777.6,0.12%,87862.7,858,277,0,,,优惠多多|淘金币抵3%,7天无理由|蚂蚁花呗|信用卡支付|集分宝,咖啡/麦片/冲饮,食补粉粉,天然粉粉食品,,,2021-05-29,16:53:34,3天7时4分22秒,六,http://item.taobao.com/item.htm?id=618574012892,https://kandianbao.com/item/618574012892/,速度相当快(2);口感非常好(5);包装很好(2);还会在买(3)
99,https://img.alicdn.com/imgextra/i1/3902032678/O1CN01UWSgJ21VeZDCvGyL8_!!0-item_pic.jpg,白凉粉家用儿童500g做果冻的白凉粉儿食用自制白凉粉配料组合模具,	597529094387,,6.9,77.9,19.9,129,60.39%,21,198783,0,264,1174,0.14%,9319.2,0.10%,41442.200000000004,506,122,0,,,优惠多多|淘金币抵3%,7天无理由|蚂蚁花呗|信用卡支付|集分宝,咖啡/麦片/冲饮,食补粉粉,天然粉粉食品,,,2021-05-26,17:56:19,8时7分7秒,三,http://item.taobao.com/item.htm?id=597529094387,https://kandianbao.com/item/597529094387/, 
100,https://img.alicdn.com/imgextra/i1/3902032678/O1CN01sQjFPH1VeZB6ZPb3D_!!0-item_pic.jpg,森庄农品潮汕牛肉丸潮汕手打牛肉丸2斤装正宗汕头潮州火锅批发,	590937696215,,59.8,59.8,129,129,46.36%,0,46137,0,290,3767,0.15%,17342,0.19%,225266.59999999998,112,35,0,,,优惠多多|淘金币抵3%,不支持7天无理由|蚂蚁花呗|信用卡支付|集分宝,水产肉类/新鲜蔬果/熟食,生肉/肉制品,牛丸/肉串,,,2021-05-27,15:02:07,1天5时12分55秒,四,http://item.taobao.com/item.htm?id=590937696215,https://kandianbao.com/item/590937696215/, 
101,https://img.alicdn.com/imgextra/i1/3902032678/O1CN01IkJcJx1VeZHb25eDi_!!3902032678-0-lubanu-s.jpg,冰粉粉家用自制白凉粉专用粉全套配料组合套餐冰冰粉伴侣糍粑冰粉,	625439041305,,9.9,74.9,19.9,99.9,74.97%,20,1811315,0,344,26590,0.18%,12349.600000000002,0.13%,954581.0000000001,2516,7110,0,,,优惠多多|淘金币抵3%,7天无理由|蚂蚁花呗|信用卡支付|集分宝,咖啡/麦片/冲饮,其它饮品,其它饮品,,,2021-05-28,11:41:55,2天1时52分43秒,五,http://item.taobao.com/item.htm?id=625439041305,https://kandianbao.com/item/625439041305/,异味爽滑(2);不是很甜(3);正品(3);便宜(86);很好吃(162);很难吃(16)
102,https://img.alicdn.com/imgextra/i2/3902032678/O1CN01RwZHtb1VeZKsSzoFr_!!0-item_pic.jpg,白凉粉儿果冻食用一整箱500g商用奶茶店专用粉家用果冻食用,	599564042210,,38.0,349.0,59.9,359.9,96.97%,5,37204,0,381,2695,0.19%,61874.4,0.66%,437668,982,332,0,,,优惠多多|淘金币抵3%,7天无理由|蚂蚁花呗|信用卡支付|集分宝,咖啡/麦片/冲饮,食补粉粉,天然粉粉食品,,,2021-05-31,10:00:39,5天11分27秒,一,http://item.taobao.com/item.htm?id=599564042210,https://kandianbao.com/item/599564042210/,2次回购(3);很好吃(6);包装好(4);邮递很快(2);价格实惠(4);完好无损(2)
103,https://img.alicdn.com/imgextra/i1/3902032678/O1CN01M9baUD1VeZHN7y0Nh_!!0-item_pic.jpg,森庄农品冰粉配料组合全套冰冰粉伴侣商用批发凉粉原味糍粑冰粉粉,	622995667384,,9.9,128.0,19.9,139.9,91.49%,18,1544958,0,402,3448,0.21%,22970.28,0.25%,197018.72,708,438,0,,,优惠多多|淘金币抵3%,7天无理由|蚂蚁花呗|信用卡支付|集分宝,咖啡/麦片/冲饮,其它饮品,其它饮品,,,2021-06-01,17:37:52,6天7时48分40秒,二,http://item.taobao.com/item.htm?id=622995667384,https://kandianbao.com/item/622995667384/,很好吃(8);量特别够(2);继续回购(2);质量好(2);快递不赖(6);不好吃(2)
104,https://img.alicdn.com/imgextra/i3/3902032678/O1CN011HC54D1VeZKnce050_!!0-item_pic.jpg,冰淇淋粉100g自制家用手工diy雪糕粉做雪糕模具商用套餐冰激凌粉,	642413451937,,9.9,89.0,19.9,159.9,55.66%,24,2399373,0,536,636,0.27%,22265.440000000002,0.24%,26419.440000000002,346,56,0,,,优惠多多|淘金币抵3%,7天无理由|蚂蚁花呗|信用卡支付|集分宝,粮油调味/速食/干货/烘焙,烘焙原辅料/半成品/食品添加剂,冰淇淋粉,,,2021-05-26,11:51:05,2时1分53秒,三,http://item.taobao.com/item.htm?id=642413451937,https://kandianbao.com/item/642413451937/, 
105,https://img.alicdn.com/imgextra/i1/3902032678/O1CN01DiI7VN1VeZFso6t3u_!!3902032678-0-lubanu-s.jpg,仙草粉烧仙草儿童黑白凉粉儿烧仙草粉食用果冻家用自制奶茶店专用,	614320153644,,14.9,139.8,29.8,259.6,53.85%,16,7914162,0,600,35480,0.31%,38916,0.42%,2301232.8,8746,7194,0,,,优惠多多|淘金币抵3%,7天无理由|蚂蚁花呗|信用卡支付|集分宝,咖啡/麦片/冲饮,食补粉粉,天然粉粉食品,,,2021-05-27,17:55:16,1天8时6分4秒,四,http://item.taobao.com/item.htm?id=614320153644,https://kandianbao.com/item/614320153644/,一致(2);效果好(5);便宜(78);很好吃(156);量大(4);厂家不同(2)
106,https://img.alicdn.com/imgextra/i2/3902032678/O1CN01ukPqp71VeZKrRYYNL_!!0-item_pic.jpg,钵仔糕粉摆摊商用自制钵仔糕材料套餐广东特色马蹄糕专用钵子糕碗,	642421703201,,9.9,120.0,19.9,259,46.33%,12,598893,0,604,1068,0.31%,32579.760000000002,0.35%,57607.920000000006,702,107,0,,,优惠多多|淘金币抵3%,7天无理由|蚂蚁花呗|信用卡支付|集分宝,粮油调味/速食/干货/烘焙,烘焙原辅料/半成品/食品添加剂,预拌粉,,,2021-05-26,14:43:49,4时54分37秒,三,http://item.taobao.com/item.htm?id=642421703201,https://kandianbao.com/item/642421703201/,味儿很好(3);小孩子挺喜欢(2)
107,https://img.alicdn.com/imgextra/i2/3902032678/O1CN01FAjI8N1VeZLCFaEAz_!!0-item_pic.jpg,正宗潮汕牛肉丸牛筋丸手打潮州汕头肉丸子特产火锅烧烤关东煮食材,	627736963005,,49.9,49.9,129,129,38.68%,0,79575,0,661,159174,0.34%,32983.9,0.35%,7942782.6,13482,29117,0,,,优惠多多,不支持7天无理由|蚂蚁花呗|信用卡支付|集分宝,水产肉类/新鲜蔬果/熟食,生肉/肉制品,牛丸/肉串,,,2021-06-01,18:06:46,6天8时17分34秒,二,http://item.taobao.com/item.htm?id=627736963005,https://kandianbao.com/item/627736963005/,小小的(24);正品(47);卫生(10);冷冻好(2);香味浓郁(13);水分特别难吃(3)
108,https://img.alicdn.com/imgextra/i1/3902032678/O1CN01gTU99e1VeZG0YkTsx_!!0-item_pic.jpg,白凉粉家用做果冻的白凉粉儿专用送模具兔子模具蛋糕爱心小花硅胶,	612455908735,,3.9,16.9,9.9,39.9,42.36%,15,15139,0,754,12948,0.39%,6861.4000000000015,0.07%,117826.80000000002,3498,2207,0,,,优惠多多|淘金币抵3%,7天无理由|蚂蚁花呗|信用卡支付|集分宝,咖啡/麦片/冲饮,食补粉粉,天然粉粉食品,,,2021-05-27,17:35:36,1天7时46分24秒,四,http://item.taobao.com/item.htm?id=612455908735,https://kandianbao.com/item/612455908735/,材质无(2);没有味道(8);售后一流(5);效果好(4);软软的(2);质量一般(6)
109,https://img.alicdn.com/imgextra/i1/3902032678/O1CN01bAUwCY1VeZHTlIZJw_!!3902032678-0-lubanu-s.jpg,豌豆粉5斤凉粉专用粉豌豆淀粉四川特产凉粉粉家用自制白凉皮,	625257881051,,29.9,29.9,69.9,69.9,42.78%,0,18096,0,1162,1869,0.59%,34743.799999999996,0.37%,55883.1,618,149,0,,,优惠多多|淘金币抵3%,7天无理由|蚂蚁花呗|信用卡支付|集分宝,粮油调味/速食/干货/烘焙,米/面粉/杂粮,面粉/食用粉,,,2021-05-26,11:55:00,2时5分48秒,三,http://item.taobao.com/item.htm?id=625257881051,https://kandianbao.com/item/625257881051/,口感非常好(2);包装破包了(2)
110,https://img.alicdn.com/imgextra/i1/3902032678/O1CN01YtRFC51VeZH0EWghX_!!3902032678-0-lubanu-s.jpg,白凉粉粉儿家用自制500g儿童果冻食用专用粉模具黑凉粉烧仙草网红,	621662776522,,8.9,52.9,19.9,59.9,88.31%,12,1208698,0,1169,9945,0.60%,30978.5,0.33%,263542.5,5976,1168,0,,,优惠多多|淘金币抵3%,7天无理由|蚂蚁花呗|信用卡支付|集分宝,咖啡/麦片/冲饮,食补粉粉,天然粉粉食品,,,2021-05-26,15:52:59,6时3分47秒,三,http://item.taobao.com/item.htm?id=621662776522,https://kandianbao.com/item/621662776522/,一致(2);很好吃(11);外观好看(2);儿子很喜欢(10);质量好(4);不好吃(3)
111,https://img.alicdn.com/imgextra/i1/3902032678/O1CN01nbzRxz1VeZK8Te0Wu_!!0-item_pic.jpg,吊柿饼柿子饼农家小包装5斤装非特级陕西富平流心柿饼子整箱散装L,	604969336168,,59.9,159.0,99.9,199.9,79.54%,17,22111470,0,1202,482030,0.62%,119647.08,1.28%,47981266.2,113390,101048,0,,,优惠多多,7天无理由|蚂蚁花呗|信用卡支付|集分宝,零食/坚果/特产,蜜饯/枣类/梅/果干/冻干,柿饼,,,2021-05-26,12:24:14,2时35分2秒,三,http://item.taobao.com/item.htm?id=604969336168,https://kandianbao.com/item/604969336168/,消毒液气味(2);水分特别大(13);独立包装(1102);很大个(184);皮很薄(9);好大一股酒味(2)
112,https://img.alicdn.com/imgextra/i1/3902032678/O1CN0132f6J81VeZKtcu99s_!!0-item_pic.jpg,森庄农品做果冻的白凉粉家用白凉粉儿果冻黑凉粉食用儿童送模具,	598027504591,,19.9,19.9,59.9,59.9,33.22%,1,2237117,0,1217,19114,0.62%,24218.3,0.26%,380368.6,9038,2298,0,,,优惠多多|淘金币抵3%,7天无理由|蚂蚁花呗|信用卡支付|集分宝,咖啡/麦片/冲饮,食补粉粉,天然粉粉食品,,,2021-05-26,15:20:47,5时31分35秒,三,http://item.taobao.com/item.htm?id=598027504591,https://kandianbao.com/item/598027504591/,大小差不多(2);效果好(2);很好吃(27);客服很有耐心(3);没异味(3);不好吃(3)
113,https://img.alicdn.com/imgextra/i1/3902032678/O1CN01sasZtF1VeZKAQNDcn_!!0-item_pic.jpg,柿饼小包装柿子饼非特级陕西富平霜降吊柿饼流心正宗整箱5斤散装H,	627354170396,,41.9,179.0,99,199,89.95%,23,1177793,0,2058,351124,1.05%,199090.92,2.13%,33967735.760000005,55402,56646,0,,,优惠多多,7天无理由|蚂蚁花呗|信用卡支付|集分宝,零食/坚果/特产,蜜饯/枣类/梅/果干/冻干,柿饼,,,2021-05-31,20:13:54,5天10时24分42秒,一,http://item.taobao.com/item.htm?id=627354170396,https://kandianbao.com/item/627354170396/,淡淡的酸味(2);黏黏的(2);有籽(3);没有发霉(3);冷冻好(2);假的(7)
114,https://img.alicdn.com/imgextra/i1/3902032678/O1CN01LtfS2x1VeZKEcB5KH_!!0-item_pic.jpg,冰粉粉四川冰凉粉食商用家用自制白凉粉专用粉冰冰粉配料组合伴侣,	638619502209,,7.9,77.9,8.9,79.9,97.50%,25,21663962,0,4293,11514,2.20%,154118.7,1.65%,413352.6000000001,1594,2034,0,,,优惠多多|淘金币抵3%,7天无理由|蚂蚁花呗|信用卡支付|集分宝,咖啡/麦片/冲饮,其它饮品,其它饮品,,,2021-06-01,15:58:14,6天6时9分2秒,二,http://item.taobao.com/item.htm?id=638619502209,https://kandianbao.com/item/638619502209/,斤量不少(3);卫生(9);很好吃(51);没破损(5);会回购(12);不好吃(2)
115,https://img.alicdn.com/imgextra/i1/3902032678/O1CN01pRm0KI1VeZKBnQyxP_!!0-item_pic.jpg,罗汉果黄金干果花茶大果茶小包装非特级特大广西桂林特产永福正品,	601313883802,,10.5,74.9,29,99,75.66%,11,5550103,0,5905,453829,3.02%,214115.30000000002,2.30%,16455839.540000003,45624,99747,0,,,新品尝鲜,7天无理由|蚂蚁花呗|信用卡支付|集分宝,零食/坚果/特产,蜜饯/枣类/梅/果干/冻干,罗汉果,,,2021-05-30,10:00:16,4天11分4秒,日,http://item.taobao.com/item.htm?id=601313883802,https://kandianbao.com/item/601313883802/,水很甜(11);比较硬(2);很干(13);很浓(19);效果好(71);泡水有味儿(5)
116,https://img.alicdn.com/imgextra/i2/3902032678/O1CN01261AJP1VeZL5m4zmX_!!0-item_pic.jpg,白凉粉儿童果冻专用粉家用食用做凉粉的无模具添加正品品牌旗舰店,	597345497102,,8.6,179.0,12.9,199,89.95%,23,58953828,0,28057,1477278,14.36%,2153655.3200000003,23.09%,113395859.28,305264,237088,0,,,每日必买|淘金币抵3%,7天无理由|蚂蚁花呗|信用卡支付|集分宝,咖啡/麦片/冲饮,食补粉粉,天然粉粉食品,,,2021-05-26,17:21:22,7时32分10秒,三,http://item.taobao.com/item.htm?id=597345497102,https://kandianbao.com/item/597345497102/,真的正宗风味(2);成分较多(3);不是很甜(37);工具齐全(4);很好吃(3695);不卫生(4)
117,https://img.alicdn.com/imgextra/i3/3902032678/O1CN01u0Lz4M1VeZL6iWmRk_!!0-item_pic.jpg,白凉粉儿童专用果冻粉家用食用正品品牌旗舰店做用的无烧仙草添加,	638549079571,,3.9,99.8,4.9,99.9,99.90%,31,4143805,0,142856,459032,73.10%,6037094.5600000005,64.72%,19398692.320000004,28380,93660,0,,,优惠多多,7天无理由|蚂蚁花呗|信用卡支付|集分宝,咖啡/麦片/冲饮,食补粉粉,天然粉粉食品,,,2021-05-31,14:44:58,5天4时55分46秒,一,http://item.taobao.com/item.htm?id=638549079571,https://kandianbao.com/item/638549079571/,正品(65);甜甜的(18);糯香(5);很好吃(1964);份量很足(58);不要买(8)
,,,,,,,,,,,,,30天销量总计,,,30天销售额总计,,,收藏数总计,,分享量总计,,,,,,,,,,,,,,,,
,,,,,,,,,,,,,195427,,,9328036.820000002,,,766962,,2,,,,,,,,,,,,,,,,
序号,主图,标题,宝贝id,货号,销售价最低,销售价最高,原价最低,原价最高,折扣率,sku数量,库存,邮费,30天销量,总销量,占全店销量比例,30天销售额,占全店销售额比例,总销售额,收藏数,评价数,PC总分享量,宝贝促销,店铺促销,活动促销,服务保证,一级类目,二级类目,三级类目,宝贝创建时间,宝贝创建时长,下架日期,下架时间,天数,星期,宝贝地址,分析地址,评价标签
数据下载时间：2021-05-26 09:49:17 功能：看店宝【kandianbao.com】全店宝贝 相关查询网址：https://kandianbao.com/dian/森庄农品旗舰店,,,,,,,,,,,,,,,,,,,,,,,,,,,,,,,,,,,,,