数据下载时间：2021-05-28 21:09:24 功能：看店宝【kandianbao.com】全店宝贝 相关查询网址：https://kandianbao.com/dian/喜得佳旗舰店,,,,,,,,,,,,,,,,,,,,,,,,,,,,,,,,,,,,,
序号,主图,标题,宝贝id,货号,销售价最低,销售价最高,原价最低,原价最高,折扣率,sku数量,库存,邮费,30天销量,总销量,占全店销量比例,30天销售额,占全店销售额比例,总销售额,收藏数,评价数,PC总分享量,宝贝促销,店铺促销,活动促销,服务保证,一级类目,二级类目,三级类目,宝贝创建时间,宝贝创建时长,下架日期,下架时间,天数,星期,宝贝地址,分析地址,评价标签
1,https://img.alicdn.com/imgextra/i1/2931357948/O1CN01mvDcVQ28aEWPqG3BP_!!2931357948.jpg,喜得佳 番茄芝士肠500g 加热即食热狗肉肠德国风味烧烤德式香肠,	606208844763,,39.8,39.8,179,179,22.23%,0,135,0,0,397,0,0,0,15800.599999999999,378,46,0,,,热卖促销|淘金币抵3%,7天无理由|蚂蚁花呗|信用卡支付|集分宝,粮油调味/速食/干货/烘焙,南北干货/肉类干货,香肠/腊肠,,,2021-06-01,17:44:29,3天20时35分8秒,二,http://item.taobao.com/item.htm?id=606208844763,https://kandianbao.com/item/606208844763/, 
2,https://img.alicdn.com/imgextra/i2/2931357948/O1CN01MqOn9Z28aEW1CbNJZ_!!2931357948.jpg,喜得佳 正宗潮汕芝士爆浆墨鱼丸300g 火锅食材冷冻手工花枝鱼丸子,	594254748971,,69.8,69.8,188,188,37.13%,0,38,0,0,57,0,0,0,3978.6,24,14,0,,,热卖促销|淘金币抵3%,不支持7天无理由|蚂蚁花呗|信用卡支付|集分宝,水产肉类/新鲜蔬果/熟食,海鲜/水产品/制品,墨鱼丸/花枝丸,,,2021-05-31,12:03:30,2天14时54分9秒,一,http://item.taobao.com/item.htm?id=594254748971,https://kandianbao.com/item/594254748971/, 
3,https://img.alicdn.com/imgextra/i4/2931357948/O1CN01a05IKe28aEW1CZEGz_!!2931357948.jpg,喜得佳 德式风味法兰克福香肠3斤热狗脆皮肠火锅冷冻烧烤食材肉肠,	564658110063,,79.8,79.8,239,239,33.39%,0,14,0,0,835,0,0,0,66633,444,57,0,,,热卖促销,7天无理由|蚂蚁花呗|信用卡支付|集分宝,粮油调味/速食/干货/烘焙,南北干货/肉类干货,香肠/腊肠,,,2021-06-01,17:47:06,3天20时37分45秒,二,http://item.taobao.com/item.htm?id=564658110063,https://kandianbao.com/item/564658110063/, 
4,https://img.alicdn.com/imgextra/i4/2931357948/O1CN010S3uvJ28aEaWp9sQ7_!!2931357948.jpg,喜得佳 香草早餐肠500g 纯肉热狗烤肠烧烤肉肠香肠冷冻脆皮肠火锅,	596029901653,,79.8,79.8,189,189,42.22%,0,5,0,0,2615,0,0,0,208677,634,475,0,,,热卖促销,7天无理由|蚂蚁花呗|信用卡支付|集分宝,粮油调味/速食/干货/烘焙,南北干货/肉类干货,香肠/腊肠,,,2021-06-03,17:28:27,5天20时19分6秒,四,http://item.taobao.com/item.htm?id=596029901653,https://kandianbao.com/item/596029901653/,很好吃(4);味道太淡了(2)
5,https://img.alicdn.com/imgextra/i3/2931357948/O1CN01EaH3WU28aEVvDdncw_!!2931357948.jpg,喜得佳德式风味法兰克福香肠500g热狗脆皮肠烧烤食材肉肠火锅冷冻,	535840491947,,79.8,79.8,169,169,47.22%,0,48,0,1,3992,0.00%,79.8,0.00%,318561.6,730,158,0,,,热卖促销,7天无理由|蚂蚁花呗|信用卡支付|集分宝,粮油调味/速食/干货/烘焙,南北干货/肉类干货,香肠/腊肠,,,2021-05-31,14:39:16,2天17时29分55秒,一,http://item.taobao.com/item.htm?id=535840491947,https://kandianbao.com/item/535840491947/, 
6,https://img.alicdn.com/imgextra/i2/2931357948/O1CN01L0U6np28aEYPwvfVk_!!2931357948.jpg,喜得佳 牛排套餐家庭团购儿童黑椒腌制牛扒10片进口新鲜牛肉20,	626094361588,,89,89,299,299,29.77%,0,999811,0,1,167,0.00%,89,0.00%,14863,98,35,0,,,热卖促销|淘金币抵3%,不支持7天无理由|蚂蚁花呗|信用卡支付|集分宝,水产肉类/新鲜蔬果/熟食,生肉/肉制品,牛排,,,2021-05-31,10:00:16,2天12时50分55秒,一,http://item.taobao.com/item.htm?id=626094361588,https://kandianbao.com/item/626094361588/, 
7,https://img.alicdn.com/imgextra/i2/2931357948/O1CN01z69GXr28aEYTGb3Ls_!!2931357948.jpg,喜得佳牛排原肉整切黑椒菲力10片西冷厚切眼肉儿童家庭牛扒新鲜20,	627749657257,,168,168,399,399,42.11%,0,199901,0,1,95,0.00%,168,0.00%,15960,88,25,0,,,热卖促销|淘金币抵3%,不支持7天无理由|蚂蚁花呗|信用卡支付|集分宝,水产肉类/新鲜蔬果/熟食,生肉/肉制品,牛排,,,2021-05-28,19:50:10,1时19分50秒,五,http://item.taobao.com/item.htm?id=627749657257,https://kandianbao.com/item/627749657257/, 
8,https://img.alicdn.com/imgextra/i3/2931357948/O1CN018QVU6W28aEYFYqcLt_!!2931357948.jpg,喜得佳牛排套餐团购2kg黑椒腌制家庭牛扒20片进口肉源新鲜牛肉20,	624518688578,,188,188,399,399,47.12%,0,499929,0,1,63,0.00%,188,0.00%,11844,56,17,0,,,热卖促销|淘金币抵3%,不支持7天无理由|蚂蚁花呗|信用卡支付|集分宝,水产肉类/新鲜蔬果/熟食,生肉/肉制品,牛排,,,2021-05-31,19:26:48,2天22时17分27秒,一,http://item.taobao.com/item.htm?id=624518688578,https://kandianbao.com/item/624518688578/, 
9,https://img.alicdn.com/imgextra/i4/2931357948/O1CN01Ti07Ll28aEVAV3Cux_!!0-item_pic.jpg,喜得佳旗舰店 商品兑换卡 4次/260元（有效期180天）,	605421790370,,260.0,260.0,260.0,260.0,100.00%,1,21334,0,1,178,0.00%,260,0.00%,46280,30,28,0,,,淘金币抵3%,7天无理由|蚂蚁花呗|信用卡支付|集分宝,兑换卡,水产肉类/新鲜蔬果/熟食卡,生肉/肉制品兑换卡,,,2021-05-28,14:20:56,6时48分36秒,五,http://item.taobao.com/item.htm?id=605421790370,https://kandianbao.com/item/605421790370/, 
10,https://img.alicdn.com/imgextra/i2/2931357948/O1CN01oPofQb28aEYfx6pup_!!2931357948.jpg,喜得佳菠菜虾丸250g潮汕手工虾滑鱼丸子烧烤火锅食材麻辣烫关东煮,	611307866690,,21.8,21.8,299,299,7.29%,0,20219,10,2,711,0.00%,43.6,0.00%,15499.800000000001,142,86,0,,,热卖促销|淘金币抵3%,不支持7天无理由|蚂蚁花呗|信用卡支付|集分宝,水产肉类/新鲜蔬果/熟食,海鲜/水产品/制品,虾类制品,,,2021-05-28,10:50:16,10时19分56秒,五,http://item.taobao.com/item.htm?id=611307866690,https://kandianbao.com/item/611307866690/, 
11,https://img.alicdn.com/imgextra/i2/2931357948/O1CN01o2BN1328aEW2f4BwA_!!2931357948.jpg,喜得佳 深海鱼肉肠1000g 高蛋白质热狗香肠加热即食肉肠烤肠代餐,	606673418888,,69.8,69.8,209,209,33.40%,0,48,0,2,164,0.00%,139.6,0.00%,11447.199999999999,112,18,0,,,热卖促销|淘金币抵3%,7天无理由|蚂蚁花呗|信用卡支付|集分宝,粮油调味/速食/干货/烘焙,南北干货/肉类干货,香肠/腊肠,,,2021-06-01,17:42:32,3天20时33分11秒,二,http://item.taobao.com/item.htm?id=606673418888,https://kandianbao.com/item/606673418888/, 
12,https://img.alicdn.com/imgextra/i3/2931357948/O1CN01P0LAtM28aEYjC5kc3_!!2931357948.jpg,喜得佳原肉整切牛排套餐儿童家庭牛肉新鲜黑椒20片菲力牛扒西冷20,	625485989597,,299,299,499,499,59.92%,0,3999926,0,2,68,0.00%,598,0.01%,20332,82,20,0,,,热卖促销|淘金币抵3%,不支持7天无理由|蚂蚁花呗|信用卡支付|集分宝,水产肉类/新鲜蔬果/熟食,生肉/肉制品,牛排,,,2021-05-31,19:26:38,2天22时17分17秒,一,http://item.taobao.com/item.htm?id=625485989597,https://kandianbao.com/item/625485989597/, 
13,https://img.alicdn.com/imgextra/i1/2931357948/O1CN01cEnXMR28aEW4yX2zy_!!2931357948.jpg,喜得佳 意式香叶肠500g 天然香辛料香肠热狗烧烤烤肠冷冻食材肉肠,	535840651354,,79.8,79.8,179,179,44.58%,0,39,0,3,3106,0.00%,239.39999999999998,0.00%,247858.8,740,139,0,,,热卖促销,7天无理由|蚂蚁花呗|信用卡支付|集分宝,粮油调味/速食/干货/烘焙,南北干货/肉类干货,香肠/腊肠,,,2021-05-31,14:53:55,2天17时44分34秒,一,http://item.taobao.com/item.htm?id=535840651354,https://kandianbao.com/item/535840651354/, 
14,https://img.alicdn.com/imgextra/i3/2931357948/O1CN01UnUVtF28aEXetcP0b_!!2931357948.jpg,喜得佳 麻辣火锅丸子组合套餐 潮汕特产食材各种牛肉丸子麻辣烫,	603841506819,,98,98,288,288,34.03%,0,10355,0,3,639,0.00%,294,0.01%,62622,338,91,0,,,热卖促销,不支持7天无理由|蚂蚁花呗|信用卡支付|集分宝,水产肉类/新鲜蔬果/熟食,生肉/肉制品,牛丸/肉串,,,2021-05-31,12:44:32,2天15时35分11秒,一,http://item.taobao.com/item.htm?id=603841506819,https://kandianbao.com/item/603841506819/, 
15,https://img.alicdn.com/imgextra/i1/2931357948/O1CN01nFjaOe28aEblXt3QI_!!2931357948.jpg,喜得佳地道肠火山石烤肠黑椒正宗台式风味纯肉热狗香肠烧烤肠批发,	567107102014,,126,126,399,399,31.58%,0,9862,0,3,335,0.00%,378,0.01%,42210,288,26,0,,,预售价,7天无理由|蚂蚁花呗|信用卡支付|集分宝,粮油调味/速食/干货/烘焙,南北干货/肉类干货,香肠/腊肠,,,2021-05-31,19:19:57,2天22时10分36秒,一,http://item.taobao.com/item.htm?id=567107102014,https://kandianbao.com/item/567107102014/, 
16,https://img.alicdn.com/imgextra/i1/2931357948/O1CN01zWJPpJ28aEbz8ZsOQ_!!2931357948.jpg,喜得佳关东煮火锅食材烧烤各种丸子组合装套餐串串鱼丸手工麻辣烫,	625487393409,,138,138,388,388,35.57%,0,199741,0,3,224,0.00%,414,0.01%,30912,206,38,0,,,预售价,7天无理由|蚂蚁花呗|信用卡支付|集分宝,水产肉类/新鲜蔬果/熟食,海鲜/水产品/制品,鱼丸/鱼滑,,,2021-05-31,19:27:16,2天22时17分55秒,一,http://item.taobao.com/item.htm?id=625487393409,https://kandianbao.com/item/625487393409/, 
17,https://img.alicdn.com/imgextra/i3/2931357948/O1CN01a9DRHl28aEa6es6Q1_!!2931357948.jpg,喜得佳斑马虾丸豆捞仙桃鱼籽蟹黄包心丸子火锅关东煮食材鱼丸川见,	635471573380,,27.8,27.8,188,188,14.79%,0,499963,10,4,36,0.00%,111.2,0.00%,1000.8000000000001,12,9,0,,,热卖促销|淘金币抵3%,7天无理由|蚂蚁花呗|信用卡支付|集分宝,水产肉类/新鲜蔬果/熟食,海鲜/水产品/制品,鱼丸/鱼滑,,,2021-05-30,20:10:55,1天23时1分34秒,日,http://item.taobao.com/item.htm?id=635471573380,https://kandianbao.com/item/635471573380/, 
18,https://img.alicdn.com/imgextra/i1/2931357948/O1CN01h41j4J28aEW2xzda2_!!2931357948.jpg,喜得佳 原味鸡胸肉200g 健身代餐加热即食高蛋白质鸡肉食品,	606688482702,,33.6,33.6,89,89,37.75%,0,199797,0,4,581,0.00%,134.4,0.00%,19521.600000000002,82,84,0,,,热卖促销|淘金币抵3%,7天无理由|蚂蚁花呗|信用卡支付|集分宝,水产肉类/新鲜蔬果/熟食,生肉/肉制品,鸡胸,,,2021-05-31,12:02:15,2天14时52分54秒,一,http://item.taobao.com/item.htm?id=606688482702,https://kandianbao.com/item/606688482702/, 
19,https://img.alicdn.com/imgextra/i3/2931357948/O1CN015EAbzD28aEaCgCes7_!!2931357948.jpg,喜得佳 海胆丸豆捞仙桃鱼籽蟹黄包心丸子火锅关东煮食材鱼丸川见,	635111128632,,27.8,27.8,188,188,14.79%,0,499791,10,5,189,0.01%,139,0.00%,5254.2,32,23,0,,,热卖促销|淘金币抵3%,7天无理由|蚂蚁花呗|信用卡支付|集分宝,水产肉类/新鲜蔬果/熟食,海鲜/水产品/制品,鱼丸/鱼滑,,,2021-05-30,20:01:03,1天22时51分42秒,日,http://item.taobao.com/item.htm?id=635111128632,https://kandianbao.com/item/635111128632/, 
20,https://img.alicdn.com/imgextra/i4/2931357948/O1CN01kSQvvC28aEW5AUkho_!!2931357948.jpg,喜得佳 香甜玉米肠500g 加热即食热狗香肠烤肠台湾风味烧烤,	608518100883,,49.8,49.8,188,188,26.49%,0,585,0,5,171,0.01%,249,0.00%,8515.8,118,23,0,,,热卖促销|淘金币抵3%,7天无理由|蚂蚁花呗|信用卡支付|集分宝,粮油调味/速食/干货/烘焙,南北干货/肉类干货,香肠/腊肠,,,2021-05-31,14:58:37,2天17时49分16秒,一,http://item.taobao.com/item.htm?id=608518100883,https://kandianbao.com/item/608518100883/, 
21,https://img.alicdn.com/imgextra/i4/2931357948/O1CN01EmQuek28aEVzt6Ibv_!!2931357948.jpg,喜得佳 正宗潮汕肉丸250g 关东煮手工猪肉丸子麻辣烫火锅烧烤食材,	535982972617,,52.8,52.8,149,149,35.44%,0,215,0,5,9863,0.01%,264,0.00%,520766.39999999997,734,288,0,,,热卖促销,不支持7天无理由|蚂蚁花呗|信用卡支付|集分宝,水产肉类/新鲜蔬果/熟食,生肉/肉制品,肉丸/肉串,,,2021-05-31,09:16:23,2天12时7分2秒,一,http://item.taobao.com/item.htm?id=535982972617,https://kandianbao.com/item/535982972617/, 
22,https://img.alicdn.com/imgextra/i4/2931357948/O1CN01fIL7Tk28aEbrfAcZ9_!!2931357948.jpg,喜得佳 正宗潮汕牛肉丸手打牛筋丸子2斤潮州特产火锅食材烧烤手工,	626272571418,,76.8,76.8,299,299,25.69%,0,199506,0,5,483,0.01%,384,0.01%,37094.4,316,133,0,,,预售价,7天无理由|蚂蚁花呗|信用卡支付|集分宝,水产肉类/新鲜蔬果/熟食,海鲜/水产品/制品,鱼丸/鱼滑,,,2021-05-31,23:06:00,3天1时56分39秒,一,http://item.taobao.com/item.htm?id=626272571418,https://kandianbao.com/item/626272571418/,味道不错(7);份量很足(2);包装很好(2);价格实惠(2)
23,https://img.alicdn.com/imgextra/i4/2931357948/O1CN01GrIFyw28aEVvDd3tS_!!2931357948.jpg,喜得佳 番茄芝士肠500g 德式香肠加热即食热狗肉肠德国风味烧烤,	609069897790,,49.8,49.8,179,179,27.82%,0,111,0,6,1303,0.01%,298.79999999999995,0.01%,64889.399999999994,286,206,0,,,热卖促销|淘金币抵3%,7天无理由|蚂蚁花呗|信用卡支付|集分宝,粮油调味/速食/干货/烘焙,南北干货/肉类干货,香肠/腊肠,,,2021-05-31,14:39:33,2天17时30分12秒,一,http://item.taobao.com/item.htm?id=609069897790,https://kandianbao.com/item/609069897790/,无限回购(2);很好吃(4)
24,https://img.alicdn.com/imgextra/i1/2931357948/O1CN01tQwt6D28aEbuDGr3x_!!2931357948.jpg,喜得佳 潮汕牛肉丸牛筋丸3包特产正宗手打潮州火锅烧烤食材丸子,	540088974130,,59.8,59.8,399,399,14.99%,0,22150,0,6,1819,0.01%,358.79999999999995,0.01%,108776.2,264,23,0,,,预售价,不支持7天无理由|蚂蚁花呗|信用卡支付|集分宝,水产肉类/新鲜蔬果/熟食,生肉/肉制品,牛丸/肉串,,,2021-05-28,20:09:56,59分36秒,五,http://item.taobao.com/item.htm?id=540088974130,https://kandianbao.com/item/540088974130/, 
25,https://img.alicdn.com/imgextra/i1/2931357948/O1CN015xxZkU28aEVvDcBqQ_!!2931357948.jpg,喜得佳高蛋白质鸡胸肉肠500g香肠加热即食鸡肉肠代餐火腿热狗,	606128036980,,59.8,59.8,149.8,149.8,39.92%,0,222,0,6,1618,0.01%,358.79999999999995,0.01%,96756.4,412,216,0,,,热卖促销|淘金币抵3%,7天无理由|蚂蚁花呗|信用卡支付|集分宝,水产肉类/新鲜蔬果/熟食,生肉/肉制品,鸡胸,,,2021-06-03,17:38:23,5天20时29分2秒,四,http://item.taobao.com/item.htm?id=606128036980,https://kandianbao.com/item/606128036980/, 
26,https://img.alicdn.com/imgextra/i4/2931357948/O1CN01PAICfa28aEW2xxtUe_!!2931357948.jpg,喜得佳 港式咖喱鱼豆腐2斤冷冻潮汕鱼丸火锅专用菜品食材烧烤商用,	551075969233,,69.8,69.8,159,159,43.90%,0,904649,0,7,2891,0.01%,488.59999999999997,0.01%,201791.8,660,339,0,,,热卖促销|淘金币抵3%,7天无理由|蚂蚁花呗|信用卡支付|集分宝,水产肉类/新鲜蔬果/熟食,海鲜/水产品/制品,鱼丸/鱼滑,,,2021-06-02,11:06:04,4天13时56分43秒,三,http://item.taobao.com/item.htm?id=551075969233,https://kandianbao.com/item/551075969233/,味道不错(2)
27,https://img.alicdn.com/imgextra/i4/2931357948/O1CN01mpMlDh28aEW3SSbO8_!!2931357948.jpg,喜得佳 深海鱼肉肠500g 高蛋白质热狗香肠加热即食肉肠烤肠代餐,	606674166299,,69.8,69.8,179,179,38.99%,0,79,0,7,666,0.01%,488.59999999999997,0.01%,46486.799999999996,260,124,0,,,热卖促销|淘金币抵3%,7天无理由|蚂蚁花呗|信用卡支付|集分宝,粮油调味/速食/干货/烘焙,南北干货/肉类干货,香肠/腊肠,,,2021-06-03,14:06:23,5天16时57分2秒,四,http://item.taobao.com/item.htm?id=606674166299,https://kandianbao.com/item/606674166299/, 
28,https://img.alicdn.com/imgextra/i1/2931357948/O1CN01YwtUiO28aEVvDdGO4_!!2931357948.jpg,喜得佳奥尔良味鸡胸肉200g高蛋白质健身代餐鸡肉食品加热即食,	606208888310,,33.6,33.6,89,89,37.75%,0,199598,0,8,1358,0.01%,268.8,0.00%,45628.8,150,159,0,,,热卖促销|淘金币抵3%,7天无理由|蚂蚁花呗|信用卡支付|集分宝,水产肉类/新鲜蔬果/熟食,生肉/肉制品,鸡胸,,,2021-05-31,12:02:10,2天14时52分49秒,一,http://item.taobao.com/item.htm?id=606208888310,https://kandianbao.com/item/606208888310/, 
29,https://img.alicdn.com/imgextra/i3/2931357948/O1CN01Axp1mf28aEa8Fsk57_!!2931357948.jpg,喜得佳西冷牛排套餐儿童家庭牛肉新鲜黑椒原肉整切菲力牛扒20,	635156764582,,39.8,39.8,188,188,21.17%,0,399898,0,8,99,0.01%,318.4,0.01%,3940.2,10,8,0,,,热卖促销|淘金币抵3%,不支持7天无理由|蚂蚁花呗|信用卡支付|集分宝,水产肉类/新鲜蔬果/熟食,生肉/肉制品,牛排,,,2021-05-31,13:05:14,2天15时55分53秒,一,http://item.taobao.com/item.htm?id=635156764582,https://kandianbao.com/item/635156764582/, 
30,https://img.alicdn.com/imgextra/i2/2931357948/O1CN01KdVzMQ28aEbui35aK_!!2931357948.jpg,喜得佳 广味港式咖喱鱼蛋鱼豆腐套餐2斤 黄金鱼蛋*2包 鱼豆腐*2包,	560211195846,,59.8,59.8,288,288,20.76%,0,199871,0,8,681,0.01%,478.4,0.01%,40723.799999999996,120,14,0,,,预售价,7天无理由|蚂蚁花呗|信用卡支付|集分宝,水产肉类/新鲜蔬果/熟食,海鲜/水产品/制品,鱼糕/鱼饼,,,2021-06-02,18:37:10,4天21时27分49秒,三,http://item.taobao.com/item.htm?id=560211195846,https://kandianbao.com/item/560211195846/, 
31,https://img.alicdn.com/imgextra/i2/2931357948/O1CN01QPfCuf28aEbzCuECW_!!2931357948.jpg,喜得佳 正宗潮汕手打墨鱼丸2斤 手工花枝丸火锅食材Q弹鱼丸子冷冻,	562189575052,,59.8,59.8,268,268,22.31%,0,199723,0,8,7434,0.01%,478.4,0.01%,444553.19999999995,1594,452,0,,,预售价,不支持7天无理由|蚂蚁花呗|信用卡支付|集分宝,水产肉类/新鲜蔬果/熟食,海鲜/水产品/制品,墨鱼丸/花枝丸,,,2021-06-02,18:54:20,4天21时44分59秒,三,http://item.taobao.com/item.htm?id=562189575052,https://kandianbao.com/item/562189575052/,很好吃(4);冰袋没化(2);包装很好(2);邮递很快(3);不好吃(2)
32,https://img.alicdn.com/imgextra/i3/2931357948/O1CN01Oohsja28aEbzCs56y_!!2931357948.jpg,喜得佳 黑椒火山石纯肉烤肠4斤地道肠热狗肠香肠烧烤肠脆皮肠,	579291243253,,106,106,238,238,44.54%,0,9885,0,8,347,0.01%,848,0.02%,36782,324,18,0,,,预售价,7天无理由|蚂蚁花呗|信用卡支付|集分宝,粮油调味/速食/干货/烘焙,南北干货/肉类干货,香肠/腊肠,,,2021-05-31,19:19:30,2天22时10分9秒,一,http://item.taobao.com/item.htm?id=579291243253,https://kandianbao.com/item/579291243253/, 
33,https://img.alicdn.com/imgextra/i1/2931357948/O1CN01ttqzNu28aEX1Gzfxs_!!2931357948.jpg,喜得佳 低脂烟熏火腿扒250g  西式早餐三明治手抓饼哥本哈根食材,	594752866928,,52.8,52.8,149,149,35.44%,0,222750,0,9,1299,0.01%,475.2,0.01%,68587.2,360,231,0,,,热卖促销,7天无理由|蚂蚁花呗|信用卡支付|集分宝,粮油调味/速食/干货/烘焙,南北干货/肉类干货,火腿,,,2021-05-31,14:48:50,2天17时39分29秒,一,http://item.taobao.com/item.htm?id=594752866928,https://kandianbao.com/item/594752866928/, 
34,https://img.alicdn.com/imgextra/i4/2931357948/O1CN01Jy9LKW28aEaBo9qSZ_!!2931357948.jpg,喜得佳斑马虾丸豆捞仙桃鱼籽蟹黄包心丸子火锅关东煮菜品食材鱼丸,	635112160160,,56.8,56.8,188,188,30.21%,0,499893,0,9,101,0.01%,511.2,0.01%,5736.799999999999,24,13,0,,,热卖促销|淘金币抵3%,7天无理由|蚂蚁花呗|信用卡支付|集分宝,水产肉类/新鲜蔬果/熟食,海鲜/水产品/制品,鱼丸/鱼滑,,,2021-05-30,20:15:06,1天23时5分45秒,日,http://item.taobao.com/item.htm?id=635112160160,https://kandianbao.com/item/635112160160/, 
35,https://img.alicdn.com/imgextra/i1/2931357948/O1CN01YwtUiO28aEVvDdGO4_!!2931357948.jpg,喜得佳 孜然味鸡胸肉200g 高蛋白质鸡肉食品健身代餐加热即食,	606209024312,,33.6,33.6,89,89,37.75%,0,199740,0,10,1000,0.01%,336,0.01%,33600,94,134,0,,,热卖促销|淘金币抵3%,7天无理由|蚂蚁花呗|信用卡支付|集分宝,水产肉类/新鲜蔬果/熟食,生肉/肉制品,鸡胸,,,2021-06-02,20:40:59,4天23时31分38秒,三,http://item.taobao.com/item.htm?id=606209024312,https://kandianbao.com/item/606209024312/, 
36,https://img.alicdn.com/imgextra/i3/2931357948/O1CN01F6ZaXq28aEa68reXv_!!2931357948-0-lubanu-s.jpg,满49元+12.9元换购整切牛排120g 儿童家庭团购西冷牛扒新鲜牛肉20,	635808355685,,12.9,12.9,12.90,12.90,100.00%,0,1999822,12,11,165,0.01%,141.9,0.00%,2128.5,20,27,0,,,淘金币抵3%,不支持7天无理由|蚂蚁花呗|信用卡支付|集分宝,水产肉类/新鲜蔬果/熟食,生肉/肉制品,牛排,,,2021-06-01,18:41:06,3天21时31分45秒,二,http://item.taobao.com/item.htm?id=635808355685,https://kandianbao.com/item/635808355685/, 
37,https://img.alicdn.com/imgextra/i3/2931357948/O1CN01P982PF28aEW3SSnrk_!!2931357948.jpg,喜得佳 正宗潮汕鱼饼炸鱼条250g 广东海鲜鱼糕火锅菜品食材关东煮,	535948149357,,49.8,49.8,145,145,34.34%,0,49,0,11,12897,0.01%,547.8,0.01%,642270.6,1760,710,0,,,热卖促销,7天无理由|蚂蚁花呗|信用卡支付|集分宝,水产肉类/新鲜蔬果/熟食,海鲜/水产品/制品,鱼糕/鱼饼,,,2021-06-02,09:00:00,4天11时50分39秒,三,http://item.taobao.com/item.htm?id=535948149357,https://kandianbao.com/item/535948149357/,很好吃(3)
38,https://img.alicdn.com/imgextra/i4/2931357948/O1CN01ReDY5z28aEbyAC0PR_!!2931357948.jpg,喜得佳 早餐原切培根肉片低脂火腿片组合1.6kg 手抓饼三明治切片,	604313206486,,118,118,238,238,49.58%,0,9489,0,11,477,0.01%,1298,0.02%,56286,316,174,0,,,预售价,7天无理由|蚂蚁花呗|信用卡支付|集分宝,粮油调味/速食/干货/烘焙,南北干货/肉类干货,培根,,,2021-05-31,19:26:27,2天22时17分6秒,一,http://item.taobao.com/item.htm?id=604313206486,https://kandianbao.com/item/604313206486/,口感味道好(4);包装挺好(2);一直回购(4);物流很快(2)
39,https://img.alicdn.com/imgextra/i4/2931357948/O1CN01JHqeO928aEaREMXxi_!!2931357948.jpg,喜得佳 海鲜丸子711日式关东煮组合麻辣烫火锅食材串鱼籽福袋各种,	608867815512,,188,188,388,388,48.45%,0,356229,0,12,3673,0.01%,2256,0.04%,690524,3258,905,0,,,热卖促销,7天无理由|蚂蚁花呗|信用卡支付|集分宝,水产肉类/新鲜蔬果/熟食,海鲜/水产品/制品,鱼丸/鱼滑,,,2021-06-04,15:26:55,6天18时17分34秒,五,http://item.taobao.com/item.htm?id=608867815512,https://kandianbao.com/item/608867815512/,很多种类(2);很有嚼劲(3);份量很足(2);很好吃(24);会回购(5);性价比较低(2)
40,https://img.alicdn.com/imgextra/i4/2931357948/O1CN010vMKCd28aEbwqdm3K_!!2931357948.jpg,喜得佳 低脂火腿片1800g三明治切片午餐肉小包装鸡蛋早餐三文治,	604064235131,,108,108,528,528,20.45%,0,9775,0,13,216,0.02%,1404,0.02%,23328,162,53,0,,,预售价,7天无理由|蚂蚁花呗|信用卡支付|集分宝,粮油调味/速食/干货/烘焙,南北干货/肉类干货,火腿,,,2021-05-31,19:25:41,2天22时16分20秒,一,http://item.taobao.com/item.htm?id=604064235131,https://kandianbao.com/item/604064235131/, 
41,https://img.alicdn.com/imgextra/i2/2931357948/O1CN01LgwKez28aEa6sCr7U_!!2931357948.jpg,喜得佳 澳门海胆丸豆捞仙桃鱼籽蟹黄包心鱼丸撒尿丸子火锅关东煮,	636116239453,,56.8,56.8,188,188,30.21%,0,499652,0,15,325,0.02%,852,0.02%,18460,50,37,0,,,热卖促销|淘金币抵3%,7天无理由|蚂蚁花呗|信用卡支付|集分宝,水产肉类/新鲜蔬果/熟食,海鲜/水产品/制品,鱼丸/鱼滑,,,2021-05-30,20:05:41,1天22时56分20秒,日,http://item.taobao.com/item.htm?id=636116239453,https://kandianbao.com/item/636116239453/, 
42,https://img.alicdn.com/imgextra/i2/2931357948/O1CN01SFi3bV28aEc1bwKeq_!!2931357948.jpg,喜得佳 爆浆车打芝士肠3斤 爆汁德式香肠热狗脆皮肠冷冻火锅食材,	563736121303,,79.9,79.9,288,288,27.74%,0,160623,0,15,1729,0.02%,1198.5,0.02%,138147.1,924,105,1,,,预售价,7天无理由|蚂蚁花呗|信用卡支付|集分宝,粮油调味/速食/干货/烘焙,南北干货/肉类干货,香肠/腊肠,,,2021-06-04,16:30:57,6天19时21分36秒,五,http://item.taobao.com/item.htm?id=563736121303,https://kandianbao.com/item/563736121303/, 
43,https://img.alicdn.com/imgextra/i3/2931357948/O1CN01zw9SJ128aEXPOL40v_!!2931357948.jpg,喜得佳菠菜虾丸250g潮汕手工虾滑鱼丸子油炸火锅食材麻辣烫关东煮,	611545459097,,36.8,36.8,199,199,18.49%,0,19786,0,16,2054,0.02%,588.8,0.01%,75587.2,228,344,0,,,热卖促销|淘金币抵3%,不支持7天无理由|蚂蚁花呗|信用卡支付|集分宝,水产肉类/新鲜蔬果/熟食,海鲜/水产品/制品,虾类制品,,,2021-06-03,11:10:36,5天14时1分15秒,四,http://item.taobao.com/item.htm?id=611545459097,https://kandianbao.com/item/611545459097/,很好吃(5)
44,https://img.alicdn.com/imgextra/i3/2931357948/O1CN01dBRot328aEafMV6Ey_!!2931357948.jpg,喜得佳眼肉牛排套餐家庭牛肉新鲜黑椒原肉整切菲力牛扒西冷20,	635834030196,,39.8,39.8,188,188,21.17%,0,399825,0,17,164,0.02%,676.5999999999999,0.01%,6527.2,14,15,0,,,热卖促销|淘金币抵3%,不支持7天无理由|蚂蚁花呗|信用卡支付|集分宝,水产肉类/新鲜蔬果/熟食,生肉/肉制品,牛排,,,2021-05-31,13:00:01,2天15时50分40秒,一,http://item.taobao.com/item.htm?id=635834030196,https://kandianbao.com/item/635834030196/, 
45,https://img.alicdn.com/imgextra/i4/2931357948/O1CN01ZsBOdi28aEVvDd3uO_!!2931357948.jpg,喜得佳烟熏鸭胸肉200g 鸭脯肉烟熏鸭胸 加热即食酒店餐厅冷冻鸭肉,	535841283449,,49.8,49.8,135,135,36.89%,0,180210,0,17,12102,0.02%,846.5999999999999,0.02%,602679.6,1768,316,0,,,热卖促销|淘金币抵3%,不支持7天无理由|蚂蚁花呗|信用卡支付|集分宝,水产肉类/新鲜蔬果/熟食,生肉/肉制品,鸭肉,,,2021-06-02,12:39:41,4天15时30分20秒,三,http://item.taobao.com/item.htm?id=535841283449,https://kandianbao.com/item/535841283449/, 
46,https://img.alicdn.com/imgextra/i3/2931357948/O1CN01mNnzKl28aEXwnm6TE_!!2931357948.jpg,喜得佳鱼籽仙桃200g豆捞火锅店关东煮食材海鲜包心鱼丸蟹粉黄,	618363870375,,19.8,19.8,139,139,14.24%,0,19077,10,18,871,0.02%,356.40000000000003,0.01%,17245.8,94,72,0,,,热卖促销|淘金币抵3%,7天无理由|蚂蚁花呗|信用卡支付|集分宝,水产肉类/新鲜蔬果/熟食,海鲜/水产品/制品,鱼丸/鱼滑,,,2021-06-02,20:46:34,4天23时37分13秒,三,http://item.taobao.com/item.htm?id=618363870375,https://kandianbao.com/item/618363870375/, 
47,https://img.alicdn.com/imgextra/i3/2931357948/O1CN01qIibKx28aEW3SSjhh_!!2931357948.jpg,喜得佳 低脂火腿片200g三明治切片 手抓饼加热即食哥本哈根食材,	594580593440,,42.8,42.8,149,149,28.72%,0,126130,0,18,3988,0.02%,770.4,0.01%,170686.4,786,591,0,,,热卖促销,7天无理由|蚂蚁花呗|信用卡支付|集分宝,粮油调味/速食/干货/烘焙,南北干货/肉类干货,火腿,,,2021-06-02,11:08:49,4天13时59分28秒,三,http://item.taobao.com/item.htm?id=594580593440,https://kandianbao.com/item/594580593440/,味道还可以(2)
48,https://img.alicdn.com/imgextra/i3/2931357948/O1CN013JBPyt28aEW1CaR6O_!!2931357948.jpg,喜得佳早餐培根肉片200g手抓饼原料培根片生酮培根肉供港品质,	592527686783,,49.8,49.8,139,139,35.83%,0,3765266,0,18,5355,0.02%,896.4,0.02%,266679,706,716,0,,,热卖促销,7天无理由|蚂蚁花呗|信用卡支付|集分宝,粮油调味/速食/干货/烘焙,南北干货/肉类干货,培根,,,2021-06-02,11:08:50,4天13时59分29秒,三,http://item.taobao.com/item.htm?id=592527686783,https://kandianbao.com/item/592527686783/, 
49,https://img.alicdn.com/imgextra/i1/2931357948/O1CN01csaxDi28aEb8dEWeC_!!2931357948.jpg,喜得佳正宗手打潮汕牛肉丸组合装潮州特产火锅食材菜品各种筋丸子,	581415956028,,188,188,399,399,47.12%,0,227109,0,18,18549,0.02%,3384,0.06%,3487212,11042,3639,0,,,热卖促销,不支持7天无理由|蚂蚁花呗|信用卡支付|集分宝,水产肉类/新鲜蔬果/熟食,生肉/肉制品,牛丸/肉串,,,2021-06-02,11:01:51,4天13时52分30秒,三,http://item.taobao.com/item.htm?id=581415956028,https://kandianbao.com/item/581415956028/,品牌放心(2);便宜(19);份量很足(9);质量好(4);还会再买(12);不好吃(2)
50,https://img.alicdn.com/imgextra/i4/2931357948/O1CN01KXm7g328aEYheNjFE_!!2931357948.jpg,喜得佳原肉整切牛排套餐儿童家庭牛肉新鲜黑椒10片菲力牛扒西冷20,	625297594138,,199,199,399,399,49.87%,0,3993327,0,19,6305,0.02%,3781,0.07%,1254695,5214,1965,0,,,热卖促销|淘金币抵3%,不支持7天无理由|蚂蚁花呗|信用卡支付|集分宝,水产肉类/新鲜蔬果/熟食,生肉/肉制品,牛排,,,2021-06-04,15:04:13,6天17时54分52秒,五,http://item.taobao.com/item.htm?id=625297594138,https://kandianbao.com/item/625297594138/,很有嚼劲(6);儿子很喜欢(34);家里人都爱吃(3);份量很足(15);价格很便宜(47);味道酸的(2)
51,https://img.alicdn.com/imgextra/i3/2931357948/O1CN018D6tYB28aEaadAIt9_!!2931357948.jpg,喜得佳牛排套餐家庭团购儿童黑椒腌制牛扒进口肉源新鲜牛肉20,	635512373246,,29.8,29.8,188,188,15.85%,0,39914,0,20,77,0.02%,596,0.01%,2294.6,8,6,0,,,热卖促销|淘金币抵3%,不支持7天无理由|蚂蚁花呗|信用卡支付|集分宝,水产肉类/新鲜蔬果/熟食,生肉/肉制品,牛排,,,2021-05-31,12:39:41,2天15时30分20秒,一,http://item.taobao.com/item.htm?id=635512373246,https://kandianbao.com/item/635512373246/, 
52,https://img.alicdn.com/imgextra/i3/2931357948/O1CN01Kg94zy28aEZtgWYmw_!!2931357948.jpg,满49元+6.9元换购鸡胸肉100g 健身代餐即食鲜冷冻沙鸡脯拉轻食,	627688862948,,6.9,6.9,6.90,6.90,100.00%,0,99523,12,21,442,0.03%,144.9,0.00%,3049.8,36,60,0,,,,7天无理由|蚂蚁花呗|信用卡支付|集分宝,水产肉类/新鲜蔬果/熟食,生肉/肉制品,鸡胸,,,2021-06-04,00:08:00,6天2时58分39秒,五,http://item.taobao.com/item.htm?id=627688862948,https://kandianbao.com/item/627688862948/, 
53,https://img.alicdn.com/imgextra/i3/2931357948/O1CN01zWsTPj28aEbtlu1tc_!!2931357948-0-lubanu-s.jpg,喜得佳鸡胸肉健身代餐即食鲜冷冻沙鸡脯拉轻食手撕食品1000g,	606194548959,,49.8,49.8,268,268,18.58%,0,634429,0,22,7107,0.03%,1095.6,0.02%,353928.6,2038,1558,0,,,热卖促销|淘金币抵3%,7天无理由|蚂蚁花呗|信用卡支付|集分宝,水产肉类/新鲜蔬果/熟食,生肉/肉制品,鸡胸,,,2021-06-03,14:06:18,5天16时56分57秒,四,http://item.taobao.com/item.htm?id=606194548959,https://kandianbao.com/item/606194548959/,减肥必备(2);小孩很爱吃(4);很好吃(54);饱腹感很强(2);量足(10);会回购(8)
54,https://img.alicdn.com/imgextra/i3/2931357948/O1CN01anr1lr28aEbsc0WEH_!!2931357948.jpg,喜得佳 正宗潮汕黑椒牛肉丸2斤 潮州特产手打丸子纯手工火锅食材,	564944475024,,69.8,69.8,259,259,26.95%,0,20704,0,22,1954,0.03%,1535.6,0.03%,136389.19999999998,398,169,0,,,热卖促销|淘金币抵3%,不支持7天无理由|蚂蚁花呗|信用卡支付|集分宝,水产肉类/新鲜蔬果/熟食,生肉/肉制品,牛丸/肉串,,,2021-06-02,11:12:24,4天14时3分3秒,三,http://item.taobao.com/item.htm?id=564944475024,https://kandianbao.com/item/564944475024/, 
55,https://img.alicdn.com/imgextra/i3/2931357948/O1CN015TdNjx28aEY41IFjn_!!2931357948.jpg,喜得佳蟹黄仙桃200g仙桃鱼籽包心丸子火锅关东煮食材台湾鱼丸川见,	617810184017,,19.8,19.8,139,139,14.24%,0,19013,10,23,959,0.03%,455.40000000000003,0.01%,18988.2,76,92,0,,,热卖促销|淘金币抵3%,7天无理由|蚂蚁花呗|信用卡支付|集分宝,水产肉类/新鲜蔬果/熟食,海鲜/水产品/制品,鱼丸/鱼滑,,,2021-06-02,20:46:34,4天23时37分13秒,三,http://item.taobao.com/item.htm?id=617810184017,https://kandianbao.com/item/617810184017/,很好吃(4);不要买(3)
56,https://img.alicdn.com/imgextra/i4/2931357948/O1CN01V9jRu428aEaI50mED_!!2931357948.jpg,喜得佳金装正宗潮汕纯手打牛筋丸250g 牛肉丸子潮州特产火锅食材,	618632679598,,89.6,89.6,259,259,34.59%,0,16623,0,24,3183,0.03%,2150.3999999999996,0.04%,285196.8,252,381,0,,,热卖促销|淘金币抵3%,不支持7天无理由|蚂蚁花呗|信用卡支付|集分宝,水产肉类/新鲜蔬果/熟食,生肉/肉制品,牛丸/肉串,,,2021-06-03,00:23:26,5天3时14分5秒,四,http://item.taobao.com/item.htm?id=618632679598,https://kandianbao.com/item/618632679598/,很好吃(5);价格实惠(2);不好吃(2)
57,https://img.alicdn.com/imgextra/i3/2931357948/O1CN01SFGUyQ28aEaMPGHyu_!!2931357948-0-lubanu-s.jpg,满49元+18.9元换购斑马虾丸200g  豆捞火锅菜品关东煮麻辣烫食材,	637215263677,,18.9,18.9,18.90,18.90,100.00%,0,19529,12,25,447,0.03%,472.49999999999994,0.01%,8448.3,46,53,0,,,淘金币抵3%,7天无理由|蚂蚁花呗|信用卡支付|集分宝,水产肉类/新鲜蔬果/熟食,海鲜/水产品/制品,鱼丸/鱼滑,,,2021-05-31,11:13:38,2天14时4分17秒,一,http://item.taobao.com/item.htm?id=637215263677,https://kandianbao.com/item/637215263677/,重量便宜(2);便宜(3);很好吃(4);商家很细心(2);物流非常快(2);外观质量很好(2)
58,https://img.alicdn.com/imgextra/i3/2931357948/O1CN015FLkgs28aEa79eb9J_!!2931357948.jpg,喜得佳菲力牛排套餐儿童家庭牛肉新鲜黑椒原肉整切牛扒西冷20,	636160311635,,39.8,39.8,188,188,21.17%,0,39878,0,25,113,0.03%,994.9999999999999,0.02%,4497.4,8,9,0,,,热卖促销|淘金币抵3%,不支持7天无理由|蚂蚁花呗|信用卡支付|集分宝,水产肉类/新鲜蔬果/熟食,生肉/肉制品,牛排,,,2021-05-31,12:53:31,2天15时44分10秒,一,http://item.taobao.com/item.htm?id=636160311635,https://kandianbao.com/item/636160311635/, 
59,https://img.alicdn.com/imgextra/i1/2931357948/O1CN01X9s4Il28aEWvR2c7m_!!2931357948.jpg,喜得佳正宗潮汕手打牛肉丸250g组合火锅食材潮州特产烧烤冷冻丸子,	535910262435,,49.8,49.8,69,69,72.17%,0,62600,0,25,41242,0.03%,1245,0.02%,2053851.5999999999,3616,1070,0,,,热卖促销,不支持7天无理由|蚂蚁花呗|信用卡支付|集分宝,水产肉类/新鲜蔬果/熟食,生肉/肉制品,牛丸/肉串,,,2021-06-02,11:04:06,4天13时54分45秒,三,http://item.taobao.com/item.htm?id=535910262435,https://kandianbao.com/item/535910262435/,包装完整(2)
60,https://img.alicdn.com/imgextra/i2/2931357948/O1CN01HuAaPE28aEW2f4aua_!!2931357948.jpg,喜得佳 正宗潮汕手工白鱼丸子250g 冷冻火锅菜品食材关东煮小包装,	535942657626,,49.8,49.8,149,149,33.42%,0,119042,0,25,17394,0.03%,1245,0.02%,866221.2,1858,669,0,,,热卖促销,7天无理由|蚂蚁花呗|信用卡支付|集分宝,水产肉类/新鲜蔬果/熟食,海鲜/水产品/制品,鱼丸/鱼滑,,,2021-06-02,11:13:14,4天14时3分53秒,三,http://item.taobao.com/item.htm?id=535942657626,https://kandianbao.com/item/535942657626/,很好吃(4);价格实惠(3)
61,https://img.alicdn.com/imgextra/i4/2931357948/O1CN01MRb4pn28aEbwqeqe1_!!2931357948.jpg,喜得佳 咖喱鱼蛋 新鲜港式711黄金手工鱼丸关东煮火锅食材冷冻,	564880951202,,59.8,59.8,288,288,20.76%,0,19881,0,27,188,0.03%,1614.6,0.03%,11242.4,66,25,0,,,预售价,7天无理由|蚂蚁花呗|信用卡支付|集分宝,水产肉类/新鲜蔬果/熟食,海鲜/水产品/制品,鱼丸/鱼滑,,,2021-06-02,18:41:26,4天21时32分5秒,三,http://item.taobao.com/item.htm?id=564880951202,https://kandianbao.com/item/564880951202/, 
62,https://img.alicdn.com/imgextra/i1/2931357948/O1CN01RXetRT28aEW3VEGcB_!!2931357948.jpg,喜得佳 司华力肠625g 德式风味香肠烟熏烤肠烧烤热狗冷冻肉肠食材,	535945925271,,89.8,89.8,198,198,45.35%,0,106,0,27,3097,0.03%,2424.6,0.04%,278110.6,482,118,0,,,热卖促销,7天无理由|蚂蚁花呗|信用卡支付|集分宝,粮油调味/速食/干货/烘焙,南北干货/肉类干货,香肠/腊肠,,,2021-06-03,17:25:36,5天20时16分15秒,四,http://item.taobao.com/item.htm?id=535945925271,https://kandianbao.com/item/535945925271/, 
63,https://img.alicdn.com/imgextra/i4/2931357948/O1CN01U6dfsp28aEa6fs8IT_!!2931357948.jpg,喜得佳 手打鲜虾丸虾球潮汕鱼丸手工虾仁虾滑丸火锅食材菜品新鲜,	636115047057,,29.8,29.8,188,188,15.85%,0,499718,10,31,267,0.04%,923.8000000000001,0.02%,7956.6,44,27,0,,,热卖促销|淘金币抵3%,7天无理由|蚂蚁花呗|信用卡支付|集分宝,水产肉类/新鲜蔬果/熟食,海鲜/水产品/制品,鱼丸/鱼滑,,,2021-05-30,19:43:40,1天22时34分19秒,日,http://item.taobao.com/item.htm?id=636115047057,https://kandianbao.com/item/636115047057/, 
64,https://img.alicdn.com/imgextra/i3/2931357948/O1CN01irzj8a28aEW4LpWeZ_!!2931357948.jpg,喜得佳港式咖喱鱼豆腐250g冷冻火锅专用菜品食材潮汕鱼丸烧烤商用,	551594566258,,49.8,49.8,149,149,33.42%,0,15720,0,31,10786,0.04%,1543.8,0.03%,537142.7999999999,2124,847,0,,,热卖促销|淘金币抵3%,7天无理由|蚂蚁花呗|信用卡支付|集分宝,水产肉类/新鲜蔬果/熟食,海鲜/水产品/制品,鱼糕/鱼饼,,,2021-06-02,11:13:48,4天14时4分27秒,三,http://item.taobao.com/item.htm?id=551594566258,https://kandianbao.com/item/551594566258/,很好吃(3)
65,https://img.alicdn.com/imgextra/i4/2931357948/O1CN01xacEnj28aEW4Lq85Z_!!2931357948.jpg,喜得佳 正宗潮汕香菇贡丸250g 火锅菜品猪肉丸子麻辣烫关东煮食材,	535910590739,,52.8,52.8,149,149,35.44%,0,160106,0,32,19984,0.04%,1689.6,0.03%,1055155.2,1972,863,0,,,热卖促销,不支持7天无理由|蚂蚁花呗|信用卡支付|集分宝,水产肉类/新鲜蔬果/熟食,生肉/肉制品,肉丸/肉串,,,2021-06-02,11:12:55,4天14时3分34秒,三,http://item.taobao.com/item.htm?id=535910590739,https://kandianbao.com/item/535910590739/,很好吃(10);值得回购(2);价格实惠(5);送货速度很快(4)
66,https://img.alicdn.com/imgextra/i3/2931357948/O1CN01Vm8RYb28aEaLX6jv6_!!2931357948.jpg,喜得佳金装潮州牛肉丸250g正宗潮汕手工打牛肉丸特产火锅食材批发,	618632123755,,89.6,89.6,259,259,34.59%,0,16747,0,32,3070,0.04%,2867.2,0.05%,275072,262,363,0,,,热卖促销|淘金币抵3%,不支持7天无理由|蚂蚁花呗|信用卡支付|集分宝,水产肉类/新鲜蔬果/熟食,生肉/肉制品,牛丸/肉串,,,2021-06-02,20:46:35,4天23时37分14秒,三,http://item.taobao.com/item.htm?id=618632123755,https://kandianbao.com/item/618632123755/,质量可以(2);很好吃(7);很筋道(2);不好吃(2)
67,https://img.alicdn.com/imgextra/i4/2931357948/O1CN01okZtdP28aEab6tGFX_!!0-item_pic.jpg,【先充值再购物，全场折上折】喜得佳旗舰店VIP购物金365天有效,	622994740488,,500.0,1000.0,500.0,1000.0,100.00%,2,336,0,32,786,0.04%,22400,0.40%,550200,16,0,0,,,淘金币抵3%,7天无理由|蚂蚁花呗|信用卡支付|集分宝,购物金,生鲜购物金,水产肉类/蔬果/熟食购物金,,,2021-05-29,15:28:50,18时19分29秒,六,http://item.taobao.com/item.htm?id=622994740488,https://kandianbao.com/item/622994740488/, 
68,https://img.alicdn.com/imgextra/i1/2931357948/O1CN01MuoHID28aEbvQPmw0_!!2931357948.jpg,喜得佳 早餐培根肉片1.6kg供港品质烘焙原料手抓饼原切培根片包邮,	564660170406,,118,118,449,449,26.28%,0,19145,0,34,2392,0.04%,4012,0.07%,282256,1706,171,0,,,预售价,7天无理由|蚂蚁花呗|信用卡支付|集分宝,粮油调味/速食/干货/烘焙,南北干货/肉类干货,培根,,,2021-05-31,19:26:11,2天22时16分50秒,一,http://item.taobao.com/item.htm?id=564660170406,https://kandianbao.com/item/564660170406/,口感味道好(5);物流很快(3);小朋友很喜欢(2);包装很密封(2)
69,https://img.alicdn.com/imgextra/i1/2931357948/O1CN015e8wSH28aEYVF3VGb_!!2931357948.jpg,喜得佳八爪鱼丸章鱼丸烧烤丸子鱼糜豆捞火锅丸子关东煮食材肉丸,	619367023760,,52.8,52.8,139,139,37.99%,0,198392,0,36,1517,0.04%,1900.8,0.03%,80097.59999999999,116,262,0,,,热卖促销|淘金币抵3%,7天无理由|蚂蚁花呗|信用卡支付|集分宝,水产肉类/新鲜蔬果/熟食,海鲜/水产品/制品,鱼丸/鱼滑,,,2021-05-29,09:53:09,12时43分48秒,六,http://item.taobao.com/item.htm?id=619367023760,https://kandianbao.com/item/619367023760/,很好吃(8);客服很热情(2);价格比较实惠(2);日期新鲜(2);包装很结实(3);量少了点(2)
70,https://img.alicdn.com/imgextra/i1/2931357948/O1CN01iWLfrY28aEZsNQ7YV_!!2931357948.jpg,满49元+9.9元换购黑椒牛排100g  儿童家庭团购腌制牛扒新鲜牛肉20,	627980191641,,9.9,9.9,9.90,9.90,100.00%,0,199207,12,38,736,0.05%,376.2,0.01%,7286.400000000001,68,92,0,,,,不支持7天无理由|蚂蚁花呗|信用卡支付|集分宝,水产肉类/新鲜蔬果/熟食,生肉/肉制品,牛排,,,2021-06-04,00:08:00,6天2时58分39秒,五,http://item.taobao.com/item.htm?id=627980191641,https://kandianbao.com/item/627980191641/, 
71,https://img.alicdn.com/imgextra/i3/2931357948/O1CN01rN4rP728aEW79dLw9_!!2931357948.jpg,喜得佳 正宗潮汕黑椒牛肉丸250g 潮州手打肉丸子特产烧烤火锅食材,	551020824082,,52.8,52.8,69,69,76.52%,0,927622,0,38,9331,0.05%,2006.3999999999999,0.04%,492676.8,932,889,0,,,热卖促销|淘金币抵3%,不支持7天无理由|蚂蚁花呗|信用卡支付|集分宝,水产肉类/新鲜蔬果/熟食,生肉/肉制品,牛丸/肉串,,,2021-06-02,11:14:05,4天14时4分44秒,三,http://item.taobao.com/item.htm?id=551020824082,https://kandianbao.com/item/551020824082/,价格很便宜(4);特别好吃(3);多次回购(3)
72,https://img.alicdn.com/imgextra/i1/2931357948/O1CN01HzCsLm28aEaF2yAYl_!!2931357948.jpg,喜得佳 正宗潮汕香菇贡丸2斤 关东煮火锅烧烤猪肉丸子食材麻辣烫,	560142350970,,69.8,69.8,90,90,77.56%,0,403970,0,39,4230,0.05%,2722.2,0.05%,295254,678,520,0,,,热卖促销|淘金币抵3%,不支持7天无理由|蚂蚁花呗|信用卡支付|集分宝,水产肉类/新鲜蔬果/熟食,生肉/肉制品,肉丸/肉串,,,2021-06-02,11:08:48,4天13时59分27秒,三,http://item.taobao.com/item.htm?id=560142350970,https://kandianbao.com/item/560142350970/,很好吃(4);多次回购(2)
73,https://img.alicdn.com/imgextra/i4/2931357948/O1CN01loTHMN28aEXymk1Jf_!!2931357948.jpg,喜得佳鱼籽仙桃200g豆捞火锅店关东煮食材海鲜包心鱼丸,	618115401908,,39.8,39.8,139,139,28.63%,0,18037,0,40,1871,0.05%,1592,0.03%,74465.79999999999,160,288,0,,,热卖促销|淘金币抵3%,7天无理由|蚂蚁花呗|信用卡支付|集分宝,水产肉类/新鲜蔬果/熟食,海鲜/水产品/制品,鱼丸/鱼滑,,,2021-06-02,20:46:36,4天23时37分15秒,三,http://item.taobao.com/item.htm?id=618115401908,https://kandianbao.com/item/618115401908/,无限回购(2);很好吃(10);有腥味(2)
74,https://img.alicdn.com/imgextra/i1/2931357948/O1CN015aGufb28aEXzJvUwf_!!2931357948.jpg,喜得佳蟹黄仙桃豆捞仙桃鱼籽包心鱼丸丸子火锅关东煮食材200g,	618634083858,,39.8,39.8,139,139,28.63%,0,16327,0,40,3540,0.05%,1592,0.03%,140892,334,495,0,,,热卖促销|淘金币抵3%,7天无理由|蚂蚁花呗|信用卡支付|集分宝,水产肉类/新鲜蔬果/熟食,海鲜/水产品/制品,鱼丸/鱼滑,,,2021-06-02,20:46:37,4天23时37分16秒,三,http://item.taobao.com/item.htm?id=618634083858,https://kandianbao.com/item/618634083858/,很好吃(5);口感味道差(2)
75,https://img.alicdn.com/imgextra/i2/2931357948/O1CN0100FePD28aEW0q7G9V_!!2931357948.jpg,喜得佳 黄金鱼蛋250g 火锅食材 港式7仔手工咖喱鱼丸关东煮麻辣烫,	535910602990,,49.8,49.8,128,128,38.91%,0,171059,0,40,22369,0.05%,1992,0.04%,1113976.2,2998,840,0,,,热卖促销,7天无理由|蚂蚁花呗|信用卡支付|集分宝,水产肉类/新鲜蔬果/熟食,海鲜/水产品/制品,鱼丸/鱼滑,,,2021-06-01,13:40:49,3天16时31分28秒,二,http://item.taobao.com/item.htm?id=535910602990,https://kandianbao.com/item/535910602990/,很好吃(7);有劲道(2);小孩子挺喜欢(3);挺划算(2);物流非常快(4);不好吃(2)
76,https://img.alicdn.com/imgextra/i4/2931357948/O1CN01oVhAUI28aEX5BaI5I_!!2931357948.jpg,喜得佳 爆浆车打芝士肠500g 爆汁脆皮肠冷冻火锅食材德式香肠热狗,	535984176136,,89.7,89.7,189,189,47.46%,0,481853,0,40,18671,0.05%,3588,0.06%,1674788.7,3844,588,0,,,热卖促销,7天无理由|蚂蚁花呗|信用卡支付|集分宝,粮油调味/速食/干货/烘焙,南北干货/肉类干货,香肠/腊肠,,,2021-06-02,11:13:56,4天14时4分35秒,三,http://item.taobao.com/item.htm?id=535984176136,https://kandianbao.com/item/535984176136/,无限回购(2);很好吃(3);速度挺快(3)
77,https://img.alicdn.com/imgextra/i3/2931357948/O1CN01GKYNmX28aEW2f5bHh_!!2931357948.jpg,喜得佳 脆皮芝士肠200g波波肠夹心小香肠冷冻711亲亲肠仔火锅食材,	535945621575,,49.8,49.8,139,139,35.83%,0,125724,0,41,24980,0.05%,2041.8,0.04%,1244004,3250,905,0,,,热卖促销,7天无理由|蚂蚁花呗|信用卡支付|集分宝,粮油调味/速食/干货/烘焙,南北干货/肉类干货,香肠/腊肠,,,2021-05-29,17:09:41,20时0分20秒,六,http://item.taobao.com/item.htm?id=535945621575,https://kandianbao.com/item/535945621575/,很好吃(5)
78,https://img.alicdn.com/imgextra/i4/2931357948/O1CN010lLD1f28aEVvDcanL_!!2931357948.jpg,喜得佳正宗潮汕手工白鱼丸2斤关东煮火锅丸子食材真空冷冻烧烤,	560140490632,,69.8,69.8,90,90,77.56%,0,300985,0,44,3877,0.05%,3071.2,0.05%,270614.6,536,408,0,,,热卖促销|淘金币抵3%,7天无理由|蚂蚁花呗|信用卡支付|集分宝,水产肉类/新鲜蔬果/熟食,海鲜/水产品/制品,鱼丸/鱼滑,,,2021-06-02,11:08:50,4天13时59分29秒,三,http://item.taobao.com/item.htm?id=560140490632,https://kandianbao.com/item/560140490632/, 
79,https://img.alicdn.com/imgextra/i3/2931357948/O1CN01kVTEXT28aEbuDIbBo_!!2931357948.jpg,喜得佳 脆皮芝士肠9包亲亲肠仔夹心小香肠冷冻火锅食材波波肠,	603643253373,,108,108,528,528,20.45%,0,2064,0,44,170,0.05%,4752,0.08%,18360,66,19,0,,,预售价,7天无理由|蚂蚁花呗|信用卡支付|集分宝,粮油调味/速食/干货/烘焙,南北干货/肉类干货,香肠/腊肠,,,2021-05-31,19:25:52,2天22时16分31秒,一,http://item.taobao.com/item.htm?id=603643253373,https://kandianbao.com/item/603643253373/, 
80,https://img.alicdn.com/imgextra/i1/2931357948/O1CN01SzbaN228aEXfoOjQP_!!2931357948.jpg,喜得佳鱼籽虾丸250g潮汕手工虾滑鱼丸子烧烤火锅食材麻辣烫关东煮,	611024421042,,23.8,23.8,299,299,7.96%,0,17541,10,47,3318,0.06%,1118.6000000000001,0.02%,78968.40000000001,348,323,0,,,热卖促销|淘金币抵3%,不支持7天无理由|蚂蚁花呗|信用卡支付|集分宝,水产肉类/新鲜蔬果/熟食,海鲜/水产品/制品,虾类制品,,,2021-06-04,10:53:22,6天13时44分1秒,五,http://item.taobao.com/item.htm?id=611024421042,https://kandianbao.com/item/611024421042/,速度杠杠滴(5);很有嚼劲(2);回购好多次(2);很好吃(8);很新鲜(2)
81,https://img.alicdn.com/imgextra/i4/2931357948/O1CN01gYsLqu28aEaLX6XSQ_!!2931357948.jpg,喜得佳 金装潮汕牛筋丸250g 正宗潮州特产手工手打牛肉丸火锅食材,	617806988287,,39.8,39.8,259,259,15.37%,0,18143,10,50,1741,0.06%,1989.9999999999998,0.04%,69291.79999999999,232,107,0,,,热卖促销|淘金币抵3%,不支持7天无理由|蚂蚁花呗|信用卡支付|集分宝,水产肉类/新鲜蔬果/熟食,生肉/肉制品,牛丸/肉串,,,2021-06-02,20:46:33,4天23时37分12秒,三,http://item.taobao.com/item.htm?id=617806988287,https://kandianbao.com/item/617806988287/,很好吃(6);有劲道(2)
82,https://img.alicdn.com/imgextra/i1/2931357948/O1CN014HOT6u28aEbEgsFk7_!!2931357948-0-lubanu-s.jpg,满49元+12.9元换购原切培根200g 早餐生酮根肉片手抓饼三明治材料,	640497933312,,12.9,12.9,12.90,12.90,100.00%,0,99927,0,52,95,0.06%,670.8000000000001,0.01%,1225.5,14,8,0,,,淘金币抵3%,7天无理由|蚂蚁花呗|信用卡支付|集分宝,粮油调味/速食/干货/烘焙,南北干货/肉类干货,培根,,,2021-05-28,18:01:43,3时7分23秒,五,http://item.taobao.com/item.htm?id=640497933312,https://kandianbao.com/item/640497933312/, 
83,https://img.alicdn.com/imgextra/i4/2931357948/O1CN014KfSqD28aEbwhzHDd_!!2931357948-0-lubanu-s.jpg,喜得佳潮汕牛肉丸鱼籽福袋鱼丸火锅菜品食材组合套餐装关东煮丸子,	579153186299,,169,169,398,398,42.46%,0,914099,0,52,6575,0.06%,8788,0.16%,1111175,4982,1297,0,,,预售价,7天无理由|蚂蚁花呗|信用卡支付|集分宝,水产肉类/新鲜蔬果/熟食,海鲜/水产品/制品,鱼丸/鱼滑,,,2021-06-02,10:45:15,4天13时35分54秒,三,http://item.taobao.com/item.htm?id=579153186299,https://kandianbao.com/item/579153186299/,品种好多(3);卫生(3);小孩可以吃(3);份量很足(7);质量好(6);不好吃(9)
84,https://img.alicdn.com/imgextra/i1/2931357948/O1CN01FddhmM28aEYWkCTWp_!!2931357948.jpg,喜得佳八爪鱼丸章鱼丸豆捞火锅丸子关东煮肉丸食材烧烤丸子鱼糜,	618541840599,,23.8,23.8,139,139,17.12%,0,197580,10,53,2305,0.07%,1261.4,0.02%,54859,276,249,0,,,热卖促销|淘金币抵3%,7天无理由|蚂蚁花呗|信用卡支付|集分宝,水产肉类/新鲜蔬果/熟食,海鲜/水产品/制品,鱼丸/鱼滑,,,2021-05-29,09:53:10,12时43分49秒,六,http://item.taobao.com/item.htm?id=618541840599,https://kandianbao.com/item/618541840599/,口感非常好(3);客服态度很好(2);价格很贵(3)
85,https://img.alicdn.com/imgextra/i2/2931357948/O1CN01w4SSfe28aEX2w5eAU_!!2931357948.jpg,喜得佳虾肠虾滑肠火锅店专用台湾肉烤肠豆捞火锅食材配菜200g,	617821152934,,49.8,49.8,139,139,35.83%,0,16850,0,53,2995,0.07%,2639.3999999999996,0.05%,149151,336,498,0,,,热卖促销|淘金币抵3%,不支持7天无理由|蚂蚁花呗|信用卡支付|集分宝,水产肉类/新鲜蔬果/熟食,海鲜/水产品/制品,虾类制品,,,2021-06-02,20:46:37,4天23时37分16秒,三,http://item.taobao.com/item.htm?id=617821152934,https://kandianbao.com/item/617821152934/,口感非常好(7);日期很新鲜(2);包装好(2);物流快捷(3);挺划算(4);不好吃(2)
86,https://img.alicdn.com/imgextra/i4/2931357948/O1CN01nsPnKF28aEXQEvBG5_!!2931357948.jpg,喜得佳鱼籽福袋台湾鱼子蟹子包心组合鱼豆腐火锅丸子关东煮食材,	618638586578,,59.8,59.8,139,139,43.02%,0,44079,0,54,5620,0.07%,3229.2,0.06%,336076,976,728,0,,,热卖促销|淘金币抵3%,7天无理由|蚂蚁花呗|信用卡支付|集分宝,水产肉类/新鲜蔬果/熟食,海鲜/水产品/制品,鱼丸/鱼滑,,,2021-05-29,16:35:19,19时25分58秒,六,http://item.taobao.com/item.htm?id=618638586578,https://kandianbao.com/item/618638586578/,物流很贴心(2);老顾客回购(2);很好吃(12);包装很好(3);价美物廉(4);不会再买(2)
87,https://img.alicdn.com/imgextra/i2/2931357948/O1CN01kZEfeg28aEW3VCOCf_!!2931357948.jpg,喜得佳 鱼籽虾丸250g 潮汕手工虾滑关东煮鱼丸子 火锅食材麻辣烫,	611416347810,,52.8,52.8,199,199,26.53%,0,15043,0,55,7460,0.07%,2904,0.05%,393888,764,1109,0,,,热卖促销|淘金币抵3%,不支持7天无理由|蚂蚁花呗|信用卡支付|集分宝,水产肉类/新鲜蔬果/熟食,海鲜/水产品/制品,虾类制品,,,2021-06-03,14:52:29,5天17时43分8秒,四,http://item.taobao.com/item.htm?id=611416347810,https://kandianbao.com/item/611416347810/,价格不贵(3);很好吃(15);日期新鲜(2);客服态度很好(2);包装非常仔细(4);不好吃(3)
88,https://img.alicdn.com/imgextra/i2/2931357948/O1CN01nfvoS428aEXWOGMp1_!!2931357948.jpg,喜得佳鱼籽福袋组合鱼豆腐火锅食材套餐关东煮火锅丸子麻辣烫鱼子,	618637722721,,29.9,29.9,139,139,21.51%,0,644869,10,59,4869,0.07%,1764.1,0.03%,145583.1,1274,395,0,,,热卖促销|淘金币抵3%,7天无理由|蚂蚁花呗|信用卡支付|集分宝,水产肉类/新鲜蔬果/熟食,海鲜/水产品/制品,鱼丸/鱼滑,,,2021-05-29,16:35:20,19时25分59秒,六,http://item.taobao.com/item.htm?id=618637722721,https://kandianbao.com/item/618637722721/,第二次回购(3);很好吃(15);性价比高(2);包装很好(2);运输很棒(2);不好吃(3)
89,https://img.alicdn.com/imgextra/i3/2931357948/O1CN01UI1zvV28aEW79eh1l_!!2931357948.jpg,喜得佳 咖喱鱼蛋 新鲜港式711黄金手工鱼丸关东煮火锅食材冷冻,	537254450102,,26.0,199.8,47,363,55.04%,7,3053326,0,74,20818,0.09%,7068.4800000000005,0.13%,1988535.36,8236,1924,0,,,热卖促销,7天无理由|蚂蚁花呗|信用卡支付|集分宝,水产肉类/新鲜蔬果/熟食,海鲜/水产品/制品,鱼丸/鱼滑,,,2021-06-02,11:09:48,4天14时0分27秒,三,http://item.taobao.com/item.htm?id=537254450102,https://kandianbao.com/item/537254450102/,很好吃(16);冰袋没化(2);性价比高(4);包装非常好(3);日期新鮮(2);有点贵(2)
90,https://img.alicdn.com/imgextra/i3/2931357948/O1CN01wpGsnf28aEbzsOkjS_!!2931357948.jpg,喜得佳 潮汕牛肉牛筋丸4斤 特产正宗手打潮州火锅食材组合装套餐,	540341985829,,108,108,399,399,27.07%,0,44063,0,77,2553,0.10%,8316,0.15%,275724,604,91,0,,,预售价,不支持7天无理由|蚂蚁花呗|信用卡支付|集分宝,水产肉类/新鲜蔬果/熟食,生肉/肉制品,牛丸/肉串,,,2021-05-28,20:15:06,54分46秒,五,http://item.taobao.com/item.htm?id=540341985829,https://kandianbao.com/item/540341985829/,回购几次(2);很好吃(6)
91,https://img.alicdn.com/imgextra/i1/2931357948/O1CN01oteOnJ28aEc1L1En5_!!2931357948.jpg,喜得佳 正宗潮汕牛肉丸3包组合潮州特产手打牛筋丸火锅食材丸子,	549971119399,,59.8,59.8,188,188,31.81%,0,107869,0,78,79596,0.10%,4664.4,0.08%,4759840.8,16702,1053,3,,,预售价,不支持7天无理由|蚂蚁花呗|信用卡支付|集分宝,水产肉类/新鲜蔬果/熟食,生肉/肉制品,牛丸/肉串,,,2021-06-02,11:04:04,4天13时54分43秒,三,http://item.taobao.com/item.htm?id=549971119399,https://kandianbao.com/item/549971119399/,很好吃(16);会回购(4);物流快(3);价格实惠(2);客服态度很好(2);不会再买(2)
92,https://img.alicdn.com/imgextra/i3/2931357948/O1CN01BpAeEB28aEWuJJUNt_!!2931357948.jpg,喜得佳鲜虾滑肠虾滑虾肠火锅店青虾仁一口肠豆捞火锅食材火锅配菜,	617810268340,,23.8,23.8,139,139,17.12%,0,17635,10,82,2181,0.10%,1951.6000000000001,0.03%,51907.8,382,173,0,,,热卖促销|淘金币抵3%,不支持7天无理由|蚂蚁花呗|信用卡支付|集分宝,水产肉类/新鲜蔬果/熟食,海鲜/水产品/制品,虾类制品,,,2021-06-02,20:46:35,4天23时37分14秒,三,http://item.taobao.com/item.htm?id=617810268340,https://kandianbao.com/item/617810268340/,味道超赞(6);不会再买(3)
93,https://img.alicdn.com/imgextra/i3/2931357948/O1CN01x9cSxL28aEW3VB31u_!!2931357948.jpg,喜得佳低脂火腿片三明治切片哥本哈根食材加热即食汉堡早餐手抓饼,	535985032969,,79.8,79.8,169,169,47.22%,0,319362,0,85,9391,0.11%,6783,0.12%,749401.7999999999,1700,493,0,,,热卖促销,7天无理由|蚂蚁花呗|信用卡支付|集分宝,粮油调味/速食/干货/烘焙,南北干货/肉类干货,火腿,,,2021-06-03,15:50:56,5天18时41分35秒,四,http://item.taobao.com/item.htm?id=535985032969,https://kandianbao.com/item/535985032969/,口感味道好(3);日期还可以(3);多次回购(2);发货速度很快(2)
94,https://img.alicdn.com/imgextra/i4/2931357948/O1CN01gpOxvg28aEZsNSs1t_!!2931357948.jpg,满49元+9.9元换购正宗潮汕菠菜虾丸250g火锅菜品关东煮麻辣烫食材,	627391185037,,9.9,9.9,9.90,9.90,100.00%,0,809,12,88,2423,0.11%,871.2,0.02%,23987.7,158,372,0,,,,不支持7天无理由|蚂蚁花呗|信用卡支付|集分宝,水产肉类/新鲜蔬果/熟食,海鲜/水产品/制品,虾类制品,,,2021-05-31,14:54:18,2天17时44分57秒,一,http://item.taobao.com/item.htm?id=627391185037,https://kandianbao.com/item/627391185037/,便宜(8);份量很足(2);包装非常严实(3);很好吃(24);有劲道(3);不会回购(2)
95,https://img.alicdn.com/imgextra/i3/2931357948/O1CN011xJZms28aEa9oXEax_!!2931357948.jpg,喜得佳潮汕虾丸200g鲜虾球潮汕鱼丸手工火锅关东煮麻辣烫火锅食材,	636115583254,,59.8,59.8,188,188,31.81%,0,499254,0,92,701,0.11%,5501.599999999999,0.10%,41919.799999999996,74,105,0,,,热卖促销|淘金币抵3%,7天无理由|蚂蚁花呗|信用卡支付|集分宝,水产肉类/新鲜蔬果/熟食,海鲜/水产品/制品,鱼丸/鱼滑,,,2021-05-30,19:55:40,1天22时46分19秒,日,http://item.taobao.com/item.htm?id=636115583254,https://kandianbao.com/item/636115583254/,质量好(2);很好吃(9);有劲道(2);很新鲜(2);包装给力(3);快递不通知(2)
96,https://img.alicdn.com/imgextra/i3/2931357948/O1CN010nMzyG28aEW2xyZ5r_!!2931357948.jpg,喜得佳 正宗潮汕手打墨鱼丸半斤冷冻火锅食材Q弹鱼丸子手工花枝丸,	535909962591,,49.8,49.8,89,89,55.96%,0,7960,0,94,33089,0.12%,4681.2,0.08%,1647832.2,3372,1632,0,,,热卖促销,不支持7天无理由|蚂蚁花呗|信用卡支付|集分宝,水产肉类/新鲜蔬果/熟食,海鲜/水产品/制品,墨鱼丸/花枝丸,,,2021-06-02,22:54:20,5天1时44分59秒,三,http://item.taobao.com/item.htm?id=535909962591,https://kandianbao.com/item/535909962591/,很好吃(22);多次回购(4);日期新鲜(2);很筋道(3);物有所值(3);价格很贵(4)
97,https://img.alicdn.com/imgextra/i2/2931357948/O1CN01fokFRO28aEaUMEZHW_!!2931357948.jpg,喜得佳 潮汕正宗纯手打牛肉牛筋丸潮州特产子火锅食材汕头手工2斤,	538303600504,,118,118,399,399,29.57%,0,9998154,0,101,3878,0.13%,11918,0.21%,457604,974,203,0,,,热卖促销|淘金币抵3%,不支持7天无理由|蚂蚁花呗|信用卡支付|集分宝,水产肉类/新鲜蔬果/熟食,生肉/肉制品,牛丸/肉串,,,2021-06-04,20:34:52,6天23时25分31秒,五,http://item.taobao.com/item.htm?id=538303600504,https://kandianbao.com/item/538303600504/,非常多汁(2);没破损(2);很有嚼劲(7);真材实料(2);价格很便宜(4);包装漏气(3)
98,https://img.alicdn.com/imgextra/i1/2931357948/O1CN01m3Iqtu28aEW2xxlC5_!!2931357948.jpg,喜得佳低脂火腿片三明治切片早餐手抓饼哥本哈根食材加热即食汉堡,	557852985329,,69.8,69.8,138,138,50.58%,0,158894,0,102,10095,0.13%,7119.599999999999,0.13%,704631,6050,702,0,,,热卖促销,7天无理由|蚂蚁花呗|信用卡支付|集分宝,粮油调味/速食/干货/烘焙,南北干货/肉类干货,火腿,,,2021-06-02,11:12:37,4天14时3分16秒,三,http://item.taobao.com/item.htm?id=557852985329,https://kandianbao.com/item/557852985329/,很好吃(3)
99,https://img.alicdn.com/imgextra/i3/2931357948/O1CN01G4NM4P28aEXgB6taH_!!2931357948.jpg,喜得佳 火山石地道肠3斤 纯肉脆皮烤肠台湾风味热狗香肠火锅食材,	560622866635,,79.8,79.8,239,239,33.39%,0,225238,0,110,38734,0.14%,8778,0.16%,3090973.1999999997,17920,1305,0,,,热卖促销,7天无理由|蚂蚁花呗|信用卡支付|集分宝,粮油调味/速食/干货/烘焙,南北干货/肉类干货,香肠/腊肠,,,2021-06-02,14:41:13,4天17时31分52秒,三,http://item.taobao.com/item.htm?id=560622866635,https://kandianbao.com/item/560622866635/,客服比较清楚(2);儿子很喜欢(5);很好吃(21);多次回购(3);价格很实惠(2);味道怪怪的(5)
100,https://img.alicdn.com/imgextra/i3/2931357948/O1CN01ReEQ8428aEbwqgJzm_!!2931357948.jpg,喜得佳潮汕牛肉丸牛筋丸子6斤特产正宗手打潮州特产火锅烧烤食材,	625170064423,,158,158,388,388,40.72%,0,98740,0,119,1187,0.15%,18802,0.33%,187546,478,206,0,,,预售价,不支持7天无理由|蚂蚁花呗|信用卡支付|集分宝,水产肉类/新鲜蔬果/熟食,生肉/肉制品,牛丸/肉串,,,2021-05-31,19:27:36,2天22时18分15秒,一,http://item.taobao.com/item.htm?id=625170064423,https://kandianbao.com/item/625170064423/,口感非常好(8);物流很快(2);包装很好(3);质量不错(2)
101,https://img.alicdn.com/imgextra/i2/2931357948/O1CN01zvS5CD28aEYo7tIHf_!!2931357948.jpg,喜得佳 正宗潮汕手打墨鱼丸2斤 手工花枝丸火锅食材Q弹鱼丸子冷冻,	564710449676,,69.8,69.8,249,249,28.03%,0,1257979,0,126,18023,0.16%,8794.8,0.16%,1258005.4,3820,1772,0,,,热卖促销,不支持7天无理由|蚂蚁花呗|信用卡支付|集分宝,水产肉类/新鲜蔬果/熟食,海鲜/水产品/制品,墨鱼丸/花枝丸,,,2021-05-31,23:19:45,3天2时10分24秒,一,http://item.taobao.com/item.htm?id=564710449676,https://kandianbao.com/item/564710449676/,真材实料(3);口感非常好(19);有劲道(3);日期新鲜(2);实惠(5);不好吃(3)
102,https://img.alicdn.com/imgextra/i3/2931357948/O1CN01aQ7WSG28aEaEa0E3S_!!2931357948.jpg,喜得佳金装潮汕牛肉丸 正宗潮州手工手打牛肉丸250g特产火锅食材,	618674187912,,39.8,39.8,259,259,15.37%,0,1991131,10,128,8522,0.16%,5094.4,0.09%,339175.6,766,290,0,,,热卖促销|淘金币抵3%,不支持7天无理由|蚂蚁花呗|信用卡支付|集分宝,水产肉类/新鲜蔬果/熟食,生肉/肉制品,牛丸/肉串,,,2021-06-02,21:18:13,5天8分52秒,三,http://item.taobao.com/item.htm?id=618674187912,https://kandianbao.com/item/618674187912/,很好吃(6);客服态度很好(2);还要回购(2);不好吃(2)
103,https://img.alicdn.com/imgextra/i1/2931357948/O1CN01evQkA628aEbyMB31X_!!2931357948-0-lubanu-s.jpg,喜得佳脆皮芝士肠1000g亲亲肠仔火锅食材711波波肠夹心小香肠冷冻,	537657152424,,69.8,69.8,168,168,41.55%,0,753569,0,137,21628,0.17%,9562.6,0.17%,1509634.4,5370,627,0,,,热卖促销,7天无理由|蚂蚁花呗|信用卡支付|集分宝,粮油调味/速食/干货/烘焙,南北干货/肉类干货,香肠/腊肠,,,2021-05-29,17:08:56,19时59分35秒,六,http://item.taobao.com/item.htm?id=537657152424,https://kandianbao.com/item/537657152424/,很好吃(9);小孩子挺喜欢(2)
104,https://img.alicdn.com/imgextra/i4/2931357948/O1CN01spIlk628aEbuCOLT5_!!2931357948.jpg,喜得佳潮汕牛肉牛筋丸子3斤特产正宗手打潮州关东煮火锅烧烤食材,	543255436470,,98,98,399,399,24.56%,0,9996646,0,137,20043,0.17%,13426,0.24%,1964214,3340,642,0,,,预售价,不支持7天无理由|蚂蚁花呗|信用卡支付|集分宝,水产肉类/新鲜蔬果/熟食,生肉/肉制品,牛丸/肉串,,,2021-06-04,20:25:59,6天23时16分38秒,五,http://item.taobao.com/item.htm?id=543255436470,https://kandianbao.com/item/543255436470/,不良商家(3);回购几次(2);真材实料(4);很好吃(30);量足(3);味道有点太咸(3)
105,https://img.alicdn.com/imgextra/i2/2931357948/O1CN011h2oQg28aEXhaSy2H_!!2931357948.jpg,喜得佳 火山石黑椒地道肠3斤正宗台湾纯肉热狗香肠腊肠黑胡椒烤肠,	569560870288,,79.8,79.8,239,239,33.39%,0,321609,0,148,23279,0.18%,11810.4,0.21%,1857664.2,10224,2954,0,,,热卖促销,7天无理由|蚂蚁花呗|信用卡支付|集分宝,粮油调味/速食/干货/烘焙,南北干货/肉类干货,香肠/腊肠,,,2021-06-02,15:44:12,4天18时34分51秒,三,http://item.taobao.com/item.htm?id=569560870288,https://kandianbao.com/item/569560870288/,客服好评(3);儿子很喜欢(4);质量好(2);很好吃(36);回购很多次(4);不会再买(5)
106,https://img.alicdn.com/imgextra/i4/2931357948/O1CN01OzAdRn28aEbzsPlAk_!!2931357948.jpg,喜得佳 潮汕4大名丸正宗手打牛肉丸鱼丸潮州火锅食材套餐各种丸子,	536487339169,,59.8,59.8,239,239,25.02%,0,32812,0,164,36789,0.20%,9807.199999999999,0.17%,2199982.1999999997,8688,2348,0,,,预售价,不支持7天无理由|蚂蚁花呗|信用卡支付|集分宝,水产肉类/新鲜蔬果/熟食,生肉/肉制品,牛丸/肉串,,,2021-06-01,01:44:40,3天4时35分19秒,二,http://item.taobao.com/item.htm?id=536487339169,https://kandianbao.com/item/536487339169/,很有嚼劲(4);很好吃(40);回购很多次(5);日期新鲜(2);性价比高(11);不会回购(2)
107,https://img.alicdn.com/imgextra/i4/2931357948/O1CN01BulCbC28aEZp0Biyv_!!2931357948.jpg,满49元+19.9元换购鱼籽福袋200g 鱼子丸火锅菜品关东煮麻辣烫食材,	633717536526,,19.9,19.9,19.90,19.90,100.00%,0,47213,12,177,2611,0.22%,3522.2999999999997,0.06%,51958.899999999994,306,362,0,,,淘金币抵3%,7天无理由|蚂蚁花呗|信用卡支付|集分宝,水产肉类/新鲜蔬果/熟食,海鲜/水产品/制品,鱼丸/鱼滑,,,2021-06-01,10:59:38,3天13时50分17秒,二,http://item.taobao.com/item.htm?id=633717536526,https://kandianbao.com/item/633717536526/,回购多少次(4);很好吃(19);有劲道(2);小孩子挺喜欢(2);包装很好(4);不会再买(2)
108,https://img.alicdn.com/imgextra/i2/2931357948/O1CN01DPwo2n28aEaeySqBb_!!2931357948-0-lubanu-s.jpg,满49元+19.9元换购潮汕虾丸200g 鲜虾球潮汕手工鱼丸火锅食材,	638465247760,,19.9,19.9,19.90,19.90,100.00%,0,16,0,234,952,0.29%,4656.599999999999,0.08%,18944.8,162,139,0,,,淘金币抵3%,7天无理由|蚂蚁花呗|信用卡支付|集分宝,水产肉类/新鲜蔬果/熟食,海鲜/水产品/制品,鱼丸/鱼滑,,,2021-05-28,19:35:14,1时34分54秒,五,http://item.taobao.com/item.htm?id=638465247760,https://kandianbao.com/item/638465247760/,很好吃(10)
109,https://img.alicdn.com/imgextra/i1/2931357948/O1CN01Azh3KV28aEW2f2z8i_!!2931357948.jpg,喜得佳 正宗潮汕牛筋丸250g 潮州特产手打牛肉丸子烧烤火锅食材,	535910174822,,52.8,52.8,69,69,76.52%,0,55604,0,250,32352,0.31%,13200,0.23%,1708185.5999999999,2838,2372,0,,,热卖促销,不支持7天无理由|蚂蚁花呗|信用卡支付|集分宝,水产肉类/新鲜蔬果/熟食,生肉/肉制品,牛丸/肉串,,,2021-06-02,11:10:12,4天14时0分51秒,三,http://item.taobao.com/item.htm?id=535910174822,https://kandianbao.com/item/535910174822/,又来回购(2);很好吃(21);日期新鲜(2);性价比高(2);包装很好(3);不好吃(4)
110,https://img.alicdn.com/imgextra/i1/2931357948/O1CN01GL9e4928aEW5AWYzU_!!2931357948.jpg,正宗潮汕牛肉丸250克新鲜手打潮州牛肉丸火锅丸子关东煮烧烤食材,	598829323341,,52.8,52.8,69,69,76.52%,0,186137,0,253,20523,0.31%,13358.4,0.24%,1083614.4,1530,2194,0,,,热卖促销,不支持7天无理由|蚂蚁花呗|信用卡支付|集分宝,水产肉类/新鲜蔬果/熟食,生肉/肉制品,牛丸/肉串,,,2021-06-02,11:04:04,4天13时54分43秒,三,http://item.taobao.com/item.htm?id=598829323341,https://kandianbao.com/item/598829323341/,日期还可以(3);经常买(3);很好吃(17);物流很快(6);包装很好(2);快递不通知(3)
111,https://img.alicdn.com/imgextra/i4/2931357948/O1CN01LpRYwT28aEW4yX2xq_!!2931357948.jpg,喜得佳 正宗潮汕牛肉丸手打墨鱼丸2斤 潮州手工丸子火锅食材特产,	544518110255,,69.8,69.8,239,239,29.21%,0,720058,0,294,9209,0.37%,20521.2,0.36%,642788.2,942,772,0,,,热卖促销|淘金币抵3%,不支持7天无理由|蚂蚁花呗|信用卡支付|集分宝,水产肉类/新鲜蔬果/熟食,生肉/肉制品,牛丸/肉串,,,2021-06-01,10:58:37,3天13时49分16秒,二,http://item.taobao.com/item.htm?id=544518110255,https://kandianbao.com/item/544518110255/,很好吃(9);多次回购(3);包装很好(3);不好吃(2)
112,https://img.alicdn.com/imgextra/i4/2931357948/O1CN01JatZWP28aEZrIewQ3_!!2931357948.jpg,满49元+12.9元换购虾滑肠200g 虾仁火锅菜品关东煮麻辣烫烧烤食材,	634972851590,,12.9,12.9,12.90,12.90,100.00%,0,9010,12,364,3371,0.45%,4695.6,0.08%,43485.9,300,481,0,,,淘金币抵3%,不支持7天无理由|蚂蚁花呗|信用卡支付|集分宝,水产肉类/新鲜蔬果/熟食,海鲜/水产品/制品,虾类制品,,,2021-06-01,15:49:25,3天18时40分4秒,二,http://item.taobao.com/item.htm?id=634972851590,https://kandianbao.com/item/634972851590/,便宜(7);儿子很喜欢(4);口感非常好(28);质量好(3);有劲道(2);不好吃(7)
113,https://img.alicdn.com/imgextra/i2/2931357948/O1CN01LiiGGD28aEaHyHMUb_!!2931357948-0-lubanu-s.jpg,满49元+9.9元换购黄金鱼蛋250g 咖喱港式711鱼丸火锅菜品食材,	636125538792,,9.9,9.9,9.90,9.90,100.00%,0,193401,12,384,6051,0.48%,3801.6000000000004,0.07%,59904.9,422,754,0,,,淘金币抵3%,7天无理由|蚂蚁花呗|信用卡支付|集分宝,水产肉类/新鲜蔬果/熟食,海鲜/水产品/制品,鱼丸/鱼滑,,,2021-06-03,23:38:06,6天2时28分45秒,四,http://item.taobao.com/item.htm?id=636125538792,https://kandianbao.com/item/636125538792/,二次回购(10);儿子很喜欢(4);质量好(3);很多汁(2);很好吃(45);质量差(2)
114,https://img.alicdn.com/imgextra/i1/2931357948/O1CN01HqtWJq28aEWwkhsdd_!!2931357948.jpg,喜得佳 爆浆车打芝士肠2斤 德式香肠爆汁脆皮肠热狗火锅食材冷冻,	560213843492,,69.8,69.8,159,159,43.90%,0,232634,0,419,29971,0.52%,29246.199999999997,0.52%,2091975.7999999998,12282,1743,0,,,热卖促销,7天无理由|蚂蚁花呗|信用卡支付|集分宝,粮油调味/速食/干货/烘焙,南北干货/肉类干货,香肠/腊肠,,,2021-06-04,15:05:28,6天17时56分7秒,五,http://item.taobao.com/item.htm?id=560213843492,https://kandianbao.com/item/560213843492/,很硬(2);第二次回购(9);很好吃(38);日期新鲜(3);包装很好(7);不好吃(4)
115,https://img.alicdn.com/imgextra/i3/2931357948/O1CN01qHGspz28aEXamzk6F_!!2931357948.jpg,喜得佳 烟熏鸭胸肉800g冷冻鸭脯肉加热即食鸭肉熟食 健身沙拉食材,	535947245826,,59.8,59.8,149,149,40.13%,0,1339718,0,897,42166,1.12%,53640.6,0.95%,2521526.8,10694,2162,0,,,热卖促销,不支持7天无理由|蚂蚁花呗|信用卡支付|集分宝,水产肉类/新鲜蔬果/熟食,生肉/肉制品,鸭肉,,,2021-06-02,11:04:02,4天13时54分41秒,三,http://item.taobao.com/item.htm?id=535947245826,https://kandianbao.com/item/535947245826/,店家很快处理(3);便宜(7);质量好(4);很好吃(46);小孩子挺喜欢(2);不好吃(5)
116,https://img.alicdn.com/imgextra/i3/2931357948/O1CN0139A84k28aEb2pHGHC_!!2931357948-0-lubanu-s.jpg,喜得佳培根片600g供港家用早餐生酮肉片商用手抓饼原切三明治材料,	535912062946,,49.8,79.9,138,138,57.90%,3,897829,0,912,198769,1.14%,56398.08,1.00%,12291874.96,56530,14461,0,,,热卖促销,7天无理由|蚂蚁花呗|信用卡支付|集分宝,粮油调味/速食/干货/烘焙,南北干货/肉类干货,培根,,,2021-06-03,10:58:16,5天13时48分55秒,四,http://item.taobao.com/item.htm?id=535912062946,https://kandianbao.com/item/535912062946/,份量很足(6);很好吃(144);冰袋没化(3);有劲道(3);炒菜很赞(6);客服跟傻一样(2)
117,https://img.alicdn.com/imgextra/i1/2931357948/O1CN017ajhd528aEZ3dVfW3_!!2931357948-0-lubanu-s.jpg,【百亿补贴】喜得佳 正宗潮汕牛肉丸手打牛筋丸3斤火锅食材丸子,	577283226725,,118,118,299,299,39.46%,0,718339,0,3116,70147,3.88%,367688,6.53%,8277346,22252,8628,0,,,热卖促销,不支持7天无理由|蚂蚁花呗|信用卡支付|集分宝,水产肉类/新鲜蔬果/熟食,生肉/肉制品,牛丸/肉串,,,2021-06-02,11:04:01,4天13时54分40秒,三,http://item.taobao.com/item.htm?id=577283226725,https://kandianbao.com/item/577283226725/,正品(12);一致(2);份量很足(49);很大个(14);很好吃(794);假的(4)
118,https://img.alicdn.com/imgextra/i2/2931357948/O1CN01yEBFpL28aEaG16wnZ_!!2931357948.jpg,喜得佳低脂火腿片600g三明治切片三文治肠午餐肉食材哥本哈根材料,	594580449161,,49.8,89.8,258,258,34.81%,3,298668,0,11376,83604,14.16%,748540.8000000002,13.28%,5501143.200000001,18572,10623,0,,,火爆促销,7天无理由|蚂蚁花呗|信用卡支付|集分宝,粮油调味/速食/干货/烘焙,南北干货/肉类干货,火腿,,,2021-06-02,11:05:27,4天13时56分6秒,三,http://item.taobao.com/item.htm?id=594580449161,https://kandianbao.com/item/594580449161/,干净卫生(7);热量低(4);没破损(4);质量好(21);很有营养(4);日期这么老(4)
119,https://img.alicdn.com/imgextra/i3/2931357948/O1CN01WAKGgk28aEbu4ttNA_!!2931357948.jpg,喜得佳 正宗潮汕牛肉丸手打牛筋丸2斤潮州特产火锅食材组合装丸子,	535982604453,,69.8,69.8,259,259,26.95%,0,799,0,57938,1455503,72.13%,4044072.4,71.77%,101594109.39999999,237098,108202,19,,,热卖促销,不支持7天无理由|蚂蚁花呗|信用卡支付|集分宝,水产肉类/新鲜蔬果/熟食,生肉/肉制品,牛丸/肉串,,,2021-06-03,11:59:13,5天14时49分52秒,四,http://item.taobao.com/item.htm?id=535982604453,https://kandianbao.com/item/535982604453/,甜味太特别(3);挺硬的(19);上档次(5);效果好(2);脆脆的(64);优惠欠了一些(2)
,,,,,,,,,,,,,30天销量总计,,,30天销售额总计,,,收藏数总计,,分享量总计,,,,,,,,,,,,,,,,
,,,,,,,,,,,,,80329,,,5634582.759999999,,,526562,,23,,,,,,,,,,,,,,,,
序号,主图,标题,宝贝id,货号,销售价最低,销售价最高,原价最低,原价最高,折扣率,sku数量,库存,邮费,30天销量,总销量,占全店销量比例,30天销售额,占全店销售额比例,总销售额,收藏数,评价数,PC总分享量,宝贝促销,店铺促销,活动促销,服务保证,一级类目,二级类目,三级类目,宝贝创建时间,宝贝创建时长,下架日期,下架时间,天数,星期,宝贝地址,分析地址,评价标签
数据下载时间：2021-05-28 21:09:24 功能：看店宝【kandianbao.com】全店宝贝 相关查询网址：https://kandianbao.com/dian/喜得佳旗舰店,,,,,,,,,,,,,,,,,,,,,,,,,,,,,,,,,,,,,