数据下载时间：2021-05-25 11:08:56 功能：看店宝【kandianbao.com】全店宝贝 相关查询网址：https://kandianbao.com/dian/自嗨锅旗舰店,,,,,,,,,,,,,,,,,,,,,,,,,,,,,,,,,,,,,
序号,主图,标题,宝贝id,货号,销售价最低,销售价最高,原价最低,原价最高,折扣率,sku数量,库存,邮费,30天销量,总销量,占全店销量比例,30天销售额,占全店销售额比例,总销售额,收藏数,评价数,PC总分享量,宝贝促销,店铺促销,活动促销,服务保证,一级类目,二级类目,三级类目,宝贝创建时间,宝贝创建时长,下架日期,下架时间,天数,星期,宝贝地址,分析地址,评价标签
1,https://img.alicdn.com/imgextra/i2/3874929428/O1CN01AD9zEo2JW4ld00M8K_!!3874929428.jpg,自嗨锅饿了就囤自嗨锅-饭卡 10次卡,	637996619467,,450.0,850.0,450.0,850.0,100.00%,2,340,0,7,60,0.00%,4270,0.02%,36600,16,5,0,,,,7天无理由|运费险|蚂蚁花呗|信用卡支付|集分宝,兑换卡,粮油米面/干货/调味品兑换卡,方便速食兑换卡,,,2021-05-27,15:30:13,2天4时21分22秒,四,http://item.taobao.com/item.htm?id=637996619467,https://kandianbao.com/item/637996619467/, 
2,https://img.alicdn.com/imgextra/i1/3874929428/O1CN010gzLvD2JW4mpMBPgL_!!3874929428-0-lubanu-s.jpg,自嗨锅自热鲜肉糯米粽桂花甜粽子户外出游端午送礼CHALI联名礼盒,	644382817763,,119.0,119.0,178.9,178.9,66.52%,1,550,7,11,13,0.00%,1309,0.01%,1547,36,0,0,,,上新特惠,7天无理由|运费险|蚂蚁花呗|信用卡支付|集分宝,粮油调味/速食/干货/烘焙,方便速食/速冻食品,粽子,,,2021-05-21,21:56:02,3天13时12分12秒,五,http://item.taobao.com/item.htm?id=644382817763,https://kandianbao.com/item/644382817763/, 
3,https://img.alicdn.com/imgextra/i2/3874929428/O1CN0147jkGC2JW4mmx4Ap5_!!3874929428-0-lubanu-s.jpg,自嗨锅麻辣香锅卤味螺蛳粉牛肉酸辣米粉米线3桶速食自热火锅组合,	625695603053,,49.9,79.9,74.9,119.9,66.64%,8,3786,7,12,20781,0.00%,742.8000000000001,0.00%,1286343.9000000001,1890,2861,0,,,活动促销,7天无理由|运费险|蚂蚁花呗|信用卡支付|集分宝,粮油调味/速食/干货/烘焙,方便速食/速冻食品,即食火锅,,,2021-05-31,17:48:04,6天6时39分13秒,一,http://item.taobao.com/item.htm?id=625695603053,https://kandianbao.com/item/625695603053/,第二次回购(45);很大个(2);量大(8);质量好(7);可以新鲜度(5);物流卡着不动(4)
4,https://img.alicdn.com/imgextra/i3/3874929428/O1CN01zjO4PJ2JW4ldJL5Rz_!!3874929428-0-lubanu-s.jpg,【自嗨锅】夜宵自热锅组合量贩装自热速食网红自热火锅,	636393710574,,99.9,99.9,199,199,50.20%,1,97,0,22,178,0.00%,2197.8,0.01%,17782.2,96,18,0,,,活动促销,7天无理由|运费险|蚂蚁花呗|信用卡支付|集分宝,粮油调味/速食/干货/烘焙,方便速食/速冻食品,方便米饭,,,2021-05-27,15:13:53,2天4时5分2秒,四,http://item.taobao.com/item.htm?id=636393710574,https://kandianbao.com/item/636393710574/, 
5,https://img.alicdn.com/imgextra/i2/3874929428/O1CN01clG1Kg2JW4mk7SYyn_!!3874929428-0-lubanu-s.jpg,自嗨锅正宗有料螺蛳粉广西特产方便面速食即食米线螺丝粉,	640679495958,,39.9,39.9,59.9,59.9,66.61%,1,1493,0,33,162,0.01%,1316.7,0.01%,6463.8,40,23,0,,,活动促销,7天无理由|运费险|蚂蚁花呗|信用卡支付|集分宝,粮油调味/速食/干货/烘焙,方便速食/速冻食品,方便粉丝/米线/螺蛳粉,,,2021-05-31,18:27:25,6天7时18分34秒,一,http://item.taobao.com/item.htm?id=640679495958,https://kandianbao.com/item/640679495958/, 
6,https://img.alicdn.com/imgextra/i3/3874929428/O1CN01or0ua52JW4mxXaWjv_!!3874929428.jpg,自嗨锅食来运转礼盒网红爆款速食懒人自热米饭即食自热火锅煲仔饭,	639973054424,,69.8,69.8,104.9,104.9,66.54%,1,986,0,44,204,0.01%,3071.2,0.02%,14239.199999999999,82,28,0,,,聚划算,7天无理由|运费险|蚂蚁花呗|信用卡支付|集分宝,粮油调味/速食/干货/烘焙,方便速食/速冻食品,即食火锅,,,2021-05-27,12:01:57,2天53分6秒,四,http://item.taobao.com/item.htm?id=639973054424,https://kandianbao.com/item/639973054424/, 
7,https://img.alicdn.com/imgextra/i3/3874929428/O1CN01nojfPO2JW4lYogWLV_!!3874929428-0-lubanu-s.jpg,自嗨锅懒人速食自热火锅3桶装速食网红自热火锅懒人方便火锅,	632288253344,,99.9,99.9,199,199,50.20%,1,69,7,45,178,0.01%,4495.5,0.02%,17782.2,78,23,0,,,活动促销,7天无理由|运费险|蚂蚁花呗|信用卡支付|集分宝,粮油调味/速食/干货/烘焙,方便速食/速冻食品,即食火锅,,,2021-05-27,15:14:12,2天4时5分21秒,四,http://item.taobao.com/item.htm?id=632288253344,https://kandianbao.com/item/632288253344/, 
8,https://img.alicdn.com/imgextra/i1/3874929428/O1CN01mz4dhR2JW4mpEihZG_!!3874929428-0-lubanu-s.jpg,自嗨锅菌菇牛肉煲仔饭,	632756022463,,16.8,16.8,25.9,25.9,64.86%,1,109967,0,46,3519,0.01%,772.8000000000001,0.00%,59119.200000000004,1136,721,0,,,专属优惠,7天无理由|运费险|蚂蚁花呗|信用卡支付|集分宝,粮油调味/速食/干货/烘焙,方便速食/速冻食品,方便米饭,,,2021-05-26,17:31:35,1天6时22分44秒,三,http://item.taobao.com/item.htm?id=632756022463,https://kandianbao.com/item/632756022463/,真的超级实惠(3);很好吃(70);份量很足(9);包装很好(13);还会来(6);份量一般般(2)
9,https://img.alicdn.com/imgextra/i1/3874929428/O1CN01N4zabQ2JW4muoGZl9_!!3874929428-0-lubanu-s.jpg,【618预售】自嗨锅麻辣牛肉香锅量贩装韩式拌饭速食方便自热火锅,	626304136807,,10.0,10.0,185.9,185.9,5.38%,1,3036,0,47,114128,0.01%,470,0.00%,1141280,9072,24035,0,,,预售价,7天无理由|运费险|蚂蚁花呗|信用卡支付|集分宝,粮油调味/速食/干货/烘焙,方便速食/速冻食品,即食火锅,,,2021-05-28,19:23:04,3天8时14分13秒,五,http://item.taobao.com/item.htm?id=626304136807,https://kandianbao.com/item/626304136807/,营养超级好吃(3);一致(2);卫生(7);没破损(3);料很绝(6);有几块肥肉(2)
10,https://img.alicdn.com/imgextra/i4/3874929428/O1CN01g8IlpK2JW4lZx5bez_!!3874929428-0-lubanu-s.jpg,自嗨锅网红自热火锅自热米饭方便速食即食自热火锅自嗨官网旗舰店,	618657193603,,99.9,99.9,168,168,59.46%,1,43,7,66,137323,0.01%,6593.400000000001,0.04%,13718567.700000001,9132,29492,0,,,专属优惠,7天无理由|运费险|蚂蚁花呗|信用卡支付|集分宝,粮油调味/速食/干货/烘焙,方便速食/速冻食品,方便米饭,,,2021-05-27,15:15:23,2天4时6分32秒,四,http://item.taobao.com/item.htm?id=618657193603,https://kandianbao.com/item/618657193603/,品牌不用怀疑(4);有点油(6);很好吃(1397);份量很足(23);懒人必备(6);坏的(7)
11,https://img.alicdn.com/imgextra/i3/3874929428/O1CN01Y89Ixg2JW4mtaAZCj_!!3874929428-0-lubanu-s.jpg,【618预售】自嗨锅夜宵小火锅10桶量贩装麻辣烫花甲粉方便速食,	626295523971,,20.0,20.0,209.9,209.9,9.53%,1,4920,0,94,3482,0.02%,1880,0.01%,69640,3664,673,0,,,预售价,7天无理由|运费险|蚂蚁花呗|信用卡支付|集分宝,粮油调味/速食/干货/烘焙,方便速食/速冻食品,即食火锅,,,2021-05-29,11:56:57,4天48分6秒,六,http://item.taobao.com/item.htm?id=626295523971,https://kandianbao.com/item/626295523971/,不错客服(3);量大(4);会回购(4);超级好吃(39);送货上门很快(4);不喜欢吃(4)
12,https://img.alicdn.com/imgextra/i2/3874929428/O1CN01WglIvK2JW4moXn0w8_!!3874929428-0-lubanu-s.jpg,【自嗨锅】毛血旺夜宵锅煲仔饭组合网红方便速食自热米饭小火锅,	621126463661,,99.9,99.9,159.9,159.9,62.48%,1,2953,7,117,34488,0.02%,11688.300000000001,0.06%,3445351.2,3286,6582,0,,,专属优惠,7天无理由|运费险|蚂蚁花呗|信用卡支付|集分宝,粮油调味/速食/干货/烘焙,方便速食/速冻食品,即食火锅,,,2021-05-24,11:21:51,23时46分1秒,一,http://item.taobao.com/item.htm?id=621126463661,https://kandianbao.com/item/621126463661/,料包很多(3);份量很足(12);儿子很喜欢(24);质量好(15);品质很好(6);不会再买(13)
13,https://img.alicdn.com/imgextra/i3/3874929428/O1CN01JY6YvI2JW4mzhhS9b_!!3874929428.jpg,【618预售】自嗨锅10桶装自热煲仔饭方便网红懒人宿舍户外速食,	592780167486,,20.0,20.0,239.9,239.9,8.34%,1,4907,0,120,158222,0.02%,2400,0.01%,3164440,22160,44773,0,,,预售价,7天无理由|运费险|蚂蚁花呗|信用卡支付|集分宝,粮油调味/速食/干货/烘焙,方便速食/速冻食品,方便米饭,,,2021-05-29,11:50:44,4天41分53秒,六,http://item.taobao.com/item.htm?id=592780167486,https://kandianbao.com/item/592780167486/,赠品送得多(3);爸爸挺喜欢(4);甜辣比较好(6);很好吃(597);料很绝(9);包装仍了(12)
14,https://img.alicdn.com/imgextra/i2/3874929428/O1CN011l5zT02JW4mxXdPru_!!3874929428.jpg,自嗨锅自热米饭火锅组合装自热速食网红自热火锅夜宵方便小火锅,	633809624707,,59.9,59.9,89.9,89.9,66.63%,3,8965,0,131,6249,0.02%,7846.9,0.04%,374315.1,958,900,0,,,聚划算,7天无理由|运费险|蚂蚁花呗|信用卡支付|集分宝,粮油调味/速食/干货/烘焙,方便速食/速冻食品,即食火锅,,,2021-05-22,23:40:51,2天11时27分1秒,六,http://item.taobao.com/item.htm?id=633809624707,https://kandianbao.com/item/633809624707/,懒人福利(3);卫生(2);很好吃(61);会回购(8);很新鲜(2);不好吃(12)
15,https://img.alicdn.com/imgextra/i4/3874929428/O1CN01tz98872JW4mm7L967_!!3874929428-0-lubanu-s.jpg,自嗨锅自嗨粽自热鲜肉粽甜粽子新鲜糯米端午户外出游送礼特产官方,	643808422270,,21.8,21.8,32.9,32.9,66.26%,2,3054,7,139,140,0.02%,3030.2000000000003,0.02%,3052,104,19,0,,,上新特惠,7天无理由|运费险|蚂蚁花呗|信用卡支付|集分宝,粮油调味/速食/干货/烘焙,方便速食/速冻食品,粽子,,,2021-05-27,22:13:36,2天11时4分45秒,四,http://item.taobao.com/item.htm?id=643808422270,https://kandianbao.com/item/643808422270/, 
16,https://img.alicdn.com/imgextra/i3/3874929428/O1CN01nTluJJ2JW4mnweZPq_!!3874929428-0-lubanu-s.jpg,自嗨锅有料螺蛳粉广西特产米粉方便面速食米线螺丝粉,	640007961289,,15.8,15.8,23.9,23.9,66.11%,1,4959,7,146,398,0.02%,2306.8,0.01%,6288.400000000001,84,55,0,,,活动促销,7天无理由|运费险|蚂蚁花呗|信用卡支付|集分宝,粮油调味/速食/干货/烘焙,方便速食/速冻食品,方便粉丝/米线/螺蛳粉,,,2021-05-31,18:38:21,6天7时29分30秒,一,http://item.taobao.com/item.htm?id=640007961289,https://kandianbao.com/item/640007961289/, 
17,https://img.alicdn.com/imgextra/i1/3874929428/O1CN016FglMj2JW4mM9uCJT_!!3874929428-0-lubanu-s.jpg,自嗨锅暖春出游季樱花礼盒即食速食方便品面懒人夜宵红唇香锅,	642468717656,,69.9,69.9,109.9,109.9,63.60%,1,693,7,163,261,0.03%,11393.7,0.06%,18243.9,316,44,0,,,活动促销,7天无理由|运费险|蚂蚁花呗|信用卡支付|集分宝,粮油调味/速食/干货/烘焙,方便速食/速冻食品,即食火锅,,,2021-05-30,00:42:44,4天13时33分53秒,日,http://item.taobao.com/item.htm?id=642468717656,https://kandianbao.com/item/642468717656/, 
18,https://img.alicdn.com/imgextra/i4/3874929428/O1CN01munLL52JW4mxOMwnu_!!3874929428-0-lubanu-s.jpg,自嗨锅菌菇牛肉煲仔饭,	595873712039,,16.8,16.8,25.9,25.9,64.86%,1,899,0,165,71870,0.03%,2772,0.02%,1207416,14986,13389,0,,,活动促销,7天无理由|运费险|蚂蚁花呗|信用卡支付|集分宝,粮油调味/速食/干货/烘焙,方便速食/速冻食品,方便米饭,,,2021-05-26,18:04:12,1天6时55分21秒,三,http://item.taobao.com/item.htm?id=595873712039,https://kandianbao.com/item/595873712039/,长期回购(3);价格很便宜(2);很好吃(15);物流很快(2);很方便(4);很难吃(6)
19,https://img.alicdn.com/imgextra/i4/3874929428/O1CN01mTz6i42JW4mtm5iay_!!3874929428-0-lubanu-s.jpg,自嗨锅3桶回锅肉煲仔饭方便懒人自热米饭食品速食宿舍网红量贩装,	638735218584,,49.9,49.9,74.9,74.9,66.62%,1,9784,0,191,17732,0.03%,9530.9,0.05%,884826.7999999999,1338,3330,0,,,活动促销,7天无理由|运费险|蚂蚁花呗|信用卡支付|集分宝,粮油调味/速食/干货/烘焙,方便速食/速冻食品,方便米饭,,,2021-05-28,15:38:33,3天4时29分42秒,五,http://item.taobao.com/item.htm?id=638735218584,https://kandianbao.com/item/638735218584/,便宜(30);很好吃(226);料很绝(3);会回购(27);生产期挺新(2);质量差(2)
20,https://img.alicdn.com/imgextra/i4/3874929428/O1CN01zBZpl42JW4mBEyTz2_!!3874929428-0-lubanu-s.jpg,自嗨锅赘婿同款麻辣肥牛小火锅自热锅懒人速食方便火锅即食火锅,	570764914371,,35.8,35.8,62.9,62.9,56.92%,3,5419,0,200,339149,0.03%,7159.999999999999,0.04%,12141534.2,109778,57675,0,,,活动促销,7天无理由|运费险|蚂蚁花呗|信用卡支付|集分宝,粮油调味/速食/干货/烘焙,方便速食/速冻食品,即食火锅,,,2021-05-26,13:37:47,1天2时28分56秒,三,http://item.taobao.com/item.htm?id=570764914371,https://kandianbao.com/item/570764914371/,特别辣(5);日期好(2);料很绝(4);无限回购(15);质量好(4);日期不好吃(4)
21,https://img.alicdn.com/imgextra/i2/3874929428/O1CN01X57KD42JW4mrsoJ5Z_!!3874929428-0-lubanu-s.jpg,自嗨锅自热煲仔饭4桶组合装方便速食网红懒人食品早餐即食自热饭,	566608068018,,59.9,59.9,59.9,59.9,100.00%,1,9923,0,203,28148,0.03%,12159.699999999999,0.07%,1686065.2,9050,2400,0,,,,7天无理由|运费险|蚂蚁花呗|信用卡支付|集分宝,粮油调味/速食/干货/烘焙,方便速食/速冻食品,方便米饭,,,2021-05-31,21:00:00,6天9时51分9秒,一,http://item.taobao.com/item.htm?id=566608068018,https://kandianbao.com/item/566608068018/,辣味很足(2);口感非常好(21);多次回购(4);包装高大上(2);质量好(2);不好吃(8)
22,https://img.alicdn.com/imgextra/i1/3874929428/O1CN01MX6zbY2JW4myfK31s_!!3874929428-0-lubanu-s.jpg,自嗨锅自热火锅米线米粉火锅6桶懒人速食网红小火锅官网旗舰店,	624072491981,,20.0,20.0,299,299,6.69%,1,97,0,207,227578,0.03%,4140,0.02%,4551560,14942,44547,0,,,预售价,7天无理由|运费险|蚂蚁花呗|信用卡支付|集分宝,粮油调味/速食/干货/烘焙,方便速食/速冻食品,即食火锅,,,2021-05-31,14:16:21,6天3时7分30秒,一,http://item.taobao.com/item.htm?id=624072491981,https://kandianbao.com/item/624072491981/,礼包超级大(2);日期新(13);正品(30);第二次回购(164);很大个(19);孩子一点不爱(3)
23,https://img.alicdn.com/imgextra/i2/3874929428/O1CN01ay1Dsx2JW4muoBTJV_!!3874929428-0-lubanu-s.jpg,【618预售】自嗨锅6桶夜宵锅麻辣自热火锅毛血旺网红懒人方便速食,	629751887064,,10.0,10.0,127,127,7.87%,1,4916,0,212,87786,0.03%,2120,0.01%,877860,6276,18766,0,,,预售价,7天无理由|运费险|蚂蚁花呗|信用卡支付|集分宝,粮油调味/速食/干货/烘焙,方便速食/速冻食品,即食火锅,,,2021-05-30,15:27:29,5天4时18分38秒,日,http://item.taobao.com/item.htm?id=629751887064,https://kandianbao.com/item/629751887064/,辣度纯正(14);便宜(149);很好吃(733);没破损(2);量足(20);质量差(5)
24,https://img.alicdn.com/imgextra/i2/3874929428/O1CN010qJTIU2JW4mpdJFdM_!!3874929428.jpg,【自嗨锅】八桶自热米饭组合自热火锅懒人网红自热火锅,	632623481733,,89.8,89.8,199.9,199.9,44.92%,1,5900,0,275,44115,0.04%,24695,0.13%,3961527,3138,8684,0,,,聚划算,7天无理由|运费险|蚂蚁花呗|信用卡支付|集分宝,粮油调味/速食/干货/烘焙,方便速食/速冻食品,方便米饭,,,2021-05-26,17:46:33,1天6时37分42秒,三,http://item.taobao.com/item.htm?id=632623481733,https://kandianbao.com/item/632623481733/,材质还好(6);正品(7);第二次回购(172);懒人必备(8);很新鲜(8);大人吃不好(2)
25,https://img.alicdn.com/imgextra/i2/3874929428/O1CN01KUbotC2JW4mr2tcb3_!!3874929428-0-lubanu-s.jpg,【618预售】自嗨锅8桶夜宵锅组合量贩装麻辣烫方便粉丝速食网红,	636306693123,,10.0,10.0,149,149,6.71%,1,4932,0,291,32473,0.05%,2910,0.02%,324730,2578,5264,0,,,预售价,7天无理由|运费险|蚂蚁花呗|信用卡支付|集分宝,粮油调味/速食/干货/烘焙,方便速食/速冻食品,即食火锅,,,2021-05-30,15:21:36,5天4时12分45秒,日,http://item.taobao.com/item.htm?id=636306693123,https://kandianbao.com/item/636306693123/,很辣(4);效果好(2);品牌强大(6);很新鲜(4);懒人福音(3);真的很差(3)
26,https://img.alicdn.com/imgextra/i2/3874929428/O1CN01LjueF02JW4mFz7d6G_!!3874929428-0-lubanu-s.jpg,自嗨锅官网自热即食懒人火锅夜宵网红懒人速食方便自热即食小火锅,	633251281321,,79.8,79.8,127,127,62.83%,1,4421,0,316,594,0.05%,25216.8,0.14%,47401.2,168,74,0,,,活动促销,7天无理由|运费险|蚂蚁花呗|信用卡支付|集分宝,粮油调味/速食/干货/烘焙,方便速食/速冻食品,即食火锅,,,2021-05-26,16:17:04,1天5时8分13秒,三,http://item.taobao.com/item.htm?id=633251281321,https://kandianbao.com/item/633251281321/,很好吃(7);保质期过一半(2)
27,https://img.alicdn.com/imgextra/i1/3874929428/O1CN01oqRy3p2JW4lX2mxRF_!!3874929428-0-lubanu-s.jpg,自嗨锅自热煲仔饭8桶组合装,	630449884389,,99.9,99.9,219.9,219.9,45.43%,1,1379,7,337,35845,0.05%,33666.3,0.18%,3580915.5,3182,6380,0,,,活动促销,7天无理由|运费险|蚂蚁花呗|信用卡支付|集分宝,粮油调味/速食/干货/烘焙,方便速食/速冻食品,方便米饭,,,2021-05-26,19:50:29,1天8时41分38秒,三,http://item.taobao.com/item.htm?id=630449884389,https://kandianbao.com/item/630449884389/,正品(4);卫生(8);第二次回购(106);懒人必备(9);儿子很喜欢(42);骗人(7)
28,https://img.alicdn.com/imgextra/i1/3874929428/O1CN01DJXetP2JW4munkozM_!!3874929428.jpg,自嗨锅6桶组合装量贩网红宿舍速食夜宵懒人自热小火锅方便即食,	630652783397,,109.0,109.0,199,199,54.77%,3,3430,0,353,93192,0.06%,38477,0.21%,10157928,6884,19657,0,,,聚划算,7天无理由|运费险|蚂蚁花呗|信用卡支付|集分宝,粮油调味/速食/干货/烘焙,方便速食/速冻食品,即食火锅,,,2021-05-27,15:07:22,2天3时58分31秒,四,http://item.taobao.com/item.htm?id=630652783397,https://kandianbao.com/item/630652783397/,油特别好(2);辣度纯正(14);品牌强大(10);很好吃(667);特别大(4);质量差(6)
29,https://img.alicdn.com/imgextra/i2/3874929428/O1CN01jzPES82JW4mokShIN_!!3874929428-0-lubanu-s.jpg,自嗨锅6桶煲仔饭网红方便速食即食自热米饭囤货缤纷装官方旗舰店,	626920022014,,79.8,79.8,119.9,119.9,66.56%,2,3757,0,358,39966,0.06%,28568.399999999998,0.16%,3189286.8,5254,8895,0,,,活动促销,7天无理由|运费险|蚂蚁花呗|信用卡支付|集分宝,粮油调味/速食/干货/烘焙,方便速食/速冻食品,方便米饭,,,2021-05-24,15:57:29,19时11分39秒,一,http://item.taobao.com/item.htm?id=626920022014,https://kandianbao.com/item/626920022014/,量足(7);好香(2);原材料很好(2);包装非常好(26);价格实惠(60);米粒小了很多(2)
30,https://img.alicdn.com/imgextra/i3/3874929428/O1CN01q7AXey2JW4mwEN6iY_!!3874929428.jpg,自嗨锅自热煲仔饭量贩装网红懒人宿舍户外速食米饭8桶装量贩火锅,	630116391793,,89.8,89.8,199,199,45.13%,1,5821,0,431,397036,0.07%,38703.799999999996,0.21%,35653832.8,19580,82940,0,,,聚划算,7天无理由|运费险|蚂蚁花呗|信用卡支付|集分宝,粮油调味/速食/干货/烘焙,方便速食/速冻食品,即食火锅,,,2021-05-31,22:45:42,6天11时36分51秒,一,http://item.taobao.com/item.htm?id=630116391793,https://kandianbao.com/item/630116391793/,正品(49);卫生(30);满满一大箱(135);第二次回购(463);很大个(17);吃不饱包装(12)
31,https://img.alicdn.com/imgextra/i2/3874929428/O1CN01jYHljT2JW4mx3zCh1_!!3874929428.jpg,自嗨锅 螺蛳粉自热小火锅3桶装速食酸辣粉大米米粉米线,	614652571261,,49.8,49.8,138,138,36.09%,2,3814,0,471,11073,0.08%,23455.8,0.13%,551435.4,4316,1841,0,,,聚划算,7天无理由|运费险|蚂蚁花呗|信用卡支付|集分宝,粮油调味/速食/干货/烘焙,方便速食/速冻食品,方便粉丝/米线/螺蛳粉,,,2021-05-31,17:50:50,6天6时41分59秒,一,http://item.taobao.com/item.htm?id=614652571261,https://kandianbao.com/item/614652571261/,超划算(9);第三次回购(14);卫生(2);很好吃(110);份量很足(12);不好吃(14)
32,https://img.alicdn.com/imgextra/i1/3874929428/O1CN01z1rLbG2JW4mwEKHlO_!!3874929428.jpg,自嗨锅自热小火锅速食懒人花溪牛肉粉火锅贵州风味官网正品旗舰店,	623272911279,,26.8,26.8,40.9,40.9,65.53%,1,3805,0,507,6908,0.08%,13587.6,0.07%,185134.4,1626,1050,0,,,聚划算,7天无理由|运费险|蚂蚁花呗|信用卡支付|集分宝,粮油调味/速食/干货/烘焙,方便速食/速冻食品,方便面/拉面/面皮,,,2021-05-28,18:00:00,3天6时51分9秒,五,http://item.taobao.com/item.htm?id=623272911279,https://kandianbao.com/item/623272911279/,很好吃(24);送货速度很快(6);数量多(2);质量很上档次(2);很方便(8);不好吃(9)
33,https://img.alicdn.com/imgextra/i3/3874929428/O1CN01bK2MtJ2JW4mDWfNBi_!!3874929428-0-lubanu-s.jpg,自嗨锅 煲仔饭自热米饭速食食品懒人快餐即食火锅自加热方便米饭,	625937025939,,16.8,33.6,25.9,53.9,62.34%,4,18473,7,527,19138,0.08%,12395.04,0.07%,450125.76000000007,14276,3608,0,,,活动促销,7天无理由|运费险|蚂蚁花呗|信用卡支付|集分宝,粮油调味/速食/干货/烘焙,方便速食/速冻食品,方便米饭,,,2021-05-25,10:06:13,1时2分23秒,二,http://item.taobao.com/item.htm?id=625937025939,https://kandianbao.com/item/625937025939/,质量不一样(8);懒人福利(3);新鲜度行(6);便宜(49);第二次回购(31);不会再买(5)
34,https://img.alicdn.com/imgextra/i4/3874929428/O1CN01LbIMfr2JW4mwZrfzv_!!3874929428-0-lubanu-s.jpg,自嗨锅过桥米线云南正宗鸡汤过桥米线方便泡面速食自热米粉任选,	593260312458,,26.8,26.8,40.9,40.9,65.53%,1,343,7,535,177668,0.09%,14338,0.08%,4761502.4,36452,31284,1,,,活动促销,7天无理由|运费险|蚂蚁花呗|信用卡支付|集分宝,粮油调味/速食/干货/烘焙,方便速食/速冻食品,方便粉丝/米线/螺蛳粉,,,2021-05-31,16:18:17,6天5时9分26秒,一,http://item.taobao.com/item.htm?id=593260312458,https://kandianbao.com/item/593260312458/,日期很近(2);挺辣的(2);一致(5);正品(6);便宜(26);料不是说很多(4)
35,https://img.alicdn.com/imgextra/i1/3874929428/O1CN014h0ux42JW4lv2nGkP_!!3874929428-0-lubanu-s.jpg,自嗨锅网红火鸡面韩式干拌冲泡方便面夜宵懒人便携速食面盒装任选,	641382746316,,19.9,19.9,29.9,29.9,66.56%,1,1076,7,549,1339,0.09%,10925.099999999999,0.06%,26646.1,204,133,0,,,店铺活动,7天无理由|运费险|蚂蚁花呗|信用卡支付|集分宝,粮油调味/速食/干货/烘焙,方便速食/速冻食品,方便面/拉面/面皮,,,2021-05-28,20:23:22,3天9时14分31秒,五,http://item.taobao.com/item.htm?id=641382746316,https://kandianbao.com/item/641382746316/, 
36,https://img.alicdn.com/imgextra/i4/3874929428/O1CN0107RQMd2JW4mBFgiwR_!!3874929428-0-lubanu-s.jpg,自嗨锅麻辣牛肉赘婿同款火锅速食自煮即食懒人方便自热小火锅,	594353688596,,35.8,35.8,77.6,77.6,46.13%,2,10765,0,577,548433,0.09%,20656.6,0.11%,19633901.4,53090,163987,0,,,活动促销,7天无理由|运费险|蚂蚁花呗|信用卡支付|集分宝,粮油调味/速食/干货/烘焙,方便速食/速冻食品,即食火锅,,,2021-05-26,16:17:47,1天5时8分56秒,三,http://item.taobao.com/item.htm?id=594353688596,https://kandianbao.com/item/594353688596/,家里人种草(2);挺辣的(17);很好吃(332);没破损(2);量足(14);包装烂的要死(7)
37,https://img.alicdn.com/imgextra/i4/3874929428/O1CN01QlU3Eq2JW4mkNnKMm_!!3874929428-0-lubanu-s.jpg,自嗨锅麻辣牛肉组合量贩装自热速食即食网红火锅懒人方便小火锅,	577551100443,,74.5,74.5,185.9,185.9,40.08%,2,3365,0,611,112171,0.10%,45519.5,0.25%,8356739.5,44930,31144,1,,,活动促销,7天无理由|运费险|蚂蚁花呗|信用卡支付|集分宝,粮油调味/速食/干货/烘焙,方便速食/速冻食品,即食火锅,,,2021-05-26,16:16:45,1天5时7分54秒,三,http://item.taobao.com/item.htm?id=577551100443,https://kandianbao.com/item/577551100443/,材料很环保(3);挺辣的(24);品牌强大(3);便宜(160);上档次(3);品种太少了(3)
38,https://img.alicdn.com/imgextra/i2/3874929428/O1CN01RTLRjC2JW4mfVunfx_!!3874929428-0-lubanu-s.jpg,自嗨锅自热卤菜招财凤爪方便速食即食鸡爪网红夜宵懒人自热小火锅,	640328995481,,32.8,32.8,49.9,49.9,65.73%,1,2786,7,670,1298,0.11%,21975.999999999996,0.12%,42574.399999999994,354,177,0,,,活动促销,7天无理由|运费险|蚂蚁花呗|信用卡支付|集分宝,粮油调味/速食/干货/烘焙,方便速食/速冻食品,即食火锅,,,2021-05-27,16:59:09,2天5时50分18秒,四,http://item.taobao.com/item.htm?id=640328995481,https://kandianbao.com/item/640328995481/,超级好吃(4)
39,https://img.alicdn.com/imgextra/i3/3874929428/O1CN01CTrNFL2JW4mWk1mJg_!!3874929428-0-lubanu-s.jpg,自嗨锅螺蛳粉冲泡速食螺狮粉酸辣粉方便粉丝泡面米粉米线夜宵任选,	641907024875,,19.9,19.9,29.9,29.9,66.56%,1,3054,7,677,898,0.11%,13472.3,0.07%,17870.199999999997,144,97,0,,,活动促销,7天无理由|运费险|蚂蚁花呗|信用卡支付|集分宝,粮油调味/速食/干货/烘焙,方便速食/速冻食品,方便粉丝/米线/螺蛳粉,,,2021-05-27,15:13:47,2天4时4分56秒,四,http://item.taobao.com/item.htm?id=641907024875,https://kandianbao.com/item/641907024875/, 
40,https://img.alicdn.com/imgextra/i4/3874929428/O1CN01m0XxlW2JW4miDZPg2_!!3874929428-0-lubanu-s.jpg,自嗨锅川味香辣牛肚红烧牛腩自热拉面速食挂面非油炸方便自煮面条,	644099953894,,27.9,74.9,41.9,112.9,66.34%,5,5565,7,737,763,0.12%,34417.9,0.19%,35632.1,278,87,0,,,上新特惠,7天无理由|运费险|蚂蚁花呗|信用卡支付|集分宝,粮油调味/速食/干货/烘焙,方便速食/速冻食品,方便面/拉面/面皮,,,2021-05-27,18:30:17,2天7时21分26秒,四,http://item.taobao.com/item.htm?id=644099953894,https://kandianbao.com/item/644099953894/, 
41,https://img.alicdn.com/imgextra/i1/3874929428/O1CN01Zmuo5d2JW4mv4CrcD_!!3874929428.jpg,自嗨锅 麻辣小鲜肉 自热小火锅速食自煮即食懒人方便自助自热火锅,	582234362452,,35.8,35.8,65,65,55.08%,1,955,0,740,62718,0.12%,26491.999999999996,0.14%,2245304.4,23598,8529,0,,,聚划算,7天无理由|运费险|蚂蚁花呗|信用卡支付|集分宝,粮油调味/速食/干货/烘焙,方便速食/速冻食品,即食火锅,,,2021-05-29,16:47:18,4天5时38分27秒,六,http://item.taobao.com/item.htm?id=582234362452,https://kandianbao.com/item/582234362452/,配料太足(2);卫生(2);满满的一箱(6);便宜(24);很好吃(159);不会再买(2)
42,https://img.alicdn.com/imgextra/i3/3874929428/O1CN01EM1myP2JW4mzFh27e_!!3874929428.jpg,自嗨锅麻辣鱼自热火锅速食即食懒人方便自热小火锅,	573138574758,,35.8,35.8,70.5,70.5,50.78%,1,930,0,798,76052,0.13%,28568.399999999998,0.16%,2722661.5999999996,28746,4126,1,,,聚划算,7天无理由|运费险|蚂蚁花呗|信用卡支付|集分宝,粮油调味/速食/干货/烘焙,方便速食/速冻食品,即食火锅,,,2021-05-26,12:18:00,1天1时9分9秒,三,http://item.taobao.com/item.htm?id=573138574758,https://kandianbao.com/item/573138574758/,斤量不少(4);一致(2);辣度纯正(7);价格很便宜(18);很好吃(97);包装辣鸡(2)
43,https://img.alicdn.com/imgextra/i4/3874929428/O1CN01JWAUj12JW4mtakwtA_!!3874929428.jpg,自嗨锅自热火锅毛血旺麻辣烫组合自热火锅懒人即食网红自热火锅,	619389104321,,84.8,88.8,199,199,44.62%,2,6703,0,801,296295,0.13%,69206.40000000001,0.38%,25599888,35110,57057,0,,,聚划算,7天无理由|运费险|蚂蚁花呗|信用卡支付|集分宝,粮油调味/速食/干货/烘焙,方便速食/速冻食品,即食火锅,,,2021-05-29,23:35:04,4天12时26分13秒,六,http://item.taobao.com/item.htm?id=619389104321,https://kandianbao.com/item/619389104321/,种类挺多的(3);硬的(5);油很大(3);一致(8);效果好(2);假的(4)
44,https://img.alicdn.com/imgextra/i4/3874929428/O1CN01i0h5562JW4m0Rn8wH_!!3874929428-0-lubanu-s.jpg,自嗨锅花蛤粉丝自热锅方便即食网红懒人速食自热小火锅任选,	640299355107,,19.9,19.9,29.9,29.9,66.56%,1,3870,7,842,3285,0.14%,16755.8,0.09%,65371.49999999999,306,430,0,,,活动促销,7天无理由|运费险|蚂蚁花呗|信用卡支付|集分宝,粮油调味/速食/干货/烘焙,方便速食/速冻食品,即食火锅,,,2021-05-27,11:33:54,2天25分3秒,四,http://item.taobao.com/item.htm?id=640299355107,https://kandianbao.com/item/640299355107/,很好吃(18);会回购(3);很方便(2);份量太少(2)
45,https://img.alicdn.com/imgextra/i3/3874929428/O1CN01rsEdcy2JW4n0iFl6z_!!3874929428.jpg,自嗨锅香辣牛肉自热小火锅网红速食自煮即食懒人方便自热火锅,	626867306261,,35.8,35.8,77.6,77.6,46.13%,1,2732,0,900,13371,0.14%,32219.999999999996,0.18%,478681.8,1402,1663,0,,,聚划算,7天无理由|运费险|蚂蚁花呗|信用卡支付|集分宝,粮油调味/速食/干货/烘焙,方便速食/速冻食品,即食火锅,,,2021-05-31,18:30:02,6天7时21分11秒,一,http://item.taobao.com/item.htm?id=626867306261,https://kandianbao.com/item/626867306261/,香辣味好吃(4);很好吃(74);份量很足(5);会回购(6);女儿喜欢吃(2);质量没咋提升(2)
46,https://img.alicdn.com/imgextra/i3/3874929428/O1CN01BEwI1j2JW4mwEO6xs_!!3874929428.jpg,自嗨锅香辣肥牛自热小火锅网红速食自煮即食懒人方便自热火锅,	626253760798,,35.8,35.8,77.6,77.6,46.13%,1,3709,0,930,16276,0.15%,33294,0.18%,582680.7999999999,2252,2217,0,,,聚划算,7天无理由|运费险|蚂蚁花呗|信用卡支付|集分宝,粮油调味/速食/干货/烘焙,方便速食/速冻食品,即食火锅,,,2021-05-31,18:29:58,6天7时21分7秒,一,http://item.taobao.com/item.htm?id=626253760798,https://kandianbao.com/item/626253760798/,辣度刚刚好(7);价格很便宜(30);很好吃(105);料很绝(3);会回购(11);不好吃(11)
47,https://img.alicdn.com/imgextra/i4/3874929428/O1CN01UhXnIj2JW4mR0aaIJ_!!3874929428-0-lubanu-s.jpg,自嗨锅麻辣牛肉丸自热小火锅宿舍速食自煮懒人即食方便火锅任选,	641761585770,,19.9,19.9,29.9,29.9,66.56%,2,833,7,945,1875,0.15%,18805.5,0.10%,37312.5,236,192,0,,,店铺活动,7天无理由|运费险|蚂蚁花呗|信用卡支付|集分宝,粮油调味/速食/干货/烘焙,方便速食/速冻食品,即食火锅,,,2021-05-28,10:13:14,2天23时4分23秒,五,http://item.taobao.com/item.htm?id=641761585770,https://kandianbao.com/item/641761585770/,很好吃(4);很难吃(2)
48,https://img.alicdn.com/imgextra/i4/3874929428/O1CN01FxSTYy2JW4mkvdWsV_!!3874929428.jpg,【薇娅推荐】自嗨锅3桶装自热火锅方便懒人网红锅速食官网旗舰店,	636591745283,,89.9,89.9,135,135,66.59%,3,7649,0,1041,100166,0.17%,93585.90000000001,0.51%,9004923.4,10484,13868,0,,,聚划算,7天无理由|运费险|蚂蚁花呗|信用卡支付|集分宝,粮油调味/速食/干货/烘焙,方便速食/速冻食品,即食火锅,,,2021-05-19,21:13:49,5天13时55分59秒,三,http://item.taobao.com/item.htm?id=636591745283,https://kandianbao.com/item/636591745283/,不会上头(5);不酸(2);正品(12);辣度纯正(60);很大个(20);质量差(5)
49,https://img.alicdn.com/imgextra/i1/3874929428/O1CN018hAdWn2JW4mpql69j_!!3874929428-0-lubanu-s.jpg,【直播间专享】自嗨锅韩式石锅肥牛拌饭自热米饭速食快餐方便官方,	639104189164,,33.8,33.8,50.9,50.9,66.40%,1,408,7,1065,2892,0.17%,35997,0.20%,97749.59999999999,312,343,0,,,专属优惠,7天无理由|运费险|蚂蚁花呗|信用卡支付|集分宝,粮油调味/速食/干货/烘焙,方便速食/速冻食品,方便米饭,,,2021-05-26,17:38:04,1天6时29分13秒,三,http://item.taobao.com/item.htm?id=639104189164,https://kandianbao.com/item/639104189164/,很好吃(9);会回购(2);有劲道(2);包装很好(2);很优惠(5)
50,https://img.alicdn.com/imgextra/i1/3874929428/O1CN014ldWET2JW4mnwtbXE_!!3874929428-0-lubanu-s.jpg,自嗨锅自热米饭袋装户外便携号手就位同款单兵口粮速食品即食快餐,	642443041186,,22.9,22.9,34.9,34.9,65.62%,2,5617,7,1066,1100,0.17%,24411.399999999998,0.13%,25190,736,178,0,,,上新特惠,7天无理由|运费险|蚂蚁花呗|信用卡支付|集分宝,粮油调味/速食/干货/烘焙,方便速食/速冻食品,方便米饭,,,2021-05-29,18:50:35,4天7时41分44秒,六,http://item.taobao.com/item.htm?id=642443041186,https://kandianbao.com/item/642443041186/,很好吃(5)
51,https://img.alicdn.com/imgextra/i4/3874929428/O1CN01lSUsCG2JW4mtat4R2_!!3874929428.jpg,自嗨锅鸿运牛肚卤味自热小火锅夜宵麻辣网红懒人速食方便即食,	641158367005,,29.8,29.8,59.9,59.9,49.75%,1,3607,0,1072,1924,0.17%,31945.600000000002,0.17%,57335.200000000004,348,205,0,,,聚划算,7天无理由|运费险|蚂蚁花呗|信用卡支付|集分宝,粮油调味/速食/干货/烘焙,方便速食/速冻食品,即食火锅,,,2021-05-31,19:13:38,6天8时4分47秒,一,http://item.taobao.com/item.htm?id=641158367005,https://kandianbao.com/item/641158367005/,味儿很好(9);会回购(2);分量还可以(2);性价比高(2);很方便(2)
52,https://img.alicdn.com/imgextra/i3/3874929428/O1CN01GgBaQQ2JW4n05Copn_!!3874929428.jpg,自嗨锅 煲仔饭6桶装自热米饭速食懒人快餐即食自助方便自热小火锅,	585392110470,,79.8,79.8,137,137,58.25%,1,3530,0,1083,220607,0.17%,86423.4,0.47%,17604438.599999998,66060,52215,0,,,聚划算,7天无理由|运费险|蚂蚁花呗|信用卡支付|集分宝,粮油调味/速食/干货/烘焙,方便速食/速冻食品,方便米饭,,,2021-05-28,10:05:35,2天22时56分44秒,五,http://item.taobao.com/item.htm?id=585392110470,https://kandianbao.com/item/585392110470/,有点油(17);米粒均匀(6);正品(15);卫生(19);第二次回购(208);勺子会碎掉(2)
53,https://img.alicdn.com/imgextra/i3/3874929428/O1CN01YWbosk2JW4mr2UJPp_!!3874929428.jpg,自嗨锅自热米饭8桶懒人煲仔饭即食网红速食自热小火锅官网旗舰店,	623787922509,,89.8,89.8,299,299,30.03%,1,4626,0,1096,306545,0.18%,98420.8,0.54%,27527741,33176,60586,0,,,聚划算,7天无理由|运费险|蚂蚁花呗|信用卡支付|集分宝,粮油调味/速食/干货/烘焙,方便速食/速冻食品,即食火锅,,,2021-05-29,22:04:05,4天10时55分14秒,六,http://item.taobao.com/item.htm?id=623787922509,https://kandianbao.com/item/623787922509/,有礼物盒(2);种类比较繁多(9);辣度纯正(6);便宜(592);上档次(6);大人吃不好(3)
54,https://img.alicdn.com/imgextra/i2/3874929428/O1CN01k4QLQT2JW4mr2RxbR_!!3874929428.jpg,自嗨锅经典韩式肥牛午餐肉石锅拌饭辣酱自热火锅懒人网红速食,	631554354225,,33.8,58.8,50.9,104.8,56.11%,3,8483,0,1164,18538,0.19%,50983.2,0.28%,811964.3999999999,8232,3661,0,,,聚划算,7天无理由|运费险|蚂蚁花呗|信用卡支付|集分宝,粮油调味/速食/干货/烘焙,方便速食/速冻食品,方便米饭,,,2021-05-25,19:29:53,8时21分2秒,二,http://item.taobao.com/item.htm?id=631554354225,https://kandianbao.com/item/631554354225/,品牌强大(2);便宜(27);有甜味(2);很好吃(286);没破损(2);不好吃(64)
55,https://img.alicdn.com/imgextra/i4/3874929428/O1CN0185UTog2JW4myaA5bl_!!3874929428.jpg,自嗨锅自热螺蛳粉螺丝粉汇聚广西米粉螺狮粉速食官方旗舰,	637226303095,,39.9,39.9,69.9,69.9,57.08%,2,5616,0,1234,5552,0.20%,49236.6,0.27%,221524.8,1860,794,0,,,聚划算,7天无理由|运费险|蚂蚁花呗|信用卡支付|集分宝,粮油调味/速食/干货/烘焙,方便速食/速冻食品,方便粉丝/米线/螺蛳粉,,,2021-05-26,10:18:10,23时9分19秒,三,http://item.taobao.com/item.htm?id=637226303095,https://kandianbao.com/item/637226303095/,口感味道好(26);没有很辣(5);会回购(2);实惠(6);很方便(6);不好吃(15)
56,https://img.alicdn.com/imgextra/i4/3874929428/O1CN01tEwRCr2JW4munnRO3_!!3874929428.jpg,自嗨锅自热火锅量贩3桶装自热速食网红自热火锅懒人方便小火锅,	631890039267,,39.9,94.9,199,199,47.69%,4,11567,0,1309,222639,0.21%,81027.1,0.44%,13781354.100000001,12282,40422,0,,,聚划算,7天无理由|运费险|蚂蚁花呗|信用卡支付|集分宝,粮油调味/速食/干货/烘焙,方便速食/速冻食品,即食火锅,,,2021-05-29,17:00:16,4天5时51分25秒,六,http://item.taobao.com/item.htm?id=631890039267,https://kandianbao.com/item/631890039267/,水分太多(2);米粒很香(4);辣度纯正(36);和图像一样(2);上档次(5);假的(3)
57,https://img.alicdn.com/imgextra/i3/3874929428/O1CN013g68zq2JW4n2UIt3f_!!3874929428-0-lubanu-s.jpg,【直播推荐】自嗨锅鸿运牛肚自热火锅懒人速食方便即食网红小火锅,	641975724984,,99.9,99.9,119.9,119.9,83.32%,1,9993,0,1405,66415,0.23%,140359.5,0.77%,6634858.5,5422,3916,0,,,活动促销,7天无理由|运费险|蚂蚁花呗|信用卡支付|集分宝,粮油调味/速食/干货/烘焙,方便速食/速冻食品,方便米饭,,,2021-06-01,07:00:00,6天19时51分9秒,二,http://item.taobao.com/item.htm?id=641975724984,https://kandianbao.com/item/641975724984/,很好吃(364);量足(40);会回购(22);很新鲜(2);奶奶说好吃(2);不干净(3)
58,https://img.alicdn.com/imgextra/i3/3874929428/O1CN01JOrfyk2JW4mpGq9l2_!!3874929428-0-lubanu-s.jpg,自嗨锅自热米饭懒人速食快餐网红推荐多口味自加热煲仔饭方便夜宵,	628986958871,,16.8,16.8,25.9,25.9,64.86%,5,16536,7,1412,65193,0.23%,23721.600000000002,0.13%,1095242.4000000001,3674,13965,0,,,活动促销,7天无理由|运费险|蚂蚁花呗|信用卡支付|集分宝,粮油调味/速食/干货/烘焙,方便速食/速冻食品,方便米饭,,,2021-05-20,20:12:32,4天14时56分42秒,四,http://item.taobao.com/item.htm?id=628986958871,https://kandianbao.com/item/628986958871/,非常健康(3);品牌强大(8);便宜(120);软软的(2);很好吃(533);质量不好(2)
59,https://img.alicdn.com/imgextra/i1/3874929428/O1CN01ipY2Ya2JW4mtajKze_!!3874929428.jpg,【薇娅推荐】自嗨锅自热火锅量贩装3桶方便速食夜宵官网旗舰店,	630535889093,,79.8,79.8,135,135,59.11%,1,4461,0,1425,137410,0.23%,113715,0.62%,10965318,16348,23362,0,,,聚划算,7天无理由|运费险|蚂蚁花呗|信用卡支付|集分宝,粮油调味/速食/干货/烘焙,方便速食/速冻食品,即食火锅,,,2021-05-31,13:38:32,6天2时29分41秒,一,http://item.taobao.com/item.htm?id=630535889093,https://kandianbao.com/item/630535889093/,和图片没反差(5);优惠多(2);正品(22);不是很咸(3);很大个(21);肉质比较老(3)
60,https://img.alicdn.com/imgextra/i2/3874929428/O1CN01E6jjTl2JW4moJqcsZ_!!3874929428-0-lubanu-s.jpg,【直播间专享】自嗨锅自热米饭网红煲仔饭8桶装组合懒人早餐速食,	644388192595,,89.8,89.8,134.9,134.9,66.57%,1,292,7,1452,1494,0.23%,130389.59999999999,0.71%,134161.19999999998,126,46,0,,,活动促销,7天无理由|运费险|蚂蚁花呗|信用卡支付|集分宝,粮油调味/速食/干货/烘焙,方便速食/速冻食品,方便米饭,,,2021-05-30,18:56:03,5天7时47分12秒,日,http://item.taobao.com/item.htm?id=644388192595,https://kandianbao.com/item/644388192595/, 
61,https://img.alicdn.com/imgextra/i3/3874929428/O1CN01XRnjFE2JW4m9vegrL_!!3874929428-0-lubanu-s.jpg,自嗨锅免煮热干面正宗武汉特产麻酱面方便速食拌面宿舍早餐即食面,	566788513674,,13.9,13.9,26.8,26.8,51.87%,1,4961,0,1508,50323,0.24%,20961.2,0.11%,699489.7000000001,11452,2742,0,,,活动促销,7天无理由|运费险|蚂蚁花呗|信用卡支付|集分宝,粮油调味/速食/干货/烘焙,方便速食/速冻食品,方便面/拉面/面皮,,,2021-05-26,16:10:01,1天5时1分10秒,三,http://item.taobao.com/item.htm?id=566788513674,https://kandianbao.com/item/566788513674/,口感非常好(8)
62,https://img.alicdn.com/imgextra/i3/3874929428/O1CN01dzGnt22JW4mfVxgdf_!!3874929428-0-lubanu-s.jpg,自嗨锅咖喱牛肉丸粉丝夜宵自热锅方便即食网红懒人速食自热小火锅,	640223531386,,19.9,19.9,29.9,29.9,66.56%,1,5463,7,1517,4424,0.24%,30188.3,0.16%,88037.59999999999,680,708,0,,,活动促销,7天无理由|运费险|蚂蚁花呗|信用卡支付|集分宝,粮油调味/速食/干货/烘焙,方便速食/速冻食品,方便粉丝/米线/螺蛳粉,,,2021-05-27,10:23:03,1天23时14分12秒,四,http://item.taobao.com/item.htm?id=640223531386,https://kandianbao.com/item/640223531386/,辣味不重(2);味道不错(20);量特别够(2);会回购(5);很方便(3);不好吃(4)
63,https://img.alicdn.com/imgextra/i1/3874929428/O1CN01dBAbQM2JW4mu5NJY5_!!3874929428.jpg,自嗨锅方便粉丝花甲粉4桶自热小火锅自嗨锅官网自热懒人速食食品,	624230030155,,51.8,51.8,109.8,109.8,47.18%,1,2444,0,1629,14220,0.26%,84382.2,0.46%,736596,3550,2281,0,,,聚划算,7天无理由|运费险|蚂蚁花呗|信用卡支付|集分宝,粮油调味/速食/干货/烘焙,方便速食/速冻食品,方便粉丝/米线/螺蛳粉,,,2021-05-25,16:40:20,5时31分29秒,二,http://item.taobao.com/item.htm?id=624230030155,https://kandianbao.com/item/624230030155/,卫生(2);第二次回购(44);很好吃(199);很新鲜(4);质量好(3);不好吃(8)
64,https://img.alicdn.com/imgextra/i4/3874929428/O1CN01CRHSuW2JW4mtYLnjx_!!3874929428-0-lubanu-s.jpg,自嗨锅夜宵锅4桶米粉螺蛳粉自热米线即食方便速食官方免煮粉丝汤,	641043205344,,59.8,59.8,89.9,89.9,66.52%,3,5598,7,1996,4629,0.32%,119360.79999999999,0.65%,276814.2,332,520,0,,,店铺活动,7天无理由|运费险|蚂蚁花呗|信用卡支付|集分宝,粮油调味/速食/干货/烘焙,方便速食/速冻食品,方便粉丝/米线/螺蛳粉,,,2021-05-24,16:02:45,19时6分55秒,一,http://item.taobao.com/item.htm?id=641043205344,https://kandianbao.com/item/641043205344/,料很卫生(2);很好吃(13);会回购(4);包装精致(3);数量多(2);真的难吃(2)
65,https://img.alicdn.com/imgextra/i1/3874929428/O1CN019nvlzV2JW4mWXU4Yz_!!3874929428-0-lubanu-s.jpg,【薇娅推荐】自嗨锅红唇香锅速食卤味自热火锅懒人方便酸辣粉夜宵,	641709871049,,29.9,54.9,49.9,99.9,54.95%,3,6901,7,2108,210311,0.34%,84109.20000000001,0.46%,8391408.9,7924,15254,0,,,上新特惠,7天无理由|运费险|蚂蚁花呗|信用卡支付|集分宝,粮油调味/速食/干货/烘焙,方便速食/速冻食品,即食火锅,,,2021-05-29,13:18:39,4天2时9分48秒,六,http://item.taobao.com/item.htm?id=641709871049,https://kandianbao.com/item/641709871049/,汤汁少(4);和图像一样(3);很好吃(2346);没破损(6);会回购(190);不好吃包装(17)
66,https://img.alicdn.com/imgextra/i2/3874929428/O1CN01uaSN2O2JW4mtakc4a_!!3874929428.jpg,自嗨锅 麻辣鲜蔬 自热素菜火锅速食自煮即食懒人方便自助小火锅,	585010335097,,26.8,26.8,52.8,52.8,50.76%,1,1032,7,2117,74774,0.34%,56735.6,0.31%,2003943.2,13724,10743,0,,,活动促销,7天无理由|运费险|蚂蚁花呗|信用卡支付|集分宝,粮油调味/速食/干货/烘焙,方便速食/速冻食品,即食火锅,,,2021-05-30,23:37:33,5天12时28分42秒,日,http://item.taobao.com/item.htm?id=585010335097,https://kandianbao.com/item/585010335097/,卫生(3);很大个(3);很好吃(179);量足(16);包装不错(22);快递压开口(6)
67,https://img.alicdn.com/imgextra/i1/3874929428/O1CN0168fZz62JW4mobnBHq_!!3874929428-0-lubanu-s.jpg,【直播间专享】自嗨锅夜宵粉麻辣爆肚鸭血椒麻鸡汤蒜香骨汤自热锅,	638739452135,,9.9,9.9,9.9,9.9,100.00%,1,70,0,2207,5247,0.36%,21849.3,0.12%,51945.3,548,710,0,,,,7天无理由|运费险|蚂蚁花呗|信用卡支付|集分宝,粮油调味/速食/干货/烘焙,方便速食/速冻食品,方便面/拉面/面皮,,,2021-05-31,22:19:06,6天11时10分15秒,一,http://item.taobao.com/item.htm?id=638739452135,https://kandianbao.com/item/638739452135/,辣辣的(2);很好吃(29);包装很好(7);性价比高(6);很方便(2);味道很怪(4)
68,https://img.alicdn.com/imgextra/i4/3874929428/O1CN01nXXann2JW4mfVq6LU_!!3874929428-0-lubanu-s.jpg,自嗨锅重庆麻辣牛油火锅底料韩式部队调料番茄汤调味料清油家用,	640915064842,,11.9,15.9,23.9,30.9,51.46%,4,15065,7,2245,3220,0.36%,30307.5,0.17%,43470,414,200,0,,,上新特惠,7天无理由|运费险|蚂蚁花呗|信用卡支付|集分宝,粮油调味/速食/干货/烘焙,调味品/果酱/沙拉,火锅调料,,,2021-05-25,16:51:48,5时42分57秒,二,http://item.taobao.com/item.htm?id=640915064842,https://kandianbao.com/item/640915064842/,很好吃(6)
69,https://img.alicdn.com/imgextra/i4/3874929428/O1CN01rFZDvN2JW4m1mFuXz_!!3874929428-0-lubanu-s.jpg,自嗨锅自热小火锅网红速食花溪牛肉粉火锅贵州风味正品旗舰店任选,	641718799442,,26.8,26.8,40.9,40.9,65.53%,1,433,7,2249,5575,0.36%,60273.200000000004,0.33%,149410,300,472,0,,,店铺活动,7天无理由|运费险|蚂蚁花呗|信用卡支付|集分宝,粮油调味/速食/干货/烘焙,方便速食/速冻食品,方便面/拉面/面皮,,,2021-05-28,20:23:23,3天9时14分32秒,五,http://item.taobao.com/item.htm?id=641718799442,https://kandianbao.com/item/641718799442/,日期近期(3);非常便宜(2);无数次回购(2);很好吃(10);包装完好(3);很难吃(3)
70,https://img.alicdn.com/imgextra/i1/3874929428/O1CN01FuJdq12JW4mXTsuyD_!!3874929428-0-lubanu-s.jpg,【直播间专享】自嗨锅食来运转礼盒网红爆款速食懒人自热米饭,	642713242817,,69.9,69.9,104.9,104.9,66.63%,1,17,7,2263,3140,0.36%,158183.7,0.86%,219486.00000000003,392,451,0,,,专属优惠,7天无理由|运费险|蚂蚁花呗|信用卡支付|集分宝,粮油调味/速食/干货/烘焙,方便速食/速冻食品,即食火锅,,,2021-05-31,20:18:30,6天9时9分39秒,一,http://item.taobao.com/item.htm?id=642713242817,https://kandianbao.com/item/642713242817/,特别耐心(3);很好吃(28);无限回购(6);包装很完美(3);很方便(4);日期不太好(3)
71,https://img.alicdn.com/imgextra/i2/3874929428/O1CN01RbAeQo2JW4myC4hNe_!!3874929428-0-lubanu-s.jpg,【直播间专享】自嗨锅麻辣牛肉火锅3桶装韩式自热火锅方便速食锅,	626920010560,,99.5,99.5,149.9,149.9,66.38%,5,1940,7,2292,54881,0.37%,228054,1.25%,5460659.5,6062,10925,0,,,活动促销,7天无理由|运费险|蚂蚁花呗|信用卡支付|集分宝,粮油调味/速食/干货/烘焙,方便速食/速冻食品,即食火锅,,,2021-05-25,23:50:11,12时41分20秒,二,http://item.taobao.com/item.htm?id=626920010560,https://kandianbao.com/item/626920010560/,很好吃(534);量大(25);日期很新(3);还挺辣(7);很软(2);不好吃(69)
72,https://img.alicdn.com/imgextra/i2/3874929428/O1CN01XLfeQC2JW4mtanMXi_!!3874929428.jpg,自嗨锅  自热火锅重麻重辣牛肉自助懒人自热小火锅方便速食即食,	566955491612,,35.8,35.8,62.8,62.8,57.01%,1,1503,0,2322,98306,0.37%,83127.59999999999,0.45%,3519354.8,19090,3400,2,,,聚划算,7天无理由|运费险|蚂蚁花呗|信用卡支付|集分宝,粮油调味/速食/干货/烘焙,方便速食/速冻食品,即食火锅,,,2021-05-28,10:43:39,2天23时34分48秒,五,http://item.taobao.com/item.htm?id=566955491612,https://kandianbao.com/item/566955491612/,料挺多(3);很辣(12);包装很高档(14);卫生(4);便宜(31);物流速度极慢(2)
73,https://img.alicdn.com/imgextra/i4/3874929428/O1CN01JrwbBI2JW4munlYpu_!!3874929428.jpg,自嗨锅牛肉酸辣粉自热火锅懒人网红速食自嗨锅官方旗舰店,	569505321869,,19.8,19.8,46.9,46.9,42.22%,1,4971,0,2405,243698,0.39%,47619,0.26%,4825220.4,67032,23593,1,,,聚划算,7天无理由|运费险|蚂蚁花呗|信用卡支付|集分宝,粮油调味/速食/干货/烘焙,方便速食/速冻食品,即食火锅,,,2021-05-27,23:28:05,2天12时19分14秒,四,http://item.taobao.com/item.htm?id=569505321869,https://kandianbao.com/item/569505321869/,还大(3);不酸(4);无限次回购(26);懒人必备(5);儿子很喜欢(4);不会再买(9)
74,https://img.alicdn.com/imgextra/i4/3874929428/O1CN01vhOT1e2JW4mRMNjm4_!!3874929428-0-lubanu-s.jpg,自嗨锅自热夜宵小火锅速食即食懒人网红解馋组合自热火锅任选,	641692377760,,18.8,18.8,29.9,29.9,62.88%,6,3538,0,2716,3408,0.44%,51060.8,0.28%,64070.4,236,468,0,,,活动促销,7天无理由|运费险|蚂蚁花呗|信用卡支付|集分宝,粮油调味/速食/干货/烘焙,方便速食/速冻食品,方便粉丝/米线/螺蛳粉,,,2021-05-26,14:34:01,1天3时25分10秒,三,http://item.taobao.com/item.htm?id=641692377760,https://kandianbao.com/item/641692377760/,无数次回购(2);口感非常好(5);包装好(2);很方便(3);快递挺快(3)
75,https://img.alicdn.com/imgextra/i4/3874929428/O1CN01BoAwky2JW4myaAI1W_!!3874929428.jpg,自嗨锅自热小火锅酸菜鱼自热火锅速食懒人网红鱼火锅,	573178680403,,35.8,35.8,65,65,55.08%,1,356,0,2723,76372,0.44%,97483.4,0.53%,2734117.5999999996,28650,8465,0,,,聚划算,7天无理由|运费险|蚂蚁花呗|信用卡支付|集分宝,粮油调味/速食/干货/烘焙,方便速食/速冻食品,即食火锅,,,2021-05-28,10:00:39,2天22时51分48秒,五,http://item.taobao.com/item.htm?id=573178680403,https://kandianbao.com/item/573178680403/,材质安全健康(3);有点油(2);辣度挺好(3);二次回购(14);很好吃(132);不会再买(5)
76,https://img.alicdn.com/imgextra/i2/3874929428/O1CN01q4PEfj2JW4mu5GnvM_!!3874929428.jpg,自嗨锅麻辣肥牛赘婿同款火锅自热锅懒人速食方便火锅即食小火锅,	566587500034,,35.8,35.8,62.9,62.9,56.92%,3,11122,0,3017,368663,0.49%,108008.59999999999,0.59%,13198135.399999999,122398,19152,3,,,聚划算,7天无理由|运费险|蚂蚁花呗|信用卡支付|集分宝,粮油调味/速食/干货/烘焙,方便速食/速冻食品,即食火锅,,,2021-05-29,13:55:49,4天2时46分58秒,六,http://item.taobao.com/item.htm?id=566587500034,https://kandianbao.com/item/566587500034/,使用很放心(2);正品(5);微辣(33);很大个(6);很好吃(532);骗人(20)
77,https://img.alicdn.com/imgextra/i4/3874929428/O1CN01xWMcAF2JW4mu5OvOc_!!3874929428.jpg,自嗨锅网红宿舍速食懒人自热米饭快餐饭即食自助方便加热便当盒饭,	626471670252,,29.8,29.8,49.9,49.9,59.72%,5,3711,0,3050,35950,0.49%,90890,0.50%,1071310,7620,6362,0,,,聚划算,7天无理由|运费险|蚂蚁花呗|信用卡支付|集分宝,粮油调味/速食/干货/烘焙,方便速食/速冻食品,方便米饭,,,2021-05-27,13:56:39,2天2时47分48秒,四,http://item.taobao.com/item.htm?id=626471670252,https://kandianbao.com/item/626471670252/,日期很近(7);品质上乘(8);很好吃(315);没破损(4);好大(19);汁很少(3)
78,https://img.alicdn.com/imgextra/i4/3874929428/O1CN01I8pTat2JW4myaCya4_!!3874929428.jpg,自嗨锅鲜蔬素食食品自热火锅夜宵网红懒人速食方便自热即食小火锅,	640128077640,,29.8,84.8,69.9,127.9,66.30%,2,1437,0,3388,6238,0.55%,175498.40000000002,0.96%,323128.4,1286,658,0,,,聚划算,7天无理由|运费险|蚂蚁花呗|信用卡支付|集分宝,粮油调味/速食/干货/烘焙,方便速食/速冻食品,即食火锅,,,2021-05-31,14:17:39,6天3时8分48秒,一,http://item.taobao.com/item.htm?id=640128077640,https://kandianbao.com/item/640128077640/,很好吃(18);物超所值(3);数量多(4);持续回购(3);卖家用心(2);美味一般(4)
79,https://img.alicdn.com/imgextra/i3/3874929428/O1CN01dpTbNu2JW4mx3vumP_!!3874929428.jpg,自嗨锅微麻微辣牛肉赘婿同款自热自煮自助懒人方便速食即食小火锅,	570789499393,,35.8,35.8,58.8,58.8,60.88%,1,2890,0,3406,222765,0.55%,121934.79999999999,0.67%,7974986.999999999,59698,17364,2,,,聚划算,7天无理由|运费险|蚂蚁花呗|信用卡支付|集分宝,粮油调味/速食/干货/烘焙,方便速食/速冻食品,即食火锅,,,2021-05-31,18:29:27,6天7时20分36秒,一,http://item.taobao.com/item.htm?id=570789499393,https://kandianbao.com/item/570789499393/,不是很辣(19);酸酸的(2);正品(2);很大个(8);很好吃(378);不要买(7)
80,https://img.alicdn.com/imgextra/i1/3874929428/O1CN01ubu3LX2JW4munmZGb_!!3874929428.jpg,自嗨锅自热火锅8桶夜宵解馋小锅组合自热懒人网红自热火锅官方,	624446570375,,99.8,99.8,149.9,149.9,66.58%,1,5851,0,3442,118383,0.55%,343511.6,1.88%,11814623.4,32044,22178,0,,,聚划算,7天无理由|运费险|蚂蚁花呗|信用卡支付|集分宝,粮油调味/速食/干货/烘焙,方便速食/速冻食品,即食火锅,,,2021-05-25,18:44:42,7时35分51秒,二,http://item.taobao.com/item.htm?id=624446570375,https://kandianbao.com/item/624446570375/,设计很满意(2);一致(2);效果好(3);辣度纯正(14);便宜(196);宝宝不开心(3)
81,https://img.alicdn.com/imgextra/i3/3874929428/O1CN01D6focf2JW4mhzn92o_!!3874929428-0-lubanu-s.jpg,自嗨锅自热关东煮夜宵网红懒人速食方便即食小火锅官网旗舰店,	639764672102,,19.9,19.9,39.9,39.9,49.87%,1,4595,7,3595,8005,0.58%,71540.5,0.39%,159299.5,1594,1056,0,,,上新特惠,7天无理由|运费险|蚂蚁花呗|信用卡支付|集分宝,粮油调味/速食/干货/烘焙,方便速食/速冻食品,方便粉丝/米线/螺蛳粉,,,2021-05-30,16:42:28,5天5时33分37秒,日,http://item.taobao.com/item.htm?id=639764672102,https://kandianbao.com/item/639764672102/,料惊呆了(2);辣味不重(2);比较卫生(2);很好吃(26);份量很足(3);不会回购(2)
82,https://img.alicdn.com/imgextra/i2/3874929428/O1CN01SeJj7U2JW4munmu0U_!!3874929428.jpg,自嗨锅 煲仔饭3桶装 自热米饭速食懒人快餐即食自助方便自热火锅,	615443634731,,39.9,59.9,188,188,31.86%,9,39907,0,3616,302275,0.58%,173206.40000000002,0.95%,14478972.500000002,52130,70555,0,,,聚划算,7天无理由|运费险|蚂蚁花呗|信用卡支付|集分宝,粮油调味/速食/干货/烘焙,方便速食/速冻食品,即食火锅,,,2021-05-28,18:30:58,3天7时22分7秒,五,http://item.taobao.com/item.htm?id=615443634731,https://kandianbao.com/item/615443634731/,学生非常好吃(2);甜味太特别(4);设计非常精致(4);有赠品(4);辣辣的(10);腥味样怪味(2)
83,https://img.alicdn.com/imgextra/i2/3874929428/O1CN017FO2pI2JW4mwEMAGA_!!3874929428.jpg,自嗨锅微麻微辣肥牛赘婿同款自热懒人方便速食小火锅自热火锅官方,	569457319509,,35.8,35.8,77.6,77.6,46.13%,1,3862,0,4061,473626,0.65%,145383.8,0.79%,16955810.799999997,180336,40092,1,,,聚划算,7天无理由|运费险|蚂蚁花呗|信用卡支付|集分宝,粮油调味/速食/干货/烘焙,方便速食/速冻食品,即食火锅,,,2021-05-31,18:29:28,6天7时20分37秒,一,http://item.taobao.com/item.htm?id=569457319509,https://kandianbao.com/item/569457319509/,正品(2);卫生(3);很大个(6);赠品很好(2);料很绝(20);用料越来越少(2)
84,https://img.alicdn.com/imgextra/i3/3874929428/O1CN01y8Jaxk2JW4mtZlvRc_!!3874929428.jpg,自嗨锅 花蛤粉丝自热锅 方便即食网红懒人速食自热小火锅,	620220401270,,19.8,19.8,29.9,29.9,66.22%,1,5143,0,4068,61982,0.65%,80546.40000000001,0.44%,1227243.6,7064,6332,0,,,聚划算,7天无理由|运费险|蚂蚁花呗|信用卡支付|集分宝,粮油调味/速食/干货/烘焙,方便速食/速冻食品,即食火锅,,,2021-05-28,21:23:47,3天10时14分56秒,五,http://item.taobao.com/item.htm?id=620220401270,https://kandianbao.com/item/620220401270/,辣度合适(11);很好吃(413);会回购(53);很新鲜(9);包装很好(40);不好吃(31)
85,https://img.alicdn.com/imgextra/i3/3874929428/O1CN01dWxXPx2JW4mtapFAL_!!3874929428.jpg,自嗨锅麻辣香锅自热火锅自煮懒人方便即食宿舍游戏懒宅家小火锅J,	606910583413,,32.8,32.8,61.6,61.6,53.25%,0,6324,0,4246,128853,0.68%,139268.8,0.76%,4226378.399999999,35216,18546,0,,,聚划算,7天无理由|运费险|蚂蚁花呗|信用卡支付|集分宝,粮油调味/速食/干货/烘焙,方便速食/速冻食品,即食火锅,,,2021-05-26,14:09:11,1天3时0分20秒,三,http://item.taobao.com/item.htm?id=606910583413,https://kandianbao.com/item/606910583413/,很辣(12);价格很便宜(43);没破损(4);很新鲜(10);好香(2);包装破损破裂(5)
86,https://img.alicdn.com/imgextra/i1/3874929428/O1CN01VYemNW2JW4mqwNTBU_!!3874929428-0-lubanu-s.jpg,自嗨锅 江湖毛血旺 自热火锅网红方便速食即食自煮自助自热小火锅,	612432184789,,29.8,29.8,58.1,58.1,51.29%,2,5432,0,4590,142900,0.74%,136782,0.75%,4258420,25204,18615,0,,,聚划算,7天无理由|运费险|蚂蚁花呗|信用卡支付|集分宝,粮油调味/速食/干货/烘焙,方便速食/速冻食品,即食火锅,,,2021-05-29,17:37:03,4天6时28分12秒,六,http://item.taobao.com/item.htm?id=612432184789,https://kandianbao.com/item/612432184789/,很大个(10);很好吃(802);份量很足(84);干净卫生(5);懒人必备(6);补发很是麻烦(13)
87,https://img.alicdn.com/imgextra/i3/3874929428/O1CN019MXSmO2JW4n05AwKw_!!3874929428.jpg,自嗨锅麻辣肥牛牛肉自热火锅即食多口味懒人速食方便自煮官方正品,	637635507927,,31.8,38.7,59.9,59.9,64.61%,8,23162,0,4596,87291,0.74%,158837.76,0.87%,3016776.9600000004,8136,15330,0,,,聚划算,7天无理由|运费险|蚂蚁花呗|信用卡支付|集分宝,粮油调味/速食/干货/烘焙,方便速食/速冻食品,即食火锅,,,2021-05-27,14:27:04,2天3时18分13秒,四,http://item.taobao.com/item.htm?id=637635507927,https://kandianbao.com/item/637635507927/,米粒很香(2);辣度纯正(27);第二次回购(207);很好吃(1561);份量很足(45);坏的(2)
88,https://img.alicdn.com/imgextra/i3/3874929428/O1CN01fM0W6I2JW4mtZfPrA_!!3874929428.jpg,自嗨锅 番茄牛腩优化版大锅自热火锅速食懒人方便网红自热小火锅,	584404895373,,35.8,35.8,65.1,65.1,54.99%,1,2211,0,5150,131441,0.83%,184369.99999999997,1.01%,4705587.8,35384,22594,0,,,聚划算,7天无理由|运费险|蚂蚁花呗|信用卡支付|集分宝,粮油调味/速食/干货/烘焙,方便速食/速冻食品,即食火锅,,,2021-05-28,10:45:02,2天23时36分11秒,五,http://item.taobao.com/item.htm?id=584404895373,https://kandianbao.com/item/584404895373/,材料挺软(2);便宜(63);很好吃(321);没破损(2);会回购(33);坏的(3)
89,https://img.alicdn.com/imgextra/i3/3874929428/O1CN01yOGXWH2JW4mOR0qZ3_!!3874929428-0-lubanu-s.jpg,【直播间专享】多口味夜宵小锅单盒自选方便速食懒人火锅网红自热,	642184547910,,12.9,12.9,19.9,19.9,64.82%,5,1567,7,5180,9908,0.83%,66822,0.36%,127813.2,444,919,0,,,专属优惠,7天无理由|运费险|蚂蚁花呗|信用卡支付|集分宝,粮油调味/速食/干货/烘焙,方便速食/速冻食品,方便粉丝/米线/螺蛳粉,,,2021-05-29,09:01:58,3天21时53分7秒,六,http://item.taobao.com/item.htm?id=642184547910,https://kandianbao.com/item/642184547910/,包裹很严实(2);很好吃(30);份量很足(4);多次回购(6);很方便(4);很难吃(3)
90,https://img.alicdn.com/imgextra/i2/3874929428/O1CN01irzO9e2JW4myaBdKy_!!3874929428.jpg,自嗨锅 韩式部队自煮懒人方便火锅网红速食自热锅自嗨锅旗舰店,	617828925490,,35.8,35.8,65,65,55.08%,1,2979,0,5215,346619,0.84%,186696.99999999997,1.02%,12408960.2,63824,37109,0,,,聚划算,7天无理由|运费险|蚂蚁花呗|信用卡支付|集分宝,粮油调味/速食/干货/烘焙,方便速食/速冻食品,即食火锅,,,2021-05-29,12:28:08,4天1时19分17秒,六,http://item.taobao.com/item.htm?id=617828925490,https://kandianbao.com/item/617828925490/,种类超少(3);比较软(5);很辣(55);很浓(3);上档次(2);包装没有包好(30)
91,https://img.alicdn.com/imgextra/i1/3874929428/O1CN012kosEM2JW4mwELhIr_!!3874929428.jpg,自嗨锅 自热藤椒牛肉粉丝汤 速食小火锅懒人方便酸辣粉米粉米线,	619330567816,,16.8,16.8,19.8,19.8,84.85%,1,4812,0,5726,83540,0.92%,96196.8,0.53%,1403472,12088,9755,0,,,聚划算,7天无理由|运费险|蚂蚁花呗|信用卡支付|集分宝,粮油调味/速食/干货/烘焙,方便速食/速冻食品,方便面/拉面/面皮,,,2021-05-27,00:28:31,1天13时19分40秒,四,http://item.taobao.com/item.htm?id=619330567816,https://kandianbao.com/item/619330567816/,日期没过半(4);料包还很足(4);品牌强大(10);和图像一样(2);价格很便宜(66);水全都蒸干了(3)
92,https://img.alicdn.com/imgextra/i4/3874929428/O1CN01jzCsgv2JW4mzFmCf7_!!3874929428.jpg,自嗨锅红唇香锅自热火锅自煮懒人方便即食宿舍游戏懒宅家小火锅,	636055137069,,29.9,29.9,49.9,49.9,59.92%,2,2897,0,5908,13223,0.95%,176649.19999999998,0.96%,395367.69999999995,2578,1765,0,,,聚划算,7天无理由|运费险|蚂蚁花呗|信用卡支付|集分宝,粮油调味/速食/干货/烘焙,方便速食/速冻食品,即食火锅,,,2021-05-26,15:50:06,1天4时41分15秒,三,http://item.taobao.com/item.htm?id=636055137069,https://kandianbao.com/item/636055137069/,辣味不重(9);很好吃(103);份量很足(5);料很绝(4);会回购(20);质量差(2)
93,https://img.alicdn.com/imgextra/i4/3874929428/O1CN01sdwess2JW4mv49J2E_!!3874929428.jpg,【薇娅推荐】自嗨锅招牌牛肉火锅2桶装自热速食小火锅官网旗舰店,	631086894325,,59.8,59.8,135,135,44.30%,3,7456,0,6722,101666,1.08%,401975.6,2.20%,6079626.8,12228,9981,0,,,聚划算,7天无理由|运费险|蚂蚁花呗|信用卡支付|集分宝,粮油调味/速食/干货/烘焙,方便速食/速冻食品,即食火锅,,,2021-05-27,21:12:43,2天10时3分52秒,四,http://item.taobao.com/item.htm?id=631086894325,https://kandianbao.com/item/631086894325/,很辣(57);种类比较繁多(6);回购几次(99);质量好(30);日期新鲜(22);质量差(3)
94,https://img.alicdn.com/imgextra/i1/3874929428/O1CN01lfiwU92JW4mkwQtF5_!!3874929428-0-lubanu-s.jpg,关注领券5.9元一盒冲泡酸辣粉（仅限新关注用户）,	642040003764,,15.9,15.9,15.9,15.9,100.00%,1,4296,0,6839,11893,1.10%,108740.1,0.59%,189098.7,1988,1720,0,,,,7天无理由|运费险|蚂蚁花呗|信用卡支付|集分宝,粮油调味/速食/干货/烘焙,方便速食/速冻食品,方便粉丝/米线/螺蛳粉,,,2021-05-28,11:04:02,2天23时55分11秒,五,http://item.taobao.com/item.htm?id=642040003764,https://kandianbao.com/item/642040003764/,很辣(8);便宜(22);很大个(6);很好吃(100);份量很足(7);不好吃(7)
95,https://img.alicdn.com/imgextra/i3/3874929428/O1CN01tDcNjD2JW4mwEKtMr_!!3874929428.jpg,自嗨锅 过桥米线云南特产正宗鸡汤过桥米线方便泡面速食米粉小吃,	622356194554,,26.8,26.8,40.9,40.9,65.53%,2,6379,0,7009,45790,1.13%,187841.2,1.03%,1227172,8792,6355,0,,,聚划算,7天无理由|运费险|蚂蚁花呗|信用卡支付|集分宝,粮油调味/速食/干货/烘焙,方便速食/速冻食品,方便粉丝/米线/螺蛳粉,,,2021-05-28,10:10:30,2天23时1分39秒,五,http://item.taobao.com/item.htm?id=622356194554,https://kandianbao.com/item/622356194554/,量可以(23);没破损(3);很新鲜(4);好大(5);很方便(38);店铺非常垃圾(3)
96,https://img.alicdn.com/imgextra/i4/3874929428/O1CN01tSaPTF2JW4n05DtWA_!!3874929428.jpg,自嗨锅麻辣牛肉组合量贩装自热速食网红自热火锅懒人方便小火锅,	619963634820,,74.5,74.5,185.9,185.9,40.08%,3,10047,0,7753,273833,1.25%,577598.5,3.15%,20400558.5,95126,45954,0,,,聚划算,7天无理由|运费险|蚂蚁花呗|信用卡支付|集分宝,粮油调味/速食/干货/烘焙,方便速食/速冻食品,即食火锅,,,2021-05-19,23:56:12,5天11时12分22秒,三,http://item.taobao.com/item.htm?id=619963634820,https://kandianbao.com/item/619963634820/,不熟(2);超级硬(4);油特别多(5);没有盐味(2);辣辣的(116);外包装唬人(42)
97,https://img.alicdn.com/imgextra/i4/3874929428/O1CN013YiUAK2JW4n2fGccE_!!3874929428-0-lubanu-s.jpg,【618预售】自嗨锅自热米饭网红煲仔饭8桶装组合懒人早餐速食,	641505977004,,10.0,10.0,134.9,134.9,7.41%,1,2446,0,7961,13020,1.28%,79610,0.43%,130200,2092,1719,0,,,预售价,7天无理由|运费险|蚂蚁花呗|信用卡支付|集分宝,粮油调味/速食/干货/烘焙,方便速食/速冻食品,方便米饭,,,2021-05-26,12:12:08,1天1时3分17秒,三,http://item.taobao.com/item.htm?id=641505977004,https://kandianbao.com/item/641505977004/,第二次回购(21);比较方便(25);很好吃(137);量足(5);质量好(2);不好吃(11)
98,https://img.alicdn.com/imgextra/i3/3874929428/O1CN01Ghm0532JW4mu5KYzh_!!3874929428.jpg,自嗨锅 川味麻辣烫 自热火锅解馋网红速食即食懒人方便自煮小锅,	616248220178,,15.8,53.9,36,80.9,66.63%,3,12031,0,8330,197751,1.34%,258563.2,1.41%,6138191.040000001,50972,23634,0,,,聚划算,7天无理由|运费险|蚂蚁花呗|信用卡支付|集分宝,粮油调味/速食/干货/烘焙,方便速食/速冻食品,即食火锅,,,2021-05-29,14:17:45,4天3时8分54秒,六,http://item.taobao.com/item.htm?id=616248220178,https://kandianbao.com/item/616248220178/,外观时尚(15);正品(12);赠品很好(2);很好吃(1468);儿子很喜欢(28);坏的(2)
99,https://img.alicdn.com/imgextra/i3/3874929428/O1CN01CYE5X62JW4mn5zmjS_!!3874929428-0-lubanu-s.jpg,【直播间专享】自嗨锅多口味方便速食自热懒人网红火锅单盒自选,	641847966825,,29.9,35.8,53.9,53.9,66.42%,15,5320,7,8772,13571,1.41%,282984.72000000003,1.55%,437800.4600000001,774,1283,0,,,专属优惠,7天无理由|运费险|蚂蚁花呗|信用卡支付|集分宝,粮油调味/速食/干货/烘焙,方便速食/速冻食品,即食火锅,,,2021-05-29,09:02:00,3天21时53分9秒,六,http://item.taobao.com/item.htm?id=641847966825,https://kandianbao.com/item/641847966825/,物流无暴力(3);甜辣比较好(3);卫生(5);便宜(6);很好吃(44);不好吃(6)
100,https://img.alicdn.com/imgextra/i2/3874929428/O1CN01pVTYU32JW4ms06Adj_!!3874929428-0-lubanu-s.jpg,自嗨锅煲仔饭多口味自热米饭速食懒人快餐即食自助方便自热小火锅,	617304362826,,9.9,14.8,25.9,25.9,57.14%,14,78562,0,9153,620405,1.47%,108554.58000000002,0.59%,7358003.300000001,36508,44911,0,,,活动促销,7天无理由|运费险|蚂蚁花呗|信用卡支付|集分宝,粮油调味/速食/干货/烘焙,方便速食/速冻食品,即食火锅,,,2021-05-27,11:40:20,2天31分29秒,四,http://item.taobao.com/item.htm?id=617304362826,https://kandianbao.com/item/617304362826/,硬的(7);一致(7);辣度纯正(116);量可以(46);便宜(234);样式少(5)
101,https://img.alicdn.com/imgextra/i1/3874929428/O1CN01XAaAKH2JW4lof5ERU_!!3874929428-0-lubanu-s.jpg,【直播间专享】自嗨锅多口味便当快餐饭即食自助方便加热便当盒饭,	639112213019,,29.9,29.9,49.9,49.9,59.92%,5,1472,0,10916,23737,1.76%,326388.39999999997,1.78%,709736.2999999999,2686,3749,0,,,专属优惠,7天无理由|运费险|蚂蚁花呗|信用卡支付|集分宝,粮油调味/速食/干货/烘焙,方便速食/速冻食品,方便米饭,,,2021-05-29,09:01:59,3天21时53分8秒,六,http://item.taobao.com/item.htm?id=639112213019,https://kandianbao.com/item/639112213019/,辣味不重(5);良心品牌(4);很大个(7);份量很足(59);日期最新(5);不会再买(5)
102,https://img.alicdn.com/imgextra/i4/3874929428/O1CN01RSvWqp2JW4lsWJx5U_!!3874929428-0-lubanu-s.jpg,自嗨锅自热粉丝夜宵网红懒人速食方便自热即食小火锅官网旗舰店,	589458153764,,8.4,36.9,16.9,89.9,41.05%,18,44784,7,11993,66699,1.93%,237461.4,1.30%,1320640.2,21660,12552,0,,,爆款特卖,保价险|7天无理由|运费险|蚂蚁花呗|信用卡支付|集分宝,粮油调味/速食/干货/烘焙,方便速食/速冻食品,即食火锅,,,2021-05-26,18:15:09,1天7时6分18秒,三,http://item.taobao.com/item.htm?id=589458153764,https://kandianbao.com/item/589458153764/,挺辣的(14);价格很便宜(52);没破损(4);会回购(32);颜值非常的赞(4);不卫生(2)
103,https://img.alicdn.com/imgextra/i1/3874929428/O1CN01xaDcGe2JW4mkvdSqG_!!3874929428.jpg,自嗨锅武汉热干面正宗湖北特产鲜拌面方便速食网红拉面挂面,	619453525645,,13.9,13.9,26.8,26.8,51.87%,1,4161,0,15161,164595,2.44%,210737.9,1.15%,2287870.5,16808,16851,0,,,聚划算,7天无理由|运费险|蚂蚁花呗|信用卡支付|集分宝,粮油调味/速食/干货/烘焙,方便速食/速冻食品,方便面/拉面/面皮,,,2021-05-26,13:52:56,1天2时44分5秒,三,http://item.taobao.com/item.htm?id=619453525645,https://kandianbao.com/item/619453525645/,很新鲜(17);质量好(16);有劲道(12);种类很多(2);色泽很润泽(2);商家太没道德(15)
104,https://img.alicdn.com/imgextra/i2/3874929428/O1CN019Pm7Vu2JW4mxO0hsy_!!3874929428.jpg,【618预售】自嗨锅麻辣牛肉火锅3桶装自热火锅方便速食锅赘婿,	585367787259,,10.0,10.0,149.9,149.9,6.67%,5,3818,0,15955,150547,2.57%,159550,0.87%,1505470,18160,20058,0,,,预售价,7天无理由|运费险|蚂蚁花呗|信用卡支付|集分宝,粮油调味/速食/干货/烘焙,方便速食/速冻食品,即食火锅,,,2021-05-26,13:45:22,1天2时36分31秒,三,http://item.taobao.com/item.htm?id=585367787259,https://kandianbao.com/item/585367787259/,材料挺多(6);很辣(68);好油(6);量大(113);没破损(4);质量太严重了(3)
105,https://img.alicdn.com/imgextra/i3/3874929428/O1CN014GGi902JW4mx3tV3J_!!3874929428.jpg,自嗨锅麻辣牛肉自热小火锅宿舍速食懒人方便自煮即食自助自热火锅,	566546104350,,35.8,35.8,77.6,77.6,46.13%,12,28426,0,19790,1818884,3.19%,708482,3.87%,65116047.199999996,944960,131983,15,,,聚划算,7天无理由|运费险|蚂蚁花呗|信用卡支付|集分宝,粮油调味/速食/干货/烘焙,方便速食/速冻食品,即食火锅,,,2021-05-30,22:06:00,5天10时57分9秒,日,http://item.taobao.com/item.htm?id=566546104350,https://kandianbao.com/item/566546104350/,颜色白了很多(2);异味非常满意(2);正品(9);有甜味(8);很大个(23);品种少的可怜(2)
106,https://img.alicdn.com/imgextra/i4/3874929428/O1CN01RL8w5H2JW4mv4AaAN_!!3874929428.jpg,自嗨锅 煲仔饭自热米饭速食食品懒人快餐即食火锅自加热方便米饭,	596580482440,,9.9,14.8,25.9,25.9,57.14%,14,91638,0,21571,551671,3.47%,255832.06000000003,1.40%,6542818.0600000005,64484,106179,1,,,聚划算,7天无理由|运费险|蚂蚁花呗|信用卡支付|集分宝,粮油调味/速食/干货/烘焙,方便速食/速冻食品,方便米饭,,,2021-05-29,16:57:55,4天5时49分4秒,六,http://item.taobao.com/item.htm?id=596580482440,https://kandianbao.com/item/596580482440/,有点油(6);辣味不重(28);正品(17);卫生(24);很大个(5);擅自调换品种(3)
107,https://img.alicdn.com/imgextra/i1/3874929428/O1CN01dB0Boe2JW4mu5NNm0_!!3874929428.jpg,自嗨锅自热小火锅方便粉丝嗦哈酸辣粉火锅懒人网红即食官网旗舰店,	625809152794,,13.9,13.9,20.9,20.9,66.51%,1,4696,0,26230,157690,4.22%,364597,1.99%,2191891,17508,12902,0,,,聚划算,7天无理由|运费险|蚂蚁花呗|信用卡支付|集分宝,粮油调味/速食/干货/烘焙,方便速食/速冻食品,方便粉丝/米线/螺蛳粉,,,2021-05-27,09:30:24,1天22时21分33秒,四,http://item.taobao.com/item.htm?id=625809152794,https://kandianbao.com/item/625809152794/,有点油(2);辣辣的(31);正品(4);第二次回购(116);很好吃(955);不要买(13)
108,https://img.alicdn.com/imgextra/i2/3874929428/O1CN01pZcpbV2JW4mr2R9ft_!!3874929428.jpg,自嗨锅自热火锅夜宵网红懒人速食方便自热即食小火锅官网旗舰店,	625391063558,,79.8,79.8,127,127,62.83%,2,3203,0,28077,297156,4.52%,2240544.6,12.24%,23713048.8,114996,47683,0,,,聚划算,7天无理由|运费险|蚂蚁花呗|信用卡支付|集分宝,粮油调味/速食/干货/烘焙,方便速食/速冻食品,即食火锅,,,2021-05-19,23:21:05,5天11时47分15秒,三,http://item.taobao.com/item.htm?id=625391063558,https://kandianbao.com/item/625391063558/,效果好(2);很好吃(2879);没破损(18);量足(220);会回购(279);品牌无语(3)
109,https://img.alicdn.com/imgextra/i3/3874929428/O1CN01L6heUs2JW4myaBhcx_!!3874929428.jpg,自嗨锅煲仔饭方便网红懒人食品早餐即食自热米饭速食方便米饭8桶,	619691233001,,81.8,89.8,199,199,45.13%,2,9147,0,37233,654105,5.99%,3164805,17.28%,55598925,148750,120030,0,,,聚划算,7天无理由|运费险|蚂蚁花呗|信用卡支付|集分宝,粮油调味/速食/干货/烘焙,方便速食/速冻食品,方便米饭,,,2021-05-29,23:35:31,4天12时26分40秒,六,http://item.taobao.com/item.htm?id=619691233001,https://kandianbao.com/item/619691233001/,很辣(45);学生喜欢吃(2);香味十足(10);种类比较繁多(28);方便加热即食(2);没写生产日期(4)
110,https://img.alicdn.com/imgextra/i4/3874929428/O1CN01dg4EFw2JW4mHiBaCV_!!3874929428-0-lubanu-s.jpg,【直播间专享】自嗨锅煲仔饭多口味自选懒人快餐即食方便自热米饭,	613203023742,,14.8,16.8,29.9,32.9,51.06%,13,2899,7,40027,329671,6.44%,624421.2000000001,3.41%,5142867.600000001,20784,49640,0,,,专属优惠,7天无理由|运费险|蚂蚁花呗|信用卡支付|集分宝,粮油调味/速食/干货/烘焙,方便速食/速冻食品,方便米饭,,,2021-05-29,09:01:59,3天21时53分8秒,六,http://item.taobao.com/item.htm?id=613203023742,https://kandianbao.com/item/613203023742/,偏甜(11);辣辣的(38);一致(3);很好吃(3198);清香(13);骗人(41)
111,https://img.alicdn.com/imgextra/i3/3874929428/O1CN01weHYR02JW4mtqKT7r_!!3874929428-0-lubanu-s.jpg,【8点直接开抢！】自嗨锅爆品全家福火锅懒人必备加班必囤,	644194049949,,20.0,20.0,199.9,199.9,10.01%,1,53399,0,46572,46570,7.50%,931440,5.09%,931400,13932,1,0,,,预售价,7天无理由|运费险|蚂蚁花呗|信用卡支付|集分宝,粮油调味/速食/干货/烘焙,方便速食/速冻食品,即食火锅,,,2021-05-31,20:00:00,6天8时51分9秒,一,http://item.taobao.com/item.htm?id=644194049949,https://kandianbao.com/item/644194049949/, 
112,https://img.alicdn.com/imgextra/i4/3874929428/O1CN01J86zJB2JW4n0iIe1W_!!3874929428.jpg,自嗨锅煲仔饭多口味自热米饭速食懒人快餐即食自助方便自热火锅,	593629893077,,9.9,14.8,25.9,25.9,57.14%,14,88804,0,148185,4630705,23.85%,1757474.1,9.60%,54920161.300000004,657726,942558,6,,,聚划算,7天无理由|运费险|蚂蚁花呗|信用卡支付|集分宝,粮油调味/速食/干货/烘焙,方便速食/速冻食品,即食火锅,,,2021-05-29,16:56:22,4天5时47分31秒,六,http://item.taobao.com/item.htm?id=593629893077,https://kandianbao.com/item/593629893077/,有肥肉(4);很干(2);辣辣的(177);效果好(14);方便加热即食(3);爸爸吃不太饱(4)
,,,,,,,,,,,,,30天销量总计,,,30天销售额总计,,,收藏数总计,,分享量总计,,,,,,,,,,,,,,,,
,,,,,,,,,,,,,621223,,,18309649.059999995,,,3714048,,34,,,,,,,,,,,,,,,,
序号,主图,标题,宝贝id,货号,销售价最低,销售价最高,原价最低,原价最高,折扣率,sku数量,库存,邮费,30天销量,总销量,占全店销量比例,30天销售额,占全店销售额比例,总销售额,收藏数,评价数,PC总分享量,宝贝促销,店铺促销,活动促销,服务保证,一级类目,二级类目,三级类目,宝贝创建时间,宝贝创建时长,下架日期,下架时间,天数,星期,宝贝地址,分析地址,评价标签
数据下载时间：2021-05-25 11:08:56 功能：看店宝【kandianbao.com】全店宝贝 相关查询网址：https://kandianbao.com/dian/自嗨锅旗舰店,,,,,,,,,,,,,,,,,,,,,,,,,,,,,,,,,,,,,