数据下载时间：2021-05-27 12:08:33 功能：看店宝【kandianbao.com】全店宝贝 相关查询网址：https://kandianbao.com/dian/悠趣熊旗舰店,,,,,,,,,,,,,,,,,,,,,,,,,,,,,,,,,,,,,
序号,主图,标题,宝贝id,货号,销售价最低,销售价最高,原价最低,原价最高,折扣率,sku数量,库存,邮费,30天销量,总销量,占全店销量比例,30天销售额,占全店销售额比例,总销售额,收藏数,评价数,PC总分享量,宝贝促销,店铺促销,活动促销,服务保证,一级类目,二级类目,三级类目,宝贝创建时间,宝贝创建时长,下架日期,下架时间,天数,星期,宝贝地址,分析地址,评价标签
1,https://img.alicdn.com/imgextra/i1/3140351558/O1CN01DmUxcn1NNberEIhAj_!!3140351558.jpg,新货临安山核桃碎仁散装500g小胡桃核桃仁碎袋装坚果孕妇零食品,	612923668623,,27.8,52.8,88,88,60.00%,2,21882,0,13,332,0.02%,491.40000000000003,0.03%,12549.600000000002,172,66,0,,,新品抢购,7天无理由|蚂蚁花呗|信用卡支付|集分宝,零食/坚果/特产,山核桃/坚果/炒货,核桃仁,,,2021-05-29,20:32:05,2天8时23分35秒,六,http://item.taobao.com/item.htm?id=612923668623,https://kandianbao.com/item/612923668623/, 
2,https://img.alicdn.com/imgextra/i1/3140351558/O1CN018A5c4W1NNbjyIXxKZ_!!3140351558-0-lubanu-s.jpg,新货松子仁500g袋装熟原味烘焙无添加松果孕妇休闲坚果零食,	617320766603,,59.9,110.0,288,350,31.43%,2,9490,0,17,499,0.03%,1358.98,0.07%,39890.06,202,143,0,,,活动中,7天无理由|蚂蚁花呗|信用卡支付|集分宝,零食/坚果/特产,山核桃/坚果/炒货,松子,,,2021-06-01,21:31:59,5天9时23分29秒,二,http://item.taobao.com/item.htm?id=617320766603,https://kandianbao.com/item/617320766603/,特别好吃(7);果粒饱满(2);会回购(2);客服态度很好(2)
3,https://img.alicdn.com/imgextra/i1/3140351558/O1CN01NRyKjr1NNbk0l2nXo_!!3140351558-0-lubanu-s.jpg,新货带皮腰果仁100g*3罐装盐焗口味越南特产紫皮大腰果坚果零食,	640766882086,,26.9,26.9,188,188,14.31%,1,4862,0,24,186,0.04%,645.5999999999999,0.03%,5003.4,64,53,0,,,新品抢购,7天无理由|蚂蚁花呗|信用卡支付|集分宝,零食/坚果/特产,山核桃/坚果/炒货,腰果,,,2021-05-27,21:21:50,9时13分20秒,四,http://item.taobao.com/item.htm?id=640766882086,https://kandianbao.com/item/640766882086/,价格蛮实惠(4);口感非常好(15);份量很足(2);质量好(2);很大个(3);会回购(4)
4,https://img.alicdn.com/imgextra/i1/3140351558/O1CN01aArsd41NNbkgfJHg3_!!3140351558-0-lubanu-s.jpg,新货特级新疆红枣若羌灰枣和田大枣小红枣500g袋装孕妇特产零食,	645675210060,,22.8,25.8,128,128,20.16%,2,9970,0,30,30,0.06%,720.0000000000001,0.04%,720.0000000000001,8,0,0,,,活动中,7天无理由|蚂蚁花呗|信用卡支付|集分宝,零食/坚果/特产,蜜饯/枣类/梅/果干/冻干,枣类制品,,,2021-05-31,16:16:27,4天4时7分57秒,一,http://item.taobao.com/item.htm?id=645675210060,https://kandianbao.com/item/645675210060/, 
5,https://img.alicdn.com/imgextra/i1/3140351558/O1CN01Ls0dT51NNbjsImALg_!!3140351558-0-lubanu-s.jpg,新货冰糖金桔干袋装500g金橘干小金桔干蜜饯果脯零食孕妇儿童零食,	613479093823,,12.8,20.8,88,88,23.64%,2,20776,0,31,1444,0.06%,496,0.03%,23104,266,393,0,,,活动中,7天无理由|蚂蚁花呗|信用卡支付|集分宝,零食/坚果/特产,蜜饯/枣类/梅/果干/冻干,金桔类制品,,,2021-05-27,20:00:38,7时52分8秒,四,http://item.taobao.com/item.htm?id=613479093823,https://kandianbao.com/item/613479093823/,份量很足(3);很大个(2);很好吃(16);多次回购(3);物美价廉(2);包装给力(3)
6,https://img.alicdn.com/imgextra/i1/3140351558/O1CN01ux2N7p1NNbkbWmo3O_!!3140351558-0-lubanu-s.jpg,新货云南野地七彩花生500g原味花生米带壳生熟新鲜种子小零食炒货,	644927144384,,16.8,29.8,128,128,23.28%,4,19964,0,36,37,0.07%,792,0.04%,814,10,0,0,,,活动中,7天无理由|蚂蚁花呗|信用卡支付|集分宝,零食/坚果/特产,山核桃/坚果/炒货,花生,,,2021-05-31,16:16:20,4天4时7分50秒,一,http://item.taobao.com/item.htm?id=644927144384,https://kandianbao.com/item/644927144384/, 
7,https://img.alicdn.com/imgextra/i1/3140351558/O1CN01e90PHl1NNbk3Q2enT_!!3140351558-0-lubanu-s.jpg,新货爆米花散装500g整箱奶油味爆米花专用玉米粒膨化休闲食品,	614228228671,,9.9,14.9,88,88,16.93%,4,28745,0,38,1220,0.07%,452.2000000000001,0.02%,14518.000000000002,302,255,0,,,活动中,7天无理由|蚂蚁花呗|信用卡支付|集分宝,零食/坚果/特产,饼干/膨化,膨化食品,,,2021-05-30,20:32:44,3天8时24分14秒,日,http://item.taobao.com/item.htm?id=614228228671,https://kandianbao.com/item/614228228671/,不脆(2);很好吃(7);外包装不错(2);很难吃(2)
8,https://img.alicdn.com/imgextra/i1/3140351558/O1CN01tiVm7S1NNbjs5CBS7_!!3140351558-0-lubanu-s.jpg,蓝莓干果干酸甜蓝梅干散装500g蜜饯果脯孕妇办公室零食,	613844447944,,23.8,43.8,88,88,49.77%,2,20725,0,40,1487,0.07%,1272,0.07%,47286.6,1284,379,0,,,活动中,7天无理由|蚂蚁花呗|信用卡支付|集分宝,零食/坚果/特产,蜜饯/枣类/梅/果干/冻干,蓝莓,,,2021-06-01,22:27:31,5天10时19分1秒,二,http://item.taobao.com/item.htm?id=613844447944,https://kandianbao.com/item/613844447944/,超级实惠(3);甜甜的(2);很好吃(10);会回购(4)
9,https://img.alicdn.com/imgextra/i1/3140351558/O1CN01sISNqb1NNbk5fkwzW_!!3140351558-0-lubanu-s.jpg,悠趣熊2020新货香榧子诸暨枫桥特产袋装500g坚果干果孕妇零食,	604788080070,,35.8,68.8,168,168,40.95%,2,16940,0,41,2926,0.08%,2009,0.10%,143374,1108,799,0,,,活动中,7天无理由|蚂蚁花呗|信用卡支付|集分宝,零食/坚果/特产,山核桃/坚果/炒货,香榧,,,2021-06-01,15:56:42,5天3时48分12秒,二,http://item.taobao.com/item.htm?id=604788080070,https://kandianbao.com/item/604788080070/,回购好多次(2);很好吃(7);量足(2);很新鲜(2);包装很有创意(2)
10,https://img.alicdn.com/imgextra/i1/3140351558/O1CN01OKimyT1NNbk0v20si_!!3140351558-0-lubanu-s.jpg,新货榛子仁散装500g东北原味大榛子仁烘培原材料孕妇坚果零食特产,	614220346746,,26.8,51.8,88,88,58.86%,2,17295,0,43,4852,0.08%,1582.3999999999999,0.08%,178553.59999999998,3314,1259,0,,,新品抢购,7天无理由|蚂蚁花呗|信用卡支付|集分宝,零食/坚果/特产,山核桃/坚果/炒货,榛子,,,2021-05-28,19:00:36,1天6时52分6秒,五,http://item.taobao.com/item.htm?id=614220346746,https://kandianbao.com/item/614220346746/,营养极丰富(2);没有烂果(3);很好吃(33);再来买(4);果粒饱满(7);不好吃(9)
11,https://img.alicdn.com/imgextra/i1/3140351558/O1CN01W63KJF1NNbh2Nxiuv_!!3140351558-0-lubanu-s.jpg,2020年新货临安山核桃仁小核桃仁500g罐装胡桃肉原味小核桃肉坚果,	627723507915,,29.8,69.8,88,188,37.13%,3,147253,0,47,3339,0.09%,2152.6000000000004,0.11%,152926.2,668,901,0,,,活动中,7天无理由|蚂蚁花呗|信用卡支付|集分宝,零食/坚果/特产,山核桃/坚果/炒货,核桃仁,,,2021-06-01,16:27:31,5天4时19分1秒,二,http://item.taobao.com/item.htm?id=627723507915,https://kandianbao.com/item/627723507915/,二次回购(14);香脆(12);便宜(9);质量好(4);很好吃(57);味道不是很好(2)
12,https://img.alicdn.com/imgextra/i1/3140351558/O1CN01Pt4Rkj1NNbk9GsKZm_!!3140351558-0-lubanu-s.jpg,百香果干500g散装不胖酸甜水果干果脯蜜饯休闲好吃小零食,	618235917267,,19.8,33.8,88,88,38.41%,2,6248,0,48,3728,0.09%,1219.1999999999998,0.06%,94691.2,2462,880,0,,,活动中,7天无理由|蚂蚁花呗|信用卡支付|集分宝,零食/坚果/特产,蜜饯/枣类/梅/果干/冻干,蔬果干/混合冻干/混合果干,,,2021-05-27,17:40:18,5时31分48秒,四,http://item.taobao.com/item.htm?id=618235917267,https://kandianbao.com/item/618235917267/,比较硬(2);不怎么甜(2);很好吃(36);实惠(4);会回购(5);不好吃(4)
13,https://img.alicdn.com/imgextra/i1/3140351558/O1CN01Jkm2Qj1NNbk5JSa82_!!3140351558-0-lubanu-s.jpg,新货黄桃干500g散装果脯干桃子干桃肉水果干休闲蜜饯小吃零食袋装,	614211081892,,26.8,46.8,88,88,53.18%,2,20685,0,64,1510,0.12%,2227.2,0.12%,52547.99999999999,286,389,0,,,活动中,7天无理由|蚂蚁花呗|信用卡支付|集分宝,零食/坚果/特产,蜜饯/枣类/梅/果干/冻干,桃干,,,2021-06-01,20:17:42,5天8时9分12秒,二,http://item.taobao.com/item.htm?id=614211081892,https://kandianbao.com/item/614211081892/,太甜了(2);很好吃(24);实惠(2);生产期挺新(2);不新鲜(2)
14,https://img.alicdn.com/imgextra/i1/3140351558/O1CN0171uZRc1NNbjwwBz81_!!3140351558-0-lubanu-s.jpg,悠趣熊原味榛子坚果散装500g东北大榛子烘焙原材料零食干果特产,	616449108767,,16.8,29.8,88,88,33.86%,2,6188,0,73,8506,0.14%,1606,0.08%,187132,4178,1712,0,,,新品抢购,7天无理由|蚂蚁花呗|信用卡支付|集分宝,零食/坚果/特产,山核桃/坚果/炒货,榛子,,,2021-05-28,20:48:17,1天8时39分47秒,五,http://item.taobao.com/item.htm?id=616449108767,https://kandianbao.com/item/616449108767/,价格很便宜(4);很大个(2);很好吃(15);继续回购(3);皮很薄(2);坏了的(10)
15,https://img.alicdn.com/imgextra/i1/3140351558/O1CN01Ks2SNP1NNbk5ig0eA_!!3140351558-0-lubanu-s.jpg,琥珀花生米熟五香红皮椒盐芝麻散装多味花生下酒菜酥脆零食小吃,	622578697627,,15.8,25.8,88,88,29.32%,5,26510,0,74,3466,0.14%,1465.2,0.08%,68626.8,654,823,0,,,活动中,7天无理由|蚂蚁花呗|信用卡支付|集分宝,零食/坚果/特产,山核桃/坚果/炒货,花生,,,2021-06-02,16:00:14,6天3时51分44秒,三,http://item.taobao.com/item.htm?id=622578697627,https://kandianbao.com/item/622578697627/,微微的辣味(2);甜甜的(3);份量很足(2);很好吃(46);日期新鲜(2);会回购(4)
16,https://img.alicdn.com/imgextra/i1/3140351558/O1CN01tOOqlS1NNbjsG8Ufs_!!3140351558-0-lubanu-s.jpg,新货大杏仁手剥巴旦木500g散装巴坦木巴达木坚果炒货零食包邮,	600390112854,,19.8,69.8,118,118,59.15%,3,2462,0,78,12974,0.15%,3104.3999999999996,0.16%,516365.19999999995,2780,2958,0,,,活动中,7天无理由|蚂蚁花呗|信用卡支付|集分宝,零食/坚果/特产,山核桃/坚果/炒货,杏仁/巴旦木,,,2021-06-01,17:24:34,5天5时16分4秒,二,http://item.taobao.com/item.htm?id=600390112854,https://kandianbao.com/item/600390112854/,干净卫生(2);没有烂果(3);很脆(2);真的很大(3);口感非常好(38);分量不轻(2)
17,https://img.alicdn.com/imgextra/i3/3140351558/O1CN01N97BZT1NNbkNT0MlE_!!3140351558-0-lubanu-s.jpg,碧根果奶油味散装500g袋装碧根果仁旗舰店长寿果干果坚果小吃零食,	600609876852,,23.8,23.8,88,88,27.05%,4,6627,0,93,24789,0.17%,2213.4,0.12%,589978.2000000001,13728,5193,0,,,活动中,7天无理由|蚂蚁花呗|信用卡支付|集分宝,零食/坚果/特产,山核桃/坚果/炒货,长寿果/碧根果,,,2021-05-29,01:38:18,1天13时29分48秒,六,http://item.taobao.com/item.htm?id=600609876852,https://kandianbao.com/item/600609876852/,儿子很喜欢(5);份量很足(10);价格很便宜(25);脆脆的(9);质量好(4);坏的(4)
18,https://img.alicdn.com/imgextra/i1/3140351558/O1CN01cMPeNX1NNbjx79WE6_!!3140351558-0-lubanu-s.jpg,新货临安山核桃手剥小核桃500g袋装野生特大胡桃黑核桃炒货特产,	600409834968,,45.8,59.8,88.8,168,35.60%,9,173171,0,95,53501,0.18%,4883,0.26%,2749951.4,16192,12265,0,,,活动中,7天无理由|蚂蚁花呗|信用卡支付|集分宝,零食/坚果/特产,山核桃/坚果/炒货,山核桃,,,2021-06-02,17:20:56,6天5时12分26秒,三,http://item.taobao.com/item.htm?id=600409834968,https://kandianbao.com/item/600409834968/,香脆(2);便宜(10);很好吃(54);日期新鲜(4);比较大(4);很差(4)
19,https://img.alicdn.com/imgextra/i2/3140351558/O1CN016gC4nu1NNbk2qNyDh_!!3140351558-0-lubanu-s.jpg,新货苏式话梅500g散装孕妇酸甜开胃青梅凉果蜜饯梅子零食,	618213359671,,17.8,27.8,88,88,31.59%,2,8219,0,102,1756,0.19%,2223.6000000000004,0.12%,38280.80000000001,768,440,0,,,活动中,7天无理由|蚂蚁花呗|信用卡支付|集分宝,零食/坚果/特产,蜜饯/枣类/梅/果干/冻干,梅类制品,,,2021-05-27,19:36:06,7时27分36秒,四,http://item.taobao.com/item.htm?id=618213359671,https://kandianbao.com/item/618213359671/,便宜(4);很好吃(32);比较大(3);会回购(6);包装精致(4);有点贵(2)
20,https://img.alicdn.com/imgextra/i1/3140351558/O1CN01Y4xCEg1NNbk5duYHi_!!3140351558-0-lubanu-s.jpg,天目山农家自制多味笋丝即食花生青豆小包装袋装即食袋装500g包邮,	611110182141,,29.8,29.8,66,66,45.15%,2,8197,0,102,2527,0.19%,3039.6,0.16%,75304.6,838,658,0,,,活动中,7天无理由|蚂蚁花呗|信用卡支付|集分宝,零食/坚果/特产,蜜饯/枣类/梅/果干/冻干,笋类制品,,,2021-05-29,21:40:58,2天9时32分28秒,六,http://item.taobao.com/item.htm?id=611110182141,https://kandianbao.com/item/611110182141/,口感非常好(25);份量很足(3);多次回购(2);实惠(4);很新鲜(3);味道不太一样(4)
21,https://img.alicdn.com/imgextra/i1/3140351558/O1CN0118ydQD1NNbk2m8Xlw_!!3140351558-0-lubanu-s.jpg,新货无花果干散装500g新疆风干无添加孕妇煲汤用蜜饯小零食,	617166304738,,22.8,36.8,58,88,41.82%,2,5453,0,103,4491,0.19%,2925.2000000000003,0.15%,127544.40000000001,1230,994,0,,,活动中,7天无理由|蚂蚁花呗|信用卡支付|集分宝,零食/坚果/特产,蜜饯/枣类/梅/果干/冻干,无花果干,,,2021-05-31,12:39:37,4天31分7秒,一,http://item.taobao.com/item.htm?id=617166304738,https://kandianbao.com/item/617166304738/,坏果再来(4);不是很甜(10);大头大小均匀(6);质量好(2);很好吃(30);果粒不好(3)
22,https://img.alicdn.com/imgextra/i3/3140351558/O1CN01UyNjXs1NNbkWNF0TU_!!3140351558-0-lubanu-s.jpg,悠趣熊琥珀核桃仁500g净重焦糖蜂蜜味坚果熟核桃肉零食散装干果,	642551335518,,12.8,38.8,188,188,20.64%,3,14845,0,106,156,0.20%,2459.2000000000003,0.13%,3619.2000000000003,16,21,0,,,聚划算,7天无理由|蚂蚁花呗|信用卡支付|集分宝,零食/坚果/特产,山核桃/坚果/炒货,核桃仁,,,2021-05-28,12:32:40,1天24分10秒,五,http://item.taobao.com/item.htm?id=642551335518,https://kandianbao.com/item/642551335518/, 
23,https://img.alicdn.com/imgextra/i1/3140351558/O1CN01G7gX311NNbkLwzStv_!!3140351558-0-lubanu-s.jpg,悠趣熊黑芝麻丸手工蜂蜜黑芝麻球丸子孕妇即食糕点心休闲小吃零食,	642981704469,,19.8,19.8,88,88,22.50%,1,4888,0,109,112,0.20%,2158.2000000000003,0.11%,2217.6,22,15,0,,,新品上新,7天无理由|蚂蚁花呗|信用卡支付|集分宝,零食/坚果/特产,糕点/点心,传统糕点,,,2021-06-02,16:57:20,6天4时48分50秒,三,http://item.taobao.com/item.htm?id=642981704469,https://kandianbao.com/item/642981704469/, 
24,https://img.alicdn.com/imgextra/i1/3140351558/O1CN01koB09E1NNbk4x7KBP_!!3140351558-0-lubanu-s.jpg,无核话梅日式梅片500g梅子干散装休闲零食孕妇酸的小吃蜜饯果脯,	616506880339,,23.9,39.9,88,88,45.34%,2,4343,0,113,5518,0.21%,3423.9,0.18%,167195.4,4616,1406,0,,,活动中,7天无理由|蚂蚁花呗|信用卡支付|集分宝,零食/坚果/特产,蜜饯/枣类/梅/果干/冻干,梅类制品,,,2021-05-29,16:02:08,2天3时53分38秒,六,http://item.taobao.com/item.htm?id=616506880339,https://kandianbao.com/item/616506880339/,酸酸的(4);物流无暴力(2);便宜(6);很好吃(53);保质期长(3);真的特别酸(4)
25,https://img.alicdn.com/imgextra/i1/3140351558/O1CN01KaOYrb1NNbk7Dax9l_!!3140351558-0-lubanu-s.jpg,新货花生米散装熟五香椒盐多味红皮带衣盐炒新鲜花生仁小吃零食品,	612819396748,,16.8,30.8,88,88,35.00%,2,18082,0,117,4056,0.22%,2620.8,0.14%,90854.40000000001,1564,951,0,,,活动中,7天无理由|蚂蚁花呗|信用卡支付|集分宝,零食/坚果/特产,山核桃/坚果/炒货,花生,,,2021-05-27,19:48:06,7时39分36秒,四,http://item.taobao.com/item.htm?id=612819396748,https://kandianbao.com/item/612819396748/,味儿很好(24);份量很足(4);价格很便宜(3);脆脆的(5);很新鲜(4);快递暴力(2)
26,https://img.alicdn.com/imgextra/i1/3140351558/O1CN01Zg0zm31NNbk5NupzB_!!3140351558-0-lubanu-s.jpg,新货南瓜子500g袋装原味熟椒盐焗味南瓜籽坚果炒货办公室零食散装,	612761912554,,13.8,23.8,88,88,27.05%,2,6616,0,123,15425,0.23%,2189.4,0.11%,274565,2568,2943,0,,,新品抢购,7天无理由|蚂蚁花呗|信用卡支付|集分宝,零食/坚果/特产,山核桃/坚果/炒货,瓜子,,,2021-06-02,21:30:11,6天9时21分41秒,三,http://item.taobao.com/item.htm?id=612761912554,https://kandianbao.com/item/612761912554/,二次回购(10);价格很便宜(6);很好吃(56);质量还可以(3);果粒饱满(4);价钱有点小贵(4)
27,https://img.alicdn.com/imgextra/i1/3140351558/O1CN01gj4yUW1NNbk6qi8Dn_!!3140351558-0-lubanu-s.jpg,炭烧腰果500g越南特产干果原味腰果仁坚果散装休闲小吃干货零食,	600817163981,,19.8,65.8,98,298,22.08%,3,60073,0,123,142166,0.23%,4698.6,0.25%,5430741.2,63736,40813,0,,,活动中,7天无理由|蚂蚁花呗|信用卡支付|集分宝,零食/坚果/特产,山核桃/坚果/炒货,腰果,,,2021-05-29,19:30:29,2天7时21分59秒,六,http://item.taobao.com/item.htm?id=600817163981,https://kandianbao.com/item/600817163981/,油多(2);没有烂果(10);质量好(13);颗粒大(22);日期新鲜(25);皮不好剥掉(3)
28,https://img.alicdn.com/imgextra/i1/3140351558/O1CN01vsjzTN1NNbkLrTU4I_!!3140351558-0-lubanu-s.jpg,菠萝蜜干脱水果干零食即食越南特产果蔬脆片孕妇儿童休闲小吃零食,	642965148315,,19.8,19.8,88,88,22.50%,1,4871,0,125,126,0.23%,2475,0.13%,2494.8,14,12,0,,,新品上新,7天无理由|蚂蚁花呗|信用卡支付|集分宝,零食/坚果/特产,蜜饯/枣类/梅/果干/冻干,菠萝蜜,,,2021-06-02,16:57:22,6天4时48分52秒,三,http://item.taobao.com/item.htm?id=642965148315,https://kandianbao.com/item/642965148315/, 
29,https://img.alicdn.com/imgextra/i1/3140351558/O1CN01esgzNz1NNbk3YGr0O_!!3140351558-0-lubanu-s.jpg,日式蜂蜜味梅饼500g散装青梅子干无核话梅肉休闲食品酸甜孕妇零食,	641484612859,,25.8,45.8,88,88,52.05%,2,9706,0,137,286,0.26%,4630.599999999999,0.24%,9666.8,130,56,0,,,新品抢购,7天无理由|蚂蚁花呗|信用卡支付|集分宝,零食/坚果/特产,蜜饯/枣类/梅/果干/冻干,梅类制品,,,2021-05-28,11:21:05,23时12分35秒,五,http://item.taobao.com/item.htm?id=641484612859,https://kandianbao.com/item/641484612859/,很好吃(13);量足(3);性价比高(3);包装精致(2);非常酸爽(2);有点咸(2)
30,https://img.alicdn.com/imgextra/i1/3140351558/O1CN017q3BLU1NNbk1W7dDv_!!3140351558-0-lubanu-s.jpg,悠趣熊新货西梅干袋装500g梅子果脯低脂孕妇网红进口零食蜜饯小吃,	641862433747,,11.8,18.8,88,88,21.36%,2,9776,0,141,218,0.26%,2058.6000000000004,0.11%,3182.8,78,42,0,,,聚划算,7天无理由|蚂蚁花呗|信用卡支付|集分宝,零食/坚果/特产,蜜饯/枣类/梅/果干/冻干,梅类制品,,,2021-05-28,10:59:06,22时50分36秒,五,http://item.taobao.com/item.htm?id=641862433747,https://kandianbao.com/item/641862433747/,大头大小均匀(4);果肉很多(2);质量好(2);很好吃(6);足斤足两(2);会回购(3)
31,https://img.alicdn.com/imgextra/i1/3140351558/O1CN01wtshpv1NNbk0pzRUE_!!3140351558-0-lubanu-s.jpg,新货红薯干农家自制无糖无油无添加软糯半成品地瓜番薯干零食一箱,	613581927511,,18.8,32.8,88,88,37.27%,2,20568,0,144,1653,0.27%,3513.6,0.18%,40333.2,804,387,0,,,活动中,7天无理由|蚂蚁花呗|信用卡支付|集分宝,零食/坚果/特产,蜜饯/枣类/梅/果干/冻干,薯类制品,,,2021-05-27,20:47:58,8时39分28秒,四,http://item.taobao.com/item.htm?id=613581927511,https://kandianbao.com/item/613581927511/,不会太甜(3);儿子很喜欢(2);很好吃(12);没有添加剂(2);很干净(2);不好吃(5)
32,https://img.alicdn.com/imgextra/i2/3140351558/O1CN01JeqrrU1NNbkRANEzT_!!3140351558-0-lubanu-s.jpg,每日坚果小包装30包孕妇零食混合干果一整箱散装坚果仁吃货大礼包,	644874698230,,39.9,39.9,188,188,21.22%,1,4856,0,144,144,0.27%,5745.599999999999,0.30%,5745.599999999999,42,17,0,,,新品上新,7天无理由|蚂蚁花呗|信用卡支付|集分宝,零食/坚果/特产,山核桃/坚果/炒货,混合坚果,,,2021-05-29,13:03:20,2天54分50秒,六,http://item.taobao.com/item.htm?id=644874698230,https://kandianbao.com/item/644874698230/, 
33,https://img.alicdn.com/imgextra/i4/3140351558/O1CN01jeuTlp1NNbkImDlFA_!!3140351558-0-lubanu-s.jpg,悠趣熊椒盐香芋脆片 薄脆休闲小吃咸香芋头条网红办公室零食薯片,	642162382553,,12.9,21.9,58,58,37.76%,2,99792,0,146,204,0.27%,2409,0.13%,3366,32,31,0,,,聚划算,7天无理由|蚂蚁花呗|信用卡支付|集分宝,零食/坚果/特产,蜜饯/枣类/梅/果干/冻干,芋头条,,,2021-05-27,16:32:48,4时24分18秒,四,http://item.taobao.com/item.htm?id=642162382553,https://kandianbao.com/item/642162382553/, 
34,https://img.alicdn.com/imgextra/i1/3140351558/O1CN01ISEk771NNbk6v6U3u_!!3140351558-0-lubanu-s.jpg,悠趣熊芒果干500g蜜饯果干果脯干果办公室解馋孕妇零食水果干散装,	641490072997,,26.8,46.8,88,88,53.18%,2,9757,0,152,241,0.28%,5289.599999999999,0.28%,8386.8,58,41,0,,,新品抢购,7天无理由|蚂蚁花呗|信用卡支付|集分宝,零食/坚果/特产,蜜饯/枣类/梅/果干/冻干,芒果干,,,2021-05-28,12:54:07,1天45分37秒,五,http://item.taobao.com/item.htm?id=641490072997,https://kandianbao.com/item/641490072997/,不是很甜(2);份量很足(3);很好吃(8);包装完好无损(2);很新鲜(2);物流很快(2)
35,https://img.alicdn.com/imgextra/i3/3140351558/O1CN01YIsxSK1NNbk1bFzHe_!!3140351558-0-lubanu-s.jpg,新货半梅干散装500g半边梅鸳鸯梅情人梅李子干孕妇零食果干蜜饯,	616285832588,,9.8,9.8,88,88,11.14%,1,3653,0,155,3301,0.29%,1519,0.08%,32349.800000000003,772,696,0,,,聚划算,7天无理由|蚂蚁花呗|信用卡支付|集分宝,零食/坚果/特产,蜜饯/枣类/梅/果干/冻干,梅类制品,,,2021-06-02,20:29:07,6天8时20分37秒,三,http://item.taobao.com/item.htm?id=616285832588,https://kandianbao.com/item/616285832588/,不会太甜(3);果肉干净(3);多吃回购(2);份量很足(2);很大个(4);外包装破了(3)
36,https://img.alicdn.com/imgextra/i1/3140351558/O1CN01aHFg5G1NNbk0Un0S4_!!3140351558-0-lubanu-s.jpg,悠趣熊草莓干500g散装 新鲜水果脯冻干 孕妇抖音网红蜜饯休闲零食,	642164982005,,18.8,32.8,88,88,37.27%,2,9611,0,166,384,0.31%,4050.3999999999996,0.21%,9369.599999999999,154,85,0,,,新品上新,7天无理由|蚂蚁花呗|信用卡支付|集分宝,零食/坚果/特产,蜜饯/枣类/梅/果干/冻干,草莓干,,,2021-05-27,17:06:37,4时58分7秒,四,http://item.taobao.com/item.htm?id=642164982005,https://kandianbao.com/item/642164982005/,日期新的(7);口感非常好(24);份量很足(4);质量好(5);会回购(6);很新鲜(2)
37,https://img.alicdn.com/imgextra/i1/3140351558/O1CN01Irc9kl1NNbk5vonPM_!!3140351558-0-lubanu-s.jpg,悠趣熊每日坚果混合果仁500g孕妇零食散装什锦果仁实惠袋装小零食,	608110719099,,17.8,63.8,188,280,22.79%,7,147531,0,170,20006,0.32%,6154.000000000001,0.32%,724217.2000000001,10942,4783,0,,,活动中,7天无理由|蚂蚁花呗|信用卡支付|集分宝,零食/坚果/特产,山核桃/坚果/炒货,混合坚果,,,2021-05-28,19:36:46,1天7时28分16秒,五,http://item.taobao.com/item.htm?id=608110719099,https://kandianbao.com/item/608110719099/,颗粒比较小(4);非常实惠(34);卫生(3);跟相片相符(2);份量很足(25);封口不好(2)
38,https://img.alicdn.com/imgextra/i1/3140351558/O1CN01mvWLWp1NNbgpweAZ0_!!3140351558-0-lubanu-s.jpg,临安山核桃仁新货小核桃仁胡桃肉净含量100g*3罐装孕妇零食坚果仁,	618871134453,,19.9,56.9,188,188,30.27%,5,46782,0,171,29776,0.32%,5933.700000000001,0.31%,1033227.2000000001,11034,6842,0,,,活动中,7天无理由|蚂蚁花呗|信用卡支付|集分宝,零食/坚果/特产,山核桃/坚果/炒货,核桃仁,,,2021-06-01,19:20:42,5天7时12分12秒,二,http://item.taobao.com/item.htm?id=618871134453,https://kandianbao.com/item/618871134453/,小小的(2);很脆(18);质量好(5);分量非常足(12);甜而不腻(2);非常非常难吃(4)
39,https://img.alicdn.com/imgextra/i3/3140351558/O1CN01bEEmgj1NNbjuDKi4Y_!!3140351558-0-lubanu-s.jpg,新货鲜冻杨梅干500g散装新鲜酸甜开胃果脯孕妇休闲蜜饯小零食,	613392656869,,13.8,24.8,88,88,28.18%,2,19288,0,182,2930,0.34%,3312.4000000000005,0.17%,53326.00000000001,1328,719,0,,,活动中,7天无理由|蚂蚁花呗|信用卡支付|集分宝,零食/坚果/特产,蜜饯/枣类/梅/果干/冻干,梅类制品,,,2021-05-30,16:19:05,3天4时10分35秒,日,http://item.taobao.com/item.htm?id=613392656869,https://kandianbao.com/item/613392656869/,不是很甜(5);很大个(8);很好吃(52);保质期长(3);果粒饱满(2);不好吃(7)
40,https://img.alicdn.com/imgextra/i1/3140351558/O1CN01ieyaD01NNbk691Aq5_!!3140351558-0-lubanu-s.jpg,2021新货香榧坚果净含量500g罐装香榧子诸暨枫桥特产坚果礼盒零食,	629115326684,,65.8,65.8,88,88,74.77%,1,1044,0,184,3867,0.34%,12107.199999999999,0.63%,254448.59999999998,1036,822,0,,,活动中,7天无理由|蚂蚁花呗|信用卡支付|集分宝,零食/坚果/特产,山核桃/坚果/炒货,香榧,,,2021-06-02,13:31:13,6天1时22分43秒,三,http://item.taobao.com/item.htm?id=629115326684,https://kandianbao.com/item/629115326684/,非常的香脆(13);没有烂果(2);便宜(13);份量很足(14);质量好(3);发霉(2)
41,https://img.alicdn.com/imgextra/i1/3140351558/O1CN01TnQRzf1NNbkU2cvkC_!!3140351558-0-lubanu-s.jpg,童年零食沙炒番薯干农家散装自制休闲小吃硬薯条原味地瓜干红薯干,	605989925465,,15.9,24.9,88,88,28.30%,2,509,0,212,13283,0.40%,4134,0.22%,259018.5,6178,3072,0,,,聚划算,7天无理由|蚂蚁花呗|信用卡支付|集分宝,零食/坚果/特产,蜜饯/枣类/梅/果干/冻干,薯类制品,,,2021-05-28,11:07:25,22时58分55秒,五,http://item.taobao.com/item.htm?id=605989925465,https://kandianbao.com/item/605989925465/,硬硬的(7);没压碎(2);回购第二次(13);微甜(6);脆脆的(24);不好吃(12)
42,https://img.alicdn.com/imgextra/i1/3140351558/O1CN016cY5km1NNbkI0n9qr_!!3140351558-0-lubanu-s.jpg,悠趣熊网红牛肉粒零食粒牛肉干风干五香熟食办公室休闲小吃货特产,	643354325402,,19.8,39.8,88,128,31.09%,4,19779,0,217,218,0.41%,6032.600000000001,0.32%,6060.400000000001,54,17,0,,,新品上新,7天无理由|蚂蚁花呗|信用卡支付|集分宝,零食/坚果/特产,牛肉干/猪肉脯/卤味零食,牛肉类,,,2021-06-02,16:57:21,6天4时48分51秒,三,http://item.taobao.com/item.htm?id=643354325402,https://kandianbao.com/item/643354325402/, 
43,https://img.alicdn.com/imgextra/i3/3140351558/O1CN01yprz2X1NNbkSsaXlm_!!3140351558-0-lubanu-s.jpg,悠趣熊2020新货碧根果仁袋装山核桃仁长寿果500g奶油味坚果旗舰店,	605958696614,,29.8,55.8,188,188,29.68%,2,518,0,226,9264,0.42%,9085.2,0.47%,372412.80000000005,2616,2421,0,,,活动中,7天无理由|蚂蚁花呗|信用卡支付|集分宝,零食/坚果/特产,山核桃/坚果/炒货,长寿果/碧根果,,,2021-05-31,23:30:25,4天11时21分55秒,一,http://item.taobao.com/item.htm?id=605958696614,https://kandianbao.com/item/605958696614/,拉链包装(2);但是份量上(2);非常的香脆(14);质量好(4);很好吃(77);物流慢得要死(2)
44,https://img.alicdn.com/imgextra/i1/3140351558/O1CN01emvvfY1NNbfhdEobF_!!3140351558-0-lubanu-s.jpg,新货混合坚果仁酥500g糕点无添加手工传统小吃网红休闲孕妇零食,	618389090081,,21.8,21.8,88,88,24.77%,1,1666,0,229,3282,0.43%,4992.2,0.26%,71547.6,898,660,0,,,活动中,7天无理由|蚂蚁花呗|信用卡支付|集分宝,零食/坚果/特产,糕点/点心,传统糕点,,,2021-06-02,17:39:54,6天5时31分24秒,三,http://item.taobao.com/item.htm?id=618389090081,https://kandianbao.com/item/618389090081/,不算太甜(4);香脆(8);第二次回购(4);份量很足(2);很好吃(31);小孩子挺喜欢(2)
45,https://img.alicdn.com/imgextra/i1/3140351558/O1CN01HaGatw1NNbjzaXViB_!!3140351558-0-lubanu-s.jpg,新货香蕉脆片脱水香蕉干散装500g蜜饯水果干小吃休闲零食实惠装,	613280678910,,15.9,30.9,88,88,35.11%,2,18974,0,231,3225,0.43%,5058.9,0.26%,70627.5,504,716,0,,,聚划算,7天无理由|蚂蚁花呗|信用卡支付|集分宝,零食/坚果/特产,蜜饯/枣类/梅/果干/冻干,香蕉干/片,,,2021-05-27,10:56:23,1时12分54秒,四,http://item.taobao.com/item.htm?id=613280678910,https://kandianbao.com/item/613280678910/,日期特别新鲜(3);份量很足(4);脆脆的(5);质量好(2);超级好吃(23);口感一般(2)
46,https://img.alicdn.com/imgextra/i1/3140351558/O1CN01qZNpMk1NNbk7pYLfX_!!3140351558-0-lubanu-s.jpg,孕妇零食花生酥黑芝麻花生糖1斤好吃的网红小吃手工传统老式糕点,	620854933380,,17.8,45.8,88,198,23.13%,4,11689,0,232,8195,0.43%,6728.000000000001,0.35%,237655.00000000003,2652,2283,0,,,活动中,7天无理由|蚂蚁花呗|信用卡支付|集分宝,零食/坚果/特产,糕点/点心,传统糕点,,,2021-05-29,18:32:34,2天6时24分4秒,六,http://item.taobao.com/item.htm?id=620854933380,https://kandianbao.com/item/620854933380/,正版(2);甜甜的(25);真材实料(7);价格很便宜(15);很健康(3);就这态度(3)
47,https://img.alicdn.com/imgextra/i2/3140351558/O1CN01diEXl01NNbkIkQSGt_!!3140351558-0-lubanu-s.jpg,夏威夷果坚果奶油味500g散装干货果仁旗舰店零食大果整箱5斤礼包,	600538624645,,19.8,198.8,128,298,66.71%,7,186928,0,251,93302,0.47%,22941.4,1.20%,8527802.8,46644,20968,0,,,活动中,7天无理由|蚂蚁花呗|信用卡支付|集分宝,零食/坚果/特产,山核桃/坚果/炒货,夏威夷果,,,2021-05-27,22:29:47,10时21分17秒,四,http://item.taobao.com/item.htm?id=600538624645,https://kandianbao.com/item/600538624645/,没有烂果(9);甜甜的(3);便宜(34);质量好(7);很好吃(154);份量堪忧(5)
48,https://img.alicdn.com/imgextra/i1/3140351558/O1CN01UImwi31NNbk0IrBRM_!!3140351558-0-lubanu-s.jpg,新货临安山核桃仁原味小核桃仁散装500g小包简装孕妇零食坚果肉,	612795437840,,36.8,69.8,298,298,23.42%,13,441032,0,256,34435,0.48%,12800,0.67%,1721750,10440,8472,0,,,活动中,7天无理由|蚂蚁花呗|信用卡支付|集分宝,零食/坚果/特产,山核桃/坚果/炒货,核桃仁,,,2021-05-29,12:32:21,2天23分51秒,六,http://item.taobao.com/item.htm?id=612795437840,https://kandianbao.com/item/612795437840/,保存新鲜(3);没有烂果(2);家里人都爱吃(5);日期新鲜(23);会回购(55);不会再买(2)
49,https://img.alicdn.com/imgextra/i1/3140351558/O1CN01UEOaaZ1NNbgrh2tat_!!3140351558-0-lubanu-s.jpg,综合果仁纯每日坚果仁混合装100g*3罐装孕妇坚果零食小山核桃仁,	627146223181,,36.8,59.8,188,188,31.81%,4,17168,0,259,2755,0.48%,11914,0.62%,126730,1418,484,0,,,活动中,7天无理由|蚂蚁花呗|信用卡支付|集分宝,零食/坚果/特产,山核桃/坚果/炒货,混合坚果,,,2021-05-31,14:58:54,4天2时50分24秒,一,http://item.taobao.com/item.htm?id=627146223181,https://kandianbao.com/item/627146223181/,快递没有损坏(3);很脆(5);儿子很喜欢(4);很好吃(21);量足(4);坏的(2)
50,https://img.alicdn.com/imgextra/i1/3140351558/O1CN01xMJbgt1NNbk8RlSUU_!!3140351558-0-lubanu-s.jpg,新货蚕豆兰花豆茴香豆牛肉味香辣味5斤装香酥休闲零食炒货下酒菜,	615208450177,,19.8,38.8,88,88,44.09%,4,84203,0,267,4628,0.50%,7315.799999999999,0.38%,126807.2,1102,1089,0,,,活动中,7天无理由|蚂蚁花呗|信用卡支付|集分宝,零食/坚果/特产,山核桃/坚果/炒货,豆类制品,,,2021-06-02,19:32:05,6天7时23分35秒,三,http://item.taobao.com/item.htm?id=615208450177,https://kandianbao.com/item/615208450177/,没有很辣(2);有甜味(2);量大(9);日期新(4);很脆(11);不好吃(4)
51,https://img.alicdn.com/imgextra/i3/3140351558/O1CN01bPWjvs1NNbkPPc4N6_!!3140351558-0-lubanu-s.jpg,大颗粒开心果散装500g袋装原色原味无添加孕妇零食坚果旗舰店炒货,	600329808755,,26.8,238.8,138,298,80.13%,4,8080,0,279,43270,0.52%,31136.4,1.63%,4828932,19418,10378,0,,,活动中,7天无理由|蚂蚁花呗|信用卡支付|集分宝,零食/坚果/特产,山核桃/坚果/炒货,开心果,,,2021-05-31,19:20:23,4天7时11分53秒,一,http://item.taobao.com/item.htm?id=600329808755,https://kandianbao.com/item/600329808755/,品相还很完整(3);价格很便宜(29);很大个(20);多次回购(22);品质很好(12);不会再买(2)
52,https://img.alicdn.com/imgextra/i1/3140351558/O1CN01OlA9581NNbk1IT4mz_!!3140351558-0-lubanu-s.jpg,特产大颗粒吊瓜子奶油味500g坚果炒货零食干果特产散装瓜蒌子大籽,	605638831814,,19.8,36.8,128,128,28.75%,2,1073612,0,335,25896,0.63%,8911,0.47%,688833.6000000001,9136,5932,0,,,活动中,7天无理由|蚂蚁花呗|信用卡支付|集分宝,零食/坚果/特产,山核桃/坚果/炒货,瓜子,,,2021-05-28,15:08:47,1天3时0分17秒,五,http://item.taobao.com/item.htm?id=605638831814,https://kandianbao.com/item/605638831814/,太甜了(2);不咸(2);便宜(22);很好吃(124);外观很高大上(2);坏的(5)
53,https://img.alicdn.com/imgextra/i4/3140351558/O1CN01KcjdFZ1NNbkX1xOhZ_!!3140351558-0-lubanu-s.jpg,悠趣熊话梅干话梅肉无核酸甜散装梅子饼盐津梅饼蜜饯果干孕妇零食,	613654202800,,12.9,21.9,88,88,24.89%,2,14019,0,352,8082,0.66%,5808,0.30%,133353,3592,1776,0,,,聚划算,7天无理由|蚂蚁花呗|信用卡支付|集分宝,零食/坚果/特产,蜜饯/枣类/梅/果干/冻干,梅类制品,,,2021-06-02,19:24:30,6天7时16分0秒,三,http://item.taobao.com/item.htm?id=613654202800,https://kandianbao.com/item/613654202800/,果肉很多(6);甜甜的(3);便宜(6);质量好(6);包装挺好(5);不好吃(6)
54,https://img.alicdn.com/imgextra/i1/3140351558/O1CN01LOb4nv1NNbkLwZ0z6_!!3140351558-0-lubanu-s.jpg,好吃猪肉脯手撕肉干网红零食孕妇美食健康营养小吃休闲食品熟食,	642980984379,,29.8,29.8,168,168,17.74%,1,4631,0,357,364,0.67%,10638.6,0.56%,10847.2,68,29,0,,,新品上新,7天无理由|蚂蚁花呗|信用卡支付|集分宝,零食/坚果/特产,牛肉干/猪肉脯/卤味零食,猪肉类,,,2021-06-02,16:57:21,6天4时48分51秒,三,http://item.taobao.com/item.htm?id=642980984379,https://kandianbao.com/item/642980984379/, 
55,https://img.alicdn.com/imgextra/i2/3140351558/O1CN013hNmZP1NNbkXrr5IJ_!!3140351558-0-lubanu-s.jpg,新货腰果仁500g原味烘培材料越南生腰果散装称斤袋装孕妇零食,	612977873555,,25.8,40.8,168,168,24.29%,4,26517,0,470,15491,0.88%,14946,0.78%,492613.8,6374,2809,0,,,活动中,7天无理由|蚂蚁花呗|信用卡支付|集分宝,零食/坚果/特产,山核桃/坚果/炒货,腰果,,,2021-05-28,17:25:18,1天5时16分48秒,五,http://item.taobao.com/item.htm?id=612977873555,https://kandianbao.com/item/612977873555/,没有烂果(4);很脆(7);质量好(19);颗粒大(7);很新鲜(24);不好吃(7)
56,https://img.alicdn.com/imgextra/i2/3140351558/O1CN01YINnrE1NNbkXrobJv_!!3140351558-0-lubanu-s.jpg,新货带皮腰果仁500g盐焗口味越南特产紫皮大腰果散装称斤坚果零食,	615341367454,,19.8,165.8,188,288,57.57%,6,241648,0,570,133502,1.07%,44574,2.33%,10439856.4,57782,33393,0,,,活动中,7天无理由|蚂蚁花呗|信用卡支付|集分宝,零食/坚果/特产,山核桃/坚果/炒货,腰果,,,2021-06-02,00:06:52,5天11时58分22秒,三,http://item.taobao.com/item.htm?id=615341367454,https://kandianbao.com/item/615341367454/,挺满意外形(7);不干(4);没有烂果(28);好香(3);没破损(5);骗人(12)
57,https://img.alicdn.com/imgextra/i1/3140351558/O1CN01AVJLfc1NNbkMYcjew_!!3140351558-0-lubanu-s.jpg,悠趣熊新疆特产葡萄干散装大颗粒无核提子干免洗休闲特产零食小吃,	643447874964,,10.8,10.8,88,88,12.27%,1,49415,0,574,582,1.07%,6199.200000000001,0.32%,6285.6,44,51,0,,,聚划算,7天无理由|蚂蚁花呗|信用卡支付|集分宝,零食/坚果/特产,蜜饯/枣类/梅/果干/冻干,葡萄干,,,2021-05-31,09:46:25,3天21时37分55秒,一,http://item.taobao.com/item.htm?id=643447874964,https://kandianbao.com/item/643447874964/,很好吃(5);会回购(3);很新鲜(3);物流很快(3);包装很好(3);颗粒合适(2)
58,https://img.alicdn.com/imgextra/i1/3140351558/O1CN013UDbRG1NNbkUqmOoe_!!3140351558-0-lubanu-s.jpg,新货云南野地七彩花生500g原味花生米带壳生熟新鲜种子小零食炒货,	616937985726,,23.8,25.8,188,198,13.03%,2,2265,0,596,22978,1.11%,14661.600000000002,0.77%,565258.8000000002,5942,2844,0,,,活动中,7天无理由|蚂蚁花呗|信用卡支付|集分宝,零食/坚果/特产,山核桃/坚果/炒货,花生,,,2021-05-31,14:58:34,4天2时50分4秒,一,http://item.taobao.com/item.htm?id=616937985726,https://kandianbao.com/item/616937985726/,甜甜的(14);果粒饱满(5);会回购(27);性价比高(3);包装很好(18);质量一般(3)
59,https://img.alicdn.com/imgextra/i1/3140351558/O1CN01LZm68L1NNbk1CNv3d_!!3140351558-0-lubanu-s.jpg,特级特大松子东北手剥开口松子仁散装500g非巴西松子干果坚果零食,	612906294635,,29.8,298.8,88,388,77.01%,6,19008,0,616,33055,1.15%,84638.40000000002,4.42%,4541757.000000001,16242,8518,0,,,活动中,7天无理由|蚂蚁花呗|信用卡支付|集分宝,零食/坚果/特产,山核桃/坚果/炒货,松子,,,2021-06-02,19:10:47,6天7时2分17秒,三,http://item.taobao.com/item.htm?id=612906294635,https://kandianbao.com/item/612906294635/,果肉很多(2);价格很便宜(47);质量好(4);相信品牌(2);很大个(34);不是大颗粒(6)
60,https://img.alicdn.com/imgextra/i2/3140351558/O1CN01R1DO3E1NNbkWDhdPf_!!3140351558-0-lubanu-s.jpg,悠趣熊原味巴旦木仁坚果仁美国大杏仁500g孕妇零食扁桃仁干果散装,	613276458664,,19.8,68.8,88,88,78.18%,6,26293,0,1405,48742,2.63%,55357,2.89%,1920434.8,16152,11161,0,,,活动中,7天无理由|蚂蚁花呗|信用卡支付|集分宝,零食/坚果/特产,山核桃/坚果/炒货,杏仁/巴旦木,,,2021-06-02,20:36:35,6天8时28分5秒,三,http://item.taobao.com/item.htm?id=613276458664,https://kandianbao.com/item/613276458664/,甘甜(12);脆脆的(74);质量好(39);果粒饱满(44);量足(76);偶尔有坏果(3)
61,https://img.alicdn.com/imgextra/i4/3140351558/O1CN01N1kxX01NNbkVavnL0_!!3140351558-0-lubanu-s.jpg,原味巴旦木仁500g罐装坚果烘焙大杏仁片干果扁桃仁孕妇零食袋装,	644443145395,,19.9,35.9,128,188,19.10%,4,18407,0,1562,1587,2.92%,41080.6,2.15%,41738.1,288,91,0,,,活动中,7天无理由|蚂蚁花呗|信用卡支付|集分宝,零食/坚果/特产,山核桃/坚果/炒货,杏仁/巴旦木,,,2021-05-28,13:40:14,1天1时31分44秒,五,http://item.taobao.com/item.htm?id=644443145395,https://kandianbao.com/item/644443145395/, 
62,https://img.alicdn.com/imgextra/i1/3140351558/O1CN01O3zVw11NNbkgSr2ac_!!3140351558-0-lubanu-s.jpg,好吃的鳕鱼片孕妇儿童零食海味即食海鲜小吃健康营养烤小鱼干鱼皮,	643358469416,,22.8,39.8,88,88,45.23%,2,8091,0,1886,1898,3.53%,55825.600000000006,2.92%,56180.8,220,70,0,,,新品上新,7天无理由|蚂蚁花呗|信用卡支付|集分宝,零食/坚果/特产,鱿鱼丝/鱼干/海味即食,即食鱼零食,,,2021-06-02,16:57:21,6天4时48分51秒,三,http://item.taobao.com/item.htm?id=643358469416,https://kandianbao.com/item/643358469416/, 
63,https://img.alicdn.com/imgextra/i1/3140351558/O1CN01Z2acqj1NNbkImK37r_!!3140351558-0-lubanu-s.jpg,新疆大红枣片无核酥脆枣片干泡茶泡水喝养生孕妇零食1000g枣圈,	623944450998,,19.8,25.8,58,58,44.48%,3,156508,0,2289,11338,4.28%,50815.8,2.65%,251703.60000000003,2178,2113,0,,,活动中,7天无理由|蚂蚁花呗|信用卡支付|集分宝,零食/坚果/特产,蜜饯/枣类/梅/果干/冻干,枣类制品,,,2021-05-27,21:44:51,9时36分21秒,四,http://item.taobao.com/item.htm?id=623944450998,https://kandianbao.com/item/623944450998/,无核(5);儿子很喜欢(15);个子挺大(9);没杂质(2);很健康(5);甜度有(2)
64,https://img.alicdn.com/imgextra/i1/3140351558/O1CN01cMCgQw1NNbkISJ7N2_!!3140351558-0-lubanu-s.jpg,好吃烤鳗鱼片孕妇儿童零食鱼干海鲜即食休闲小吃网红健康烤鱼片,	643700362903,,28.8,55.8,88,88,63.41%,2,6578,0,3352,3376,6.27%,132739.19999999998,6.93%,133689.59999999998,1404,298,0,,,新品上新,7天无理由|蚂蚁花呗|信用卡支付|集分宝,零食/坚果/特产,鱿鱼丝/鱼干/海味即食,即食鱼零食,,,2021-06-02,16:57:21,6天4时48分51秒,三,http://item.taobao.com/item.htm?id=643700362903,https://kandianbao.com/item/643700362903/,回购n次(2);很好吃(9);量足(2);生产期挺新(2);物流很快(2);价格实惠(2)
65,https://img.alicdn.com/imgextra/i1/3140351558/O1CN01C5ZgzU1NNbioUE6zc_!!3140351558-0-lubanu-s.jpg,好吃黑芝麻酥糖芝麻糕点心切糕传统健康小吃休闲食品孕妇营养零食,	609179451606,,19.8,36.8,99,99,37.17%,5,62518,0,4863,60509,9.09%,129355.8,6.76%,1609539.4000000001,28800,10605,0,,,淘宝吃货,7天无理由|蚂蚁花呗|信用卡支付|集分宝,零食/坚果/特产,糕点/点心,传统糕点,,,2021-05-27,12:35:37,27分7秒,四,http://item.taobao.com/item.htm?id=609179451606,https://kandianbao.com/item/609179451606/,送人让人满意(12);适合孕妇(2);果肉看得见(2);老年人可以吃(11);好香(11);难闻气味(2)
66,https://img.alicdn.com/imgextra/i4/3140351558/O1CN011iQ8iZ1NNbkTIkXPP_!!3140351558-0-lubanu-s.jpg,油炸兰花豆无油蚕豆原味炒胡豆子2斤袋装牛肉味零食小吃休闲食品,	613881928084,,16.8,24.8,88,88,28.18%,4,48954,0,6300,54871,11.78%,126000,6.58%,1097420,10834,10664,0,,,聚划算,7天无理由|蚂蚁花呗|信用卡支付|集分宝,零食/坚果/特产,山核桃/坚果/炒货,豆类制品,,,2021-05-31,22:13:42,4天10时5分12秒,一,http://item.taobao.com/item.htm?id=613881928084,https://kandianbao.com/item/613881928084/,不硬(24);油味没有变质(9);甜甜的(14);好香(7);很脆(199);不要买(5)
67,https://img.alicdn.com/imgextra/i2/3140351558/O1CN01qu7iNb1NNbkdZkU26_!!3140351558-0-lubanu-s.jpg,每日坚果混合坚果仁好吃干果500g罐装小包装礼盒孕妇健康营养零食,	643837646113,,25.8,43.8,128,188,23.30%,8,30489,0,9199,9320,17.20%,303567,15.86%,307560,2796,1173,0,,,新品抢购,7天无理由|蚂蚁花呗|信用卡支付|集分宝,零食/坚果/特产,山核桃/坚果/炒货,混合坚果,,,2021-05-28,12:45:28,1天36分58秒,五,http://item.taobao.com/item.htm?id=643837646113,https://kandianbao.com/item/643837646113/,爱了封口(2);没碎渣(2);料很绝(4);香脆(9);价格很便宜(36);质量好(9)
68,https://img.alicdn.com/imgextra/i3/3140351558/O1CN01gCKa4l1NNbjdUteef_!!3140351558-0-lubanu-s.jpg,2021年新货临安山核桃仁小核桃仁500g独立小包装散装孕妇零食坚果,	627495060395,,35.8,67.8,168,168,40.36%,9,20187,0,12208,63633,22.82%,593308.8,31.00%,3092563.8000000003,22272,11361,0,,,淘宝吃货,7天无理由|蚂蚁花呗|信用卡支付|集分宝,零食/坚果/特产,山核桃/坚果/炒货,核桃仁,,,2021-06-02,17:34:23,6天5时25分53秒,三,http://item.taobao.com/item.htm?id=627495060395,https://kandianbao.com/item/627495060395/,非常的相符(3);没有烂果(13);没怪味(10);好香(2);价格很便宜(239);有怪味(2)
,,,,,,,,,,,,,30天销量总计,,,30天销售额总计,,,收藏数总计,,分享量总计,,,,,,,,,,,,,,,,
,,,,,,,,,,,,,53493,,,1914192.8799999997,,,425508,,0,,,,,,,,,,,,,,,,
序号,主图,标题,宝贝id,货号,销售价最低,销售价最高,原价最低,原价最高,折扣率,sku数量,库存,邮费,30天销量,总销量,占全店销量比例,30天销售额,占全店销售额比例,总销售额,收藏数,评价数,PC总分享量,宝贝促销,店铺促销,活动促销,服务保证,一级类目,二级类目,三级类目,宝贝创建时间,宝贝创建时长,下架日期,下架时间,天数,星期,宝贝地址,分析地址,评价标签
数据下载时间：2021-05-27 12:08:33 功能：看店宝【kandianbao.com】全店宝贝 相关查询网址：https://kandianbao.com/dian/悠趣熊旗舰店,,,,,,,,,,,,,,,,,,,,,,,,,,,,,,,,,,,,,