数据下载时间：2021-05-25 11:05:44 功能：看店宝【kandianbao.com】全店宝贝 相关查询网址：https://kandianbao.com/dian/百利食品旗舰店,,,,,,,,,,,,,,,,,,,,,,,,,,,,,,,,,,,,,
序号,主图,标题,宝贝id,货号,销售价最低,销售价最高,原价最低,原价最高,折扣率,sku数量,库存,邮费,30天销量,总销量,占全店销量比例,30天销售额,占全店销售额比例,总销售额,收藏数,评价数,PC总分享量,宝贝促销,店铺促销,活动促销,服务保证,一级类目,二级类目,三级类目,宝贝创建时间,宝贝创建时长,下架日期,下架时间,天数,星期,宝贝地址,分析地址,评价标签
1,https://img.alicdn.com/imgextra/i1/2891304348/O1CN01p6iN6i1hzQlx5lQx5_!!2891304348-0-picasso.jpg,百利蓝莓果酱涂抹面包蛋糕夹心饼干馅料烘焙原料150g,	628876701894,SPTC189,37.9,37.9,105.8,105.8,35.82%,0,4997,0,0,7,0,0,0,265.3,2,0,0,,,预售价,7天无理由|蚂蚁花呗|信用卡支付|集分宝,粮油调味/速食/干货/烘焙,调味品/果酱/沙拉,果酱,,,2021-05-27,14:16:44,2天3时11分5秒,四,http://item.taobao.com/item.htm?id=628876701894,https://kandianbao.com/item/628876701894/, 
2,https://img.alicdn.com/imgextra/i1/2891304348/O1CN01c2iktr1hzQm1YfBra_!!2891304348-0-picasso.jpg,百利黄糠200g2罐+奥尔良腌料35g*10包+番茄酱50包,	628531084744,,49.8,49.8,119.6,119.6,41.64%,0,4991,0,0,30,0,0,0,1494,4,4,0,,,预售价,7天无理由|蚂蚁花呗|信用卡支付|集分宝,粮油调味/速食/干货/烘焙,烘焙原辅料/半成品/食品添加剂,面包糠,,,2021-05-27,09:58:37,1天22时52分58秒,四,http://item.taobao.com/item.htm?id=628531084744,https://kandianbao.com/item/628531084744/, 
3,https://img.alicdn.com/imgextra/i1/2891304348/O1CN01ZHpn5j1hzQm1Yc6Li_!!2891304348-0-picasso.jpg,百利黄糠200g2罐+0脂肪番茄酱1瓶+奥尔良腌料10包,	629462627500,,52.9,52.9,125.8,125.8,42.05%,0,4990,0,0,21,0,0,0,1110.8999999999999,6,2,0,,,预售价,7天无理由|蚂蚁花呗|信用卡支付|集分宝,粮油调味/速食/干货/烘焙,烘焙原辅料/半成品/食品添加剂,面包糠,,,2021-05-27,09:56:39,1天22时51分0秒,四,http://item.taobao.com/item.htm?id=629462627500,https://kandianbao.com/item/629462627500/, 
4,https://img.alicdn.com/imgextra/i1/2891304348/O1CN01husIm11hzQm7YkfwP_!!2891304348-0-picasso.jpg,百利黄糠200g3罐+奥尔良腌料1kg*1袋+番茄酱50包家用组合,	617645435986,,56.9,56.9,145,145,39.24%,0,4997,0,0,47,0,0,0,2674.2999999999997,28,9,0,,,预售价,7天无理由|蚂蚁花呗|信用卡支付|集分宝,粮油调味/速食/干货/烘焙,烘焙原辅料/半成品/食品添加剂,面包糠,,,2021-05-25,17:35:30,6时29分51秒,二,http://item.taobao.com/item.htm?id=617645435986,https://kandianbao.com/item/617645435986/, 
5,https://img.alicdn.com/imgextra/i1/2891304348/O1CN01DoyxUe1hzQm1XarZZ_!!2891304348-0-picasso.jpg,百利草莓果酱涂抹面包蛋糕夹心饼干馅料烘焙原料150g,	628876329503,SPTC188,37.9,37.9,105.8,105.8,35.82%,0,4998,0,1,5,0.00%,37.9,0.00%,189.5,2,0,0,,,预售价,7天无理由|蚂蚁花呗|信用卡支付|集分宝,粮油调味/速食/干货/烘焙,调味品/果酱/沙拉,果酱,,,2021-05-27,13:53:56,2天2时48分17秒,四,http://item.taobao.com/item.htm?id=628876329503,https://kandianbao.com/item/628876329503/, 
6,https://img.alicdn.com/imgextra/i1/2891304348/O1CN01RRb2hE1hzQm1XhEvU_!!2891304348-0-picasso.jpg,百利草莓酱蓝莓酱涂抹面包蛋糕夹心饼干馅料150g,	629469243001,,37.9,37.9,105.8,105.8,35.82%,0,4993,0,1,22,0.00%,37.9,0.00%,833.8,6,3,0,,,预售价,7天无理由|蚂蚁花呗|信用卡支付|集分宝,粮油调味/速食/干货/烘焙,调味品/果酱/沙拉,沙拉/千岛/蛋黄酱,,,2021-05-27,13:44:37,2天2时38分58秒,四,http://item.taobao.com/item.htm?id=629469243001,https://kandianbao.com/item/629469243001/, 
7,https://img.alicdn.com/imgextra/i1/2891304348/O1CN01pJWZPM1hzQlx6DtoA_!!2891304348-0-picasso.jpg,百利低脂肪黑椒汁1瓶+0脂肪青梅汁2瓶+红腰豆1罐,	617644871168,,44.9,44.9,129,129,34.81%,0,4997,0,1,37,0.00%,44.9,0.00%,1661.3,28,4,0,,,预售价,7天无理由|蚂蚁花呗|信用卡支付|集分宝,粮油调味/速食/干货/烘焙,调味品/果酱/沙拉,沙拉/千岛/蛋黄酱,,,2021-05-25,17:23:31,6时17分52秒,二,http://item.taobao.com/item.htm?id=617644871168,https://kandianbao.com/item/617644871168/, 
8,https://img.alicdn.com/imgextra/i1/2891304348/O1CN01ns3zy01hzQm1Y9hqp_!!2891304348-0-picasso.jpg,百利低脂肪黑椒汁1瓶+0脂肪青梅2瓶+荞麦挂面3包,	628867729483,,49.9,49.9,137.8,137.8,36.21%,0,4992,0,1,12,0.00%,49.9,0.00%,598.8,12,0,0,,,预售价,7天无理由|蚂蚁花呗|信用卡支付|集分宝,粮油调味/速食/干货/烘焙,调味品/果酱/沙拉,沙拉/千岛/蛋黄酱,,,2021-05-27,11:15:31,2天9分52秒,四,http://item.taobao.com/item.htm?id=628867729483,https://kandianbao.com/item/628867729483/, 
9,https://img.alicdn.com/imgextra/i1/2891304348/O1CN01ZyRsKl1hzQlyVtN8Y_!!2891304348-0-picasso.jpg,百利黄糠200g3罐+奥尔良腌料35g*10包+番茄酱50包,	617133625421,,56.9,56.9,139,139,40.94%,0,4987,0,1,35,0.00%,56.9,0.00%,1991.5,18,1,0,,,预售价,7天无理由|蚂蚁花呗|信用卡支付|集分宝,粮油调味/速食/干货/烘焙,烘焙原辅料/半成品/食品添加剂,面包糠,,,2021-05-25,17:33:01,6时27分22秒,二,http://item.taobao.com/item.htm?id=617133625421,https://kandianbao.com/item/617133625421/, 
10,https://img.alicdn.com/imgextra/i1/2891304348/O1CN013ez4d51hzQjZLCWHI_!!2891304348-0-lubanu-s.jpg,百利面包糠家用小包装炸鸡腿鸡排裹粉脆皮油炸金黄色屑康香蕉10包,	580698830556,,76.9,76.9,165,165,46.61%,2,9993,0,1,223,0.00%,76.9,0.00%,17148.7,88,16,0,,,活动中,7天无理由|蚂蚁花呗|信用卡支付|集分宝,粮油调味/速食/干货/烘焙,烘焙原辅料/半成品/食品添加剂,面包糠,,,2021-05-25,20:32:34,9时26分55秒,二,http://item.taobao.com/item.htm?id=580698830556,https://kandianbao.com/item/580698830556/, 
11,https://img.alicdn.com/imgextra/i1/2891304348/O1CN01rR98Jh1hzQjVZYmdF_!!2891304348-0-lubanu-s.jpg,百利三角豆鹰嘴豆罐头即食豆类熟食素食豆西餐沙拉豆24罐整箱装,	623603558099,,259,259,518,518,50.00%,0,4991,0,1,24,0.00%,259,0.00%,6216,12,1,0,,,活动中,7天无理由|蚂蚁花呗|信用卡支付|集分宝,粮油调味/速食/干货/烘焙,米/面粉/杂粮,其它,,,2021-05-24,14:26:41,20时38分3秒,一,http://item.taobao.com/item.htm?id=623603558099,https://kandianbao.com/item/623603558099/, 
12,https://img.alicdn.com/imgextra/i1/2891304348/O1CN011QENrO1hzQlyUN2tt_!!2891304348-0-picasso.jpg,百利蓝莓果酱低脂肪涂抹夹面包即食早餐草莓0脂肪奶茶店烘培专用,	632408651826,SPTC205,43.9,43.9,118,118,37.20%,0,4960,0,3,38,0.00%,131.7,0.00%,1668.2,10,1,0,,,预售价,7天无理由|蚂蚁花呗|信用卡支付|集分宝,粮油调味/速食/干货/烘焙,调味品/果酱/沙拉,果酱,,,2021-05-28,14:04:24,3天2时58分45秒,五,http://item.taobao.com/item.htm?id=632408651826,https://kandianbao.com/item/632408651826/, 
13,https://img.alicdn.com/imgextra/i1/2891304348/O1CN01xCG9xD1hzQm63C3VW_!!2891304348-0-picasso.jpg,百利低脂肪黑椒1瓶+0脂肪油醋汁1瓶+0脂肪青梅沙拉汁1瓶+红腰豆,	616842180171,,44.9,44.9,129,129,34.81%,0,4986,0,3,428,0.00%,134.7,0.00%,19217.2,178,65,0,,,预售价,7天无理由|蚂蚁花呗|信用卡支付|集分宝,粮油调味/速食/干货/烘焙,调味品/果酱/沙拉,沙拉/千岛/蛋黄酱,,,2021-05-25,17:20:16,6时14分37秒,二,http://item.taobao.com/item.htm?id=616842180171,https://kandianbao.com/item/616842180171/, 
14,https://img.alicdn.com/imgextra/i1/2891304348/O1CN01Pr1hqr1hzQm63Ln00_!!2891304348-0-picasso.jpg,百利黄糠1kg+奥尔良腌料1kg 家庭组合装,	629461247193,,49.8,49.8,117.8,117.8,42.28%,0,49979,0,4,69,0.00%,199.2,0.00%,3436.2,24,12,0,,,预售价,7天无理由|蚂蚁花呗|信用卡支付|集分宝,粮油调味/速食/干货/烘焙,烘焙原辅料/半成品/食品添加剂,面包糠,,,2021-05-27,09:59:09,1天22时53分30秒,四,http://item.taobao.com/item.htm?id=629461247193,https://kandianbao.com/item/629461247193/, 
15,https://img.alicdn.com/imgextra/i2/2891304348/O1CN01bLfcnM1hzQlz5gNgz_!!2891304348-0-lubanu-s.jpg,【15袋装】百利速食鸡胸肉即食代餐低脂肪原味鸡胸肉零食品,	645443023690,,109,109,299,299,36.45%,0,9994,0,4,5,0.00%,436,0.00%,545,4,0,0,,,周年店庆,7天无理由|蚂蚁花呗|信用卡支付|集分宝,水产肉类/新鲜蔬果/熟食,生肉/肉制品,鸡胸,,,2021-05-25,17:28:37,6时22分58秒,二,http://item.taobao.com/item.htm?id=645443023690,https://kandianbao.com/item/645443023690/, 
16,https://img.alicdn.com/imgextra/i1/2891304348/O1CN01BzgxBh1hzQlx5fzzH_!!2891304348-0-picasso.jpg,百利吉利丁片食用鱼胶片家用果冻粉慕斯蛋糕布丁烘焙儿童食品原料,	629362355525,,10.0,10.0,199.8,199.8,5.01%,1,4987,0,5,23,0.00%,50,0.00%,230,22,2,0,,,预售价,7天无理由|蚂蚁花呗|信用卡支付|集分宝,粮油调味/速食/干货/烘焙,烘焙原辅料/半成品/食品添加剂,吉利丁片,,,2021-05-27,09:59:03,1天22时53分24秒,四,http://item.taobao.com/item.htm?id=629362355525,https://kandianbao.com/item/629362355525/, 
17,https://img.alicdn.com/imgextra/i1/2891304348/O1CN015eNjUw1hzQm3h8URI_!!2891304348-0-picasso.jpg,百利0脂肪番茄酱1瓶+0脂肪油醋汁2瓶+荞麦挂面3包,	628536516258,,49.9,49.9,137.8,137.8,36.21%,0,4965,0,5,57,0.00%,249.5,0.00%,2844.2999999999997,28,9,0,,,预售价,7天无理由|蚂蚁花呗|信用卡支付|集分宝,粮油调味/速食/干货/烘焙,调味品/果酱/沙拉,沙拉/千岛/蛋黄酱,,,2021-05-27,11:30:34,2天24分55秒,四,http://item.taobao.com/item.htm?id=628536516258,https://kandianbao.com/item/628536516258/, 
18,https://img.alicdn.com/imgextra/i1/2891304348/O1CN01lVEIiQ1hzQlyVq9DU_!!2891304348-0-picasso.jpg,百利面包糠家用组合罐装油炸香酥炸鸡粉裹粉脆皮金黄,	628862929688,,37.9,37.9,109.8,109.8,34.52%,0,4975,0,6,76,0.00%,227.39999999999998,0.00%,2880.4,18,11,0,,,预售价,7天无理由|蚂蚁花呗|信用卡支付|集分宝,粮油调味/速食/干货/烘焙,烘焙原辅料/半成品/食品添加剂,面包糠,,,2021-05-27,09:58:50,1天22时53分11秒,四,http://item.taobao.com/item.htm?id=628862929688,https://kandianbao.com/item/628862929688/, 
19,https://img.alicdn.com/imgextra/i1/2891304348/O1CN01LV2efn1hzQm7YQw6e_!!2891304348-0-picasso.jpg,百利低脂肪黑椒汁1瓶+0脂肪油醋汁2瓶+红腰豆1罐,	617637171881,,44.9,44.9,129,129,34.81%,0,4973,0,6,217,0.00%,269.4,0.00%,9743.3,104,36,0,,,预售价,7天无理由|蚂蚁花呗|信用卡支付|集分宝,粮油调味/速食/干货/烘焙,调味品/果酱/沙拉,沙拉/千岛/蛋黄酱,,,2021-05-25,17:25:55,6时20分16秒,二,http://item.taobao.com/item.htm?id=617637171881,https://kandianbao.com/item/617637171881/, 
20,https://img.alicdn.com/imgextra/i1/2891304348/O1CN01fC3sxS1hzQls1EBMv_!!2891304348-0-picasso.jpg,百利沙拉汁日式口味蔬菜沙拉酱拌面调味品酱烹饪火锅厨房调料2瓶,	584541933203,,17.9,17.9,36,36,49.72%,0,4984,0,7,270,0.00%,125.29999999999998,0.00%,4833,78,36,0,,,活动中,7天无理由|蚂蚁花呗|信用卡支付|集分宝,粮油调味/速食/干货/烘焙,调味品/果酱/沙拉,寿司料理/料理调料,,,2021-05-27,13:34:09,2天2时28分30秒,四,http://item.taobao.com/item.htm?id=584541933203,https://kandianbao.com/item/584541933203/, 
21,https://img.alicdn.com/imgextra/i1/2891304348/O1CN019ykvzK1hzQlytkJZd_!!2891304348-0-picasso.jpg,百利沙拉酱香甜水果蔬菜瓶装寿司汉堡面包三明治沙律色拉200ml2瓶,	584672906348,,25.9,25.9,46,46,56.30%,0,4932,0,7,598,0.00%,181.29999999999998,0.00%,15488.199999999999,158,56,0,,,活动中,7天无理由|蚂蚁花呗|信用卡支付|集分宝,粮油调味/速食/干货/烘焙,调味品/果酱/沙拉,沙拉/千岛/蛋黄酱,,,2021-05-26,15:30:22,1天4时24分43秒,三,http://item.taobao.com/item.htm?id=584672906348,https://kandianbao.com/item/584672906348/, 
22,https://img.alicdn.com/imgextra/i1/2891304348/O1CN011IQKZl1hzQjTr1cjw_!!2891304348-0-lubanu-s.jpg,百利红腰豆罐头即食沙拉豆大红芸豆罐装西餐配料432g*24罐整箱装,	623578930799,,229,229,458,458,50.00%,0,4977,0,7,39,0.00%,1603,0.01%,8931,10,2,0,,,活动中,7天无理由|蚂蚁花呗|信用卡支付|集分宝,粮油调味/速食/干货/烘焙,米/面粉/杂粮,其它,,,2021-05-31,14:34:42,6天3时29分3秒,一,http://item.taobao.com/item.htm?id=623578930799,https://kandianbao.com/item/623578930799/, 
23,https://img.alicdn.com/imgextra/i1/2891304348/O1CN01Teqw1M1hzQlrNjO0L_!!2891304348-0-picasso.jpg,百利蜂蜜沙拉酱香甜味水果蔬菜寿司汉堡手抓饼面包蘸酱律150g*2瓶,	584542661103,,19.9,19.9,46,46,43.26%,0,49930,0,8,929,0.00%,159.2,0.00%,18487.1,262,98,0,,,活动中,7天无理由|蚂蚁花呗|信用卡支付|集分宝,粮油调味/速食/干货/烘焙,调味品/果酱/沙拉,沙拉/千岛/蛋黄酱,,,2021-05-28,22:58:38,3天11时52分59秒,五,http://item.taobao.com/item.htm?id=584542661103,https://kandianbao.com/item/584542661103/, 
24,https://img.alicdn.com/imgextra/i1/2891304348/O1CN01qEy0nv1hzQlzYrsfU_!!2891304348-0-picasso.jpg,百利番茄酱小包装沙司家用商用西红柿儿童手抓饼披萨酱50包,	619499115911,,25,25,25.00,25.00,100.00%,0,9943,0,8,414,0.00%,200,0.00%,10350,110,79,0,,,,7天无理由|蚂蚁花呗|信用卡支付|集分宝,粮油调味/速食/干货/烘焙,调味品/果酱/沙拉,番茄酱,,,2021-05-28,18:28:56,3天7时23分17秒,五,http://item.taobao.com/item.htm?id=619499115911,https://kandianbao.com/item/619499115911/, 
25,https://img.alicdn.com/imgextra/i1/2891304348/O1CN01tGZEVl1hzQm1hiRYY_!!2891304348-0-picasso.jpg,百利红腰豆罐头220g*2即食沙拉豆大红芸豆家用西餐烘焙原料,	644456668607,,11.9,11.9,30,30,39.67%,0,9991,0,9,9,0.00%,107.10000000000001,0.00%,107.10000000000001,0,1,0,,,周年店庆,7天无理由|蚂蚁花呗|信用卡支付|集分宝,粮油调味/速食/干货/烘焙,米/面粉/杂粮,其它,,,2021-05-26,17:35:03,1天6时29分24秒,三,http://item.taobao.com/item.htm?id=644456668607,https://kandianbao.com/item/644456668607/, 
26,https://img.alicdn.com/imgextra/i1/2891304348/O1CN01N7aQCN1hzQltx61rY_!!2891304348-0-picasso.jpg,百利沙拉酱水果蔬菜香甜味寿司汉堡面包家用色拉批发包邮700g*2袋,	584537325157,,28.9,28.9,79,79,36.58%,0,4952,0,9,1053,0.00%,260.09999999999997,0.00%,30431.699999999997,160,82,0,,,活动中,7天无理由|蚂蚁花呗|信用卡支付|集分宝,粮油调味/速食/干货/烘焙,调味品/果酱/沙拉,沙拉/千岛/蛋黄酱,,,2021-05-31,15:30:22,6天4时24分43秒,一,http://item.taobao.com/item.htm?id=584537325157,https://kandianbao.com/item/584537325157/, 
27,https://img.alicdn.com/imgextra/i1/2891304348/O1CN01Y3PZy81hzQlx65hzz_!!2891304348-0-picasso.jpg,百利低脂肪黑椒1瓶+0脂肪油醋汁1瓶+0脂肪青梅1瓶+荞麦面3包,	628533400550,,49.9,49.9,137.8,137.8,36.21%,0,4936,0,9,111,0.00%,449.09999999999997,0.00%,5538.9,40,12,0,,,预售价,7天无理由|蚂蚁花呗|信用卡支付|集分宝,粮油调味/速食/干货/烘焙,调味品/果酱/沙拉,沙拉/千岛/蛋黄酱,,,2021-05-27,10:50:32,1天23时44分53秒,四,http://item.taobao.com/item.htm?id=628533400550,https://kandianbao.com/item/628533400550/, 
28,https://img.alicdn.com/imgextra/i1/2891304348/O1CN01f7iwsn1hzQl3PgmZV_!!2891304348-0-lubanu-s.jpg,百利沙拉酱汁培煎芝麻酱水果蔬菜火锅蘸料大瓶装1.5L*6瓶装,	638445351292,,269,269,536,536,50.19%,0,4980,0,9,17,0.00%,2421,0.02%,4573,10,0,0,,,周年店庆,7天无理由|蚂蚁花呗|信用卡支付|集分宝,粮油调味/速食/干货/烘焙,调味品/果酱/沙拉,沙拉/千岛/蛋黄酱,,,2021-05-28,21:03:34,3天9时57分55秒,五,http://item.taobao.com/item.htm?id=638445351292,https://kandianbao.com/item/638445351292/, 
29,https://img.alicdn.com/imgextra/i1/2891304348/O1CN01TgKtCC1hzQjTLTOIp_!!2891304348-0-lubanu-s.jpg,百利香甜沙拉酱家用水果蔬菜沙拉寿司汉堡配料沙拉酱12袋整箱装,	623323313814,,269,269,538,538,50.00%,0,4971,0,10,82,0.00%,2690,0.02%,22058,28,4,0,,,活动中,7天无理由|蚂蚁花呗|信用卡支付|集分宝,粮油调味/速食/干货/烘焙,调味品/果酱/沙拉,沙拉/千岛/蛋黄酱,,,2021-05-31,14:42:09,6天3时36分30秒,一,http://item.taobao.com/item.htm?id=623323313814,https://kandianbao.com/item/623323313814/, 
30,https://img.alicdn.com/imgextra/i1/2891304348/O1CN019OnOEh1hzQlvPnDoh_!!2891304348-0-picasso.jpg,百利沙拉汁凯撒水果蔬菜沙拉酱鱼肉酱意大利面酌料厨房调味品2瓶,	584672150526,,17.9,17.9,36,36,49.72%,0,4966,0,11,389,0.00%,196.89999999999998,0.00%,6963.099999999999,118,47,0,,,活动中,7天无理由|蚂蚁花呗|信用卡支付|集分宝,粮油调味/速食/干货/烘焙,调味品/果酱/沙拉,沙拉/千岛/蛋黄酱,,,2021-05-28,14:32:19,3天3时26分40秒,五,http://item.taobao.com/item.htm?id=584672150526,https://kandianbao.com/item/584672150526/, 
31,https://img.alicdn.com/imgextra/i1/2891304348/O1CN011aEu4y1hzQlZzXF9R_!!2891304348-0-lubanu-s.jpg,百利沙拉酱水果蔬菜香甜味寿司汉堡面包家用色拉酱700g*12袋整箱,	623300349871,,169,169,339,339,49.85%,0,49926,0,11,183,0.00%,1859,0.01%,30927,38,13,0,,,活动中,7天无理由|蚂蚁花呗|信用卡支付|集分宝,粮油调味/速食/干货/烘焙,调味品/果酱/沙拉,沙拉/千岛/蛋黄酱,,,2021-05-28,22:58:39,3天11时53分0秒,五,http://item.taobao.com/item.htm?id=623300349871,https://kandianbao.com/item/623300349871/, 
32,https://img.alicdn.com/imgextra/i2/2891304348/O1CN017XHECJ1hzQlyf2YmN_!!2891304348-0-lubanu-s.jpg,百利2瓶油醋汁水煮菜0脂肪低脂酱料沙拉酱水果蔬菜芝麻家用黑胡椒,	645070507633,,32.9,32.9,119,119,27.65%,6,5988,0,12,12,0.00%,394.79999999999995,0.00%,394.79999999999995,2,1,0,,,周年店庆,7天无理由|蚂蚁花呗|信用卡支付|集分宝,粮油调味/速食/干货/烘焙,调味品/果酱/沙拉,沙拉/千岛/蛋黄酱,,,2021-05-28,10:35:57,2天23时30分18秒,五,http://item.taobao.com/item.htm?id=645070507633,https://kandianbao.com/item/645070507633/, 
33,https://img.alicdn.com/imgextra/i1/2891304348/O1CN01AT2yEZ1hzQjXaVpS3_!!2891304348-0-lubanu-s.jpg,百利纯正蛋黄酱水果蔬菜沙拉酱烘焙色拉蛋黄酱手抓饼寿司1kg*2袋,	584543689488,,54.9,54.9,98,98,56.02%,0,4954,0,12,427,0.00%,658.8,0.01%,23442.3,74,24,0,,,活动中,7天无理由|蚂蚁花呗|信用卡支付|集分宝,粮油调味/速食/干货/烘焙,调味品/果酱/沙拉,沙拉/千岛/蛋黄酱,,,2021-05-31,16:30:46,6天5时25分7秒,一,http://item.taobao.com/item.htm?id=584543689488,https://kandianbao.com/item/584543689488/, 
34,https://img.alicdn.com/imgextra/i1/2891304348/O1CN0140AAlo1hzQk0VB8CK_!!2891304348-0-lubanu-s.jpg,百利4瓶沙拉酱低脂黑胡椒酱牛排意面低脂肪酱料家用寿司酱料,	626738619891,,61.9,61.9,139,139,44.53%,1,4915,0,14,114,0.00%,866.6,0.01%,7056.599999999999,54,17,0,,,周年店庆,7天无理由|蚂蚁花呗|信用卡支付|集分宝,粮油调味/速食/干货/烘焙,调味品/果酱/沙拉,沙拉/千岛/蛋黄酱,,,2021-05-28,17:35:04,3天6时29分25秒,五,http://item.taobao.com/item.htm?id=626738619891,https://kandianbao.com/item/626738619891/, 
35,https://img.alicdn.com/imgextra/i1/2891304348/O1CN014xds2t1hzQlvPlkJl_!!2891304348-0-picasso.jpg,百利蜂蜜草莓果酱涂抹面包酱奶茶店专用蛋糕夹心馅料烘焙原料170g,	537158355765,蜂蜜草莓果酱(CE02038),11.9,11.9,19.8,19.8,60.10%,1,19101,4.5,16,1347,0.00%,190.4,0.00%,16029.300000000001,254,132,0,,,活动中,7天无理由|蚂蚁花呗|信用卡支付|集分宝,粮油调味/速食/干货/烘焙,调味品/果酱/沙拉,果酱,,,2021-05-27,17:32:04,2天6时26分25秒,四,http://item.taobao.com/item.htm?id=537158355765,https://kandianbao.com/item/537158355765/, 
36,https://img.alicdn.com/imgextra/i1/2891304348/O1CN014kgJy91hzQluRIt4k_!!2891304348-0-picasso.jpg,百利蜂蜜蓝莓酱果酱涂抹面包土司早餐奶茶蛋糕夹馅料烘焙原料170g,	534612160918,CE02036,14.9,14.9,21,21,70.95%,0,19213,4.5,16,1540,0.00%,238.4,0.00%,22946,258,105,0,,,周年店庆,7天无理由|蚂蚁花呗|信用卡支付|集分宝,粮油调味/速食/干货/烘焙,调味品/果酱/沙拉,果酱,,,2021-05-30,12:30:31,5天1时24分52秒,日,http://item.taobao.com/item.htm?id=534612160918,https://kandianbao.com/item/534612160918/, 
37,https://img.alicdn.com/imgextra/i1/2891304348/O1CN01qCwG7C1hzQlqhXp3w_!!2891304348-0-picasso.jpg,百利0脂肪零蔗糖蒜蓉辣椒酱卡剁椒香辣家用拌饭拌面低脂酱料250g,	645023246134,,19.9,19.9,40,40,49.75%,0,9983,0,16,16,0.00%,318.4,0.00%,318.4,2,0,0,,,周年店庆,7天无理由|蚂蚁花呗|信用卡支付|集分宝,粮油调味/速食/干货/烘焙,调味品/果酱/沙拉,辣椒酱,,,2021-05-25,11:49:07,43分28秒,二,http://item.taobao.com/item.htm?id=645023246134,https://kandianbao.com/item/645023246134/, 
38,https://img.alicdn.com/imgextra/i1/2891304348/O1CN016swOPq1hzQltu7Txo_!!2891304348-0-picasso.jpg,百利茄汁焗豆香焖茄汁芸豆罐头即食西式早餐意大利面配料415g*2瓶,	584674734858,,20.8,20.8,58,58,35.86%,0,49917,0,16,485,0.00%,332.8,0.00%,10088,98,80,0,,,活动中,7天无理由|蚂蚁花呗|信用卡支付|集分宝,粮油调味/速食/干货/烘焙,米/面粉/杂粮,其它,,,2021-05-28,22:58:40,3天11时53分1秒,五,http://item.taobao.com/item.htm?id=584674734858,https://kandianbao.com/item/584674734858/, 
39,https://img.alicdn.com/imgextra/i1/2891304348/O1CN01CWpT8v1hzQluRK5uo_!!2891304348-0-picasso.jpg,百利沙嗲酱风味瓶装沙爹酱调味料火锅蘸酱蘸料沙茶酱蘸汁烧烤210g,	549985413431,,10.9,10.9,18.6,18.6,58.60%,0,520574,0,21,6135,0.00%,228.9,0.00%,66871.5,714,174,0,,,活动中,7天无理由|蚂蚁花呗|信用卡支付|集分宝,粮油调味/速食/干货/烘焙,调味品/果酱/沙拉,酱类调料,,,2021-05-25,19:31:28,8时25分49秒,二,http://item.taobao.com/item.htm?id=549985413431,https://kandianbao.com/item/549985413431/, 
40,https://img.alicdn.com/imgextra/i1/2891304348/O1CN01hpuCXF1hzQm0OiTzA_!!2891304348-0-picasso.jpg,百利天妇罗粉炸猪排炸鸡翅裹粉炸虾煎炸粉香炸粉日式料理调料2袋,	584538721938,,28.9,28.9,69,69,41.88%,0,4928,0,21,1666,0.00%,606.9,0.00%,48147.399999999994,410,202,0,,,活动中,7天无理由|蚂蚁花呗|信用卡支付|集分宝,粮油调味/速食/干货/烘焙,烘焙原辅料/半成品/食品添加剂,预拌粉,,,2021-05-29,16:30:41,4天5时25分2秒,六,http://item.taobao.com/item.htm?id=584538721938,https://kandianbao.com/item/584538721938/, 
41,https://img.alicdn.com/imgextra/i1/2891304348/O1CN01b80zXO1hzQjUGGvQu_!!2891304348-0-lubanu-s.jpg,百利香甜沙拉酱家用水果蔬菜色拉沙律寿司汉堡手抓饼批发1kg*2袋,	584543097388,,48.9,48.9,89,89,54.94%,0,4920,0,21,1139,0.00%,1026.8999999999999,0.01%,55697.1,216,74,0,,,活动中,7天无理由|蚂蚁花呗|信用卡支付|集分宝,粮油调味/速食/干货/烘焙,调味品/果酱/沙拉,沙拉/千岛/蛋黄酱,,,2021-05-30,15:30:29,5天4时24分50秒,日,http://item.taobao.com/item.htm?id=584543097388,https://kandianbao.com/item/584543097388/, 
42,https://img.alicdn.com/imgextra/i1/2891304348/O1CN01aNOIKa1hzQlzYq8bo_!!2891304348-0-picasso.jpg,百利蜂蜜蓝莓酱果酱涂抹面包蛋糕夹心饼干馅料烘焙原料土司酱*2瓶,	535423005821,蓝莓果酱,22.9,22.9,42,42,54.52%,1,4948,4.5,23,1115,0.01%,526.6999999999999,0.00%,25533.5,220,67,0,,,活动中,7天无理由|蚂蚁花呗|信用卡支付|集分宝,粮油调味/速食/干货/烘焙,调味品/果酱/沙拉,果酱,,,2021-05-27,18:33:13,2天7时27分34秒,四,http://item.taobao.com/item.htm?id=535423005821,https://kandianbao.com/item/535423005821/, 
43,https://img.alicdn.com/imgextra/i1/2891304348/O1CN01GZgEay1hzQjiSL4Zj_!!2891304348-0-lubanu-s.jpg,百利蜂蜜14g*140粒 小盒蜂蜜果酱 涂抹面包蛋糕蜂蜜果酱烘焙原料,	557445244949,,145.0,145.0,270,270,53.70%,1,4931,0,23,741,0.01%,3335,0.03%,107445,152,32,0,,,活动中,7天无理由|蚂蚁花呗|信用卡支付|集分宝,粮油调味/速食/干货/烘焙,烘焙原辅料/半成品/食品添加剂,其他,,,2021-05-31,14:31:50,6天3时26分11秒,一,http://item.taobao.com/item.htm?id=557445244949,https://kandianbao.com/item/557445244949/, 
44,https://img.alicdn.com/imgextra/i1/2891304348/O1CN01G7bzFt1hzQm2GSAxf_!!2891304348-0-picasso.jpg,百利培煎芝麻沙拉1瓶+0脂肪油醋汁2瓶+荞麦挂面3包,	629171462486,,49.9,49.9,137.8,137.8,36.21%,0,4830,0,25,257,0.01%,1247.5,0.01%,12824.3,100,33,0,,,预售价,7天无理由|蚂蚁花呗|信用卡支付|集分宝,粮油调味/速食/干货/烘焙,调味品/果酱/沙拉,沙拉/千岛/蛋黄酱,,,2021-05-27,11:42:32,2天36分53秒,四,http://item.taobao.com/item.htm?id=629171462486,https://kandianbao.com/item/629171462486/, 
45,https://img.alicdn.com/imgextra/i1/2891304348/O1CN01K10oR91hzQjXUqAyJ_!!2891304348-0-lubanu-s.jpg,百利面包糠炸鸡腿排裹粉脆皮油炸金黄色屑香蕉商用批发1000g*10包,	580828955031,,189.0,199.0,499,499,39.88%,3,149920,0,25,622,0.01%,4825.000000000001,0.04%,120046.00000000001,126,43,0,,,周年店庆,7天无理由|蚂蚁花呗|信用卡支付|集分宝,粮油调味/速食/干货/烘焙,烘焙原辅料/半成品/食品添加剂,面包糠,,,2021-05-31,11:36:33,6天30分54秒,一,http://item.taobao.com/item.htm?id=580828955031,https://kandianbao.com/item/580828955031/, 
46,https://img.alicdn.com/imgextra/i1/2891304348/O1CN01BjlhQB1hzQlrNiRnL_!!2891304348-0-picasso.jpg,百利蓝莓酱果酱涂抹面包土司酱奶茶圣代蛋糕夹心馅料烘焙原料170g,	534547838564,CE02052,14.9,14.9,21,21,70.95%,1,251868,0,26,7901,0.01%,387.40000000000003,0.00%,117724.90000000001,1122,527,0,,,周年店庆,7天无理由|蚂蚁花呗|信用卡支付|集分宝,粮油调味/速食/干货/烘焙,调味品/果酱/沙拉,果酱,,,2021-05-25,17:31:30,6时25分51秒,二,http://item.taobao.com/item.htm?id=534547838564,https://kandianbao.com/item/534547838564/,口感味道好(7);价位合适(2);份量不是很多(2)
47,https://img.alicdn.com/imgextra/i2/2891304348/O1CN01VYspcC1hzQlawRiMg_!!2891304348-0-lubanu-s.jpg,百利2瓶0脂肪0蔗糖油醋汁水煮菜千岛沙拉汁水果蔬菜蘸料,	643593686856,,32.9,32.9,119,119,27.65%,5,4971,0,26,26,0.01%,855.4,0.01%,855.4,4,0,0,,,周年店庆,7天无理由|蚂蚁花呗|信用卡支付|集分宝,粮油调味/速食/干货/烘焙,调味品/果酱/沙拉,沙拉/千岛/蛋黄酱,,,2021-05-28,10:35:56,2天23时30分17秒,五,http://item.taobao.com/item.htm?id=643593686856,https://kandianbao.com/item/643593686856/, 
48,https://img.alicdn.com/imgextra/i1/2891304348/O1CN01Jmg50G1hzQlrwQyqv_!!2891304348-0-picasso.jpg,百利吉士粉商用速溶布丁粉食用色素蛋挞油炸面包烘焙原料小包装,	584671270405,,22.8,22.8,42,42,54.29%,0,49909,0,30,1220,0.01%,684,0.01%,27816,218,107,0,,,活动中,7天无理由|蚂蚁花呗|信用卡支付|集分宝,粮油调味/速食/干货/烘焙,烘焙原辅料/半成品/食品添加剂,吉士粉,,,2021-05-28,22:58:39,3天11时53分0秒,五,http://item.taobao.com/item.htm?id=584671270405,https://kandianbao.com/item/584671270405/, 
49,https://img.alicdn.com/imgextra/i1/2891304348/O1CN01CAyraw1hzQjammUKe_!!2891304348-0-lubanu-s.jpg,百利千岛酱沙拉酱蔬菜水果沙律色拉酱三明治寿司面包汉堡酱1kg2袋,	584336392848,,48.9,48.9,89,89,54.94%,0,49934,0,30,506,0.01%,1467,0.01%,24743.399999999998,84,34,0,,,活动中,7天无理由|蚂蚁花呗|信用卡支付|集分宝,粮油调味/速食/干货/烘焙,调味品/果酱/沙拉,沙拉/千岛/蛋黄酱,,,2021-05-30,16:30:20,5天5时24分41秒,日,http://item.taobao.com/item.htm?id=584336392848,https://kandianbao.com/item/584336392848/, 
50,https://img.alicdn.com/imgextra/i1/2891304348/O1CN01FYl8og1hzQm0OldPg_!!2891304348-0-picasso.jpg,百利泰式甜辣酱手抓饼炸鸡泰国风味袋装火锅蘸料鸡排烤肉1kg*2包,	580830819434,,31.8,31.8,97.6,97.6,32.58%,0,49907,0,31,942,0.01%,985.8000000000001,0.01%,29955.600000000002,144,60,0,,,活动中,7天无理由|蚂蚁花呗|信用卡支付|集分宝,粮油调味/速食/干货/烘焙,调味品/果酱/沙拉,辣椒类调料,,,2021-05-25,11:33:27,27分48秒,二,http://item.taobao.com/item.htm?id=580830819434,https://kandianbao.com/item/580830819434/, 
51,https://img.alicdn.com/imgextra/i1/2891304348/O1CN01ZPuwWS1hzQlv8pQEL_!!2891304348-0-picasso.jpg,百利面包糠家用油炸鸡腿香酥炸鸡粉小包罐装裹粉脆皮细颗粒,	614085055425,,15.1,15.1,59,59,25.59%,2,99884,0,32,582,0.01%,483.2,0.00%,8788.199999999999,114,92,0,,,活动中,7天无理由|蚂蚁花呗|信用卡支付|集分宝,粮油调味/速食/干货/烘焙,烘焙原料/辅料/食品添加剂-新,面包制作套装,,,2021-05-31,10:00:38,5天22时54分59秒,一,http://item.taobao.com/item.htm?id=614085055425,https://kandianbao.com/item/614085055425/, 
52,https://img.alicdn.com/imgextra/i1/2891304348/O1CN01Ont2Kx1hzQlx5LrDa_!!2891304348-0-picasso.jpg,百利10包荞麦面低脂全麦面条粗粮主食0脂肪乔麦挂面无添加蔗糖,	631998454973,,36.9,36.9,129,129,28.60%,0,4898,0,32,134,0.01%,1180.8,0.01%,4944.599999999999,36,21,0,,,预售价,7天无理由|蚂蚁花呗|信用卡支付|集分宝,粮油调味/速食/干货/烘焙,方便速食/速冻食品,速食菜,,,2021-05-29,20:00:08,4天8时54分29秒,六,http://item.taobao.com/item.htm?id=631998454973,https://kandianbao.com/item/631998454973/, 
53,https://img.alicdn.com/imgextra/i1/2891304348/O1CN0173zskJ1hzQlxNywUb_!!2891304348-0-picasso.jpg,百利草莓果酱涂抹面包早餐土司奶茶店专用蛋糕夹心饼烘焙原料150g,	623787571901,CE02038,11.9,11.9,23.2,23.2,51.29%,0,4807,0,34,371,0.01%,404.6,0.00%,4414.900000000001,58,52,0,,,活动中,7天无理由|蚂蚁花呗|信用卡支付|集分宝,粮油调味/速食/干货/烘焙,调味品/果酱/沙拉,果酱,,,2021-05-25,17:35:09,6时29分30秒,二,http://item.taobao.com/item.htm?id=623787571901,https://kandianbao.com/item/623787571901/, 
54,https://img.alicdn.com/imgextra/i1/2891304348/O1CN01QdzUYC1hzQlrwRv7Y_!!2891304348-0-picasso.jpg,百利0脂肪低脂青梅口味沙拉酱汁家用水果拌蔬菜沙拉汁蘸料250g减,	598014824981,,17.8,17.8,33.8,33.8,52.66%,0,33254,0,37,1893,0.01%,658.6,0.01%,33695.4,1010,325,0,,,活动中,7天无理由|蚂蚁花呗|信用卡支付|集分宝,粮油调味/速食/干货/烘焙,调味品/果酱/沙拉,沙拉/千岛/蛋黄酱,,,2021-05-26,21:32:08,1天10时26分29秒,三,http://item.taobao.com/item.htm?id=598014824981,https://kandianbao.com/item/598014824981/, 
55,https://img.alicdn.com/imgextra/i1/2891304348/O1CN018lVdB21hzQlxO05Dy_!!2891304348-0-picasso.jpg,百利沙拉汁油醋汁日式口味蔬菜沙拉酱拌面调味酱烹饪火锅料130ML,	558896153857,,9.9,9.9,18.6,18.6,53.23%,0,40456,0,39,5441,0.01%,386.1,0.00%,53865.9,1994,552,0,,,活动中,7天无理由|蚂蚁花呗|信用卡支付|集分宝,粮油调味/速食/干货/烘焙,调味品/果酱/沙拉,沙拉/千岛/蛋黄酱,,,2021-05-29,17:31:12,4天6时25分33秒,六,http://item.taobao.com/item.htm?id=558896153857,https://kandianbao.com/item/558896153857/,味道不错(6);包装很好(2);快递挺快的(2)
56,https://img.alicdn.com/imgextra/i1/2891304348/O1CN018ckGoR1hzQm1XvXYZ_!!2891304348-0-picasso.jpg,百利红腰豆三角豆罐头即食沙拉豆西餐配料烘焙432g,	628879533964,,42.9,42.9,125.8,125.8,34.10%,0,4914,0,39,180,0.01%,1673.1,0.01%,7722,38,22,0,,,预售价,7天无理由|蚂蚁花呗|信用卡支付|集分宝,粮油调味/速食/干货/烘焙,米/面粉/杂粮,其它,,,2021-05-27,15:16:17,2天4时10分38秒,四,http://item.taobao.com/item.htm?id=628879533964,https://kandianbao.com/item/628879533964/, 
57,https://img.alicdn.com/imgextra/i1/2891304348/O1CN01mPcdRA1hzQluRM2Wc_!!2891304348-0-picasso.jpg,百利沙嗲酱风味酱沙爹酱调味料火锅蘸酱蘸料沙茶酱蘸汁烧烤210g*2,	584815267729,,19.5,19.5,38,38,51.32%,0,49884,0,42,1141,0.01%,819,0.01%,22249.5,260,101,0,,,活动中,7天无理由|蚂蚁花呗|信用卡支付|集分宝,粮油调味/速食/干货/烘焙,调味品/果酱/沙拉,酱类调料,,,2021-05-25,16:32:06,5时26分27秒,二,http://item.taobao.com/item.htm?id=584815267729,https://kandianbao.com/item/584815267729/, 
58,https://img.alicdn.com/imgextra/i1/2891304348/O1CN01r2C6nv1hzQjXQq3Gc_!!2891304348-0-lubanu-s.jpg,百利蜂蜜芥末沙拉酱汁水果蔬菜1.5L沙拉酱烤肉火锅蘸料油醋汁商用,	599907326307,,44.9,44.9,128,128,35.08%,0,49829,0,42,2010,0.01%,1885.8,0.01%,90249,720,180,0,,,活动中,7天无理由|蚂蚁花呗|信用卡支付|集分宝,粮油调味/速食/干货/烘焙,调味品/果酱/沙拉,沙拉/千岛/蛋黄酱,,,2021-05-26,11:33:57,1天28分18秒,三,http://item.taobao.com/item.htm?id=599907326307,https://kandianbao.com/item/599907326307/, 
59,https://img.alicdn.com/imgextra/i1/2891304348/O1CN01FtT2UD1hzQlrwRJdt_!!2891304348-0-picasso.jpg,百利草莓果酱涂抹面包早餐土司奶茶店专用蛋糕夹心饼烘焙原料170g,	540735254537,CE02038,11.9,11.9,21,21,56.67%,1,55482,0,44,4037,0.01%,523.6,0.00%,48040.3,592,402,0,,,活动中,7天无理由|蚂蚁花呗|信用卡支付|集分宝,粮油调味/速食/干货/烘焙,调味品/果酱/沙拉,果酱,,,2021-05-29,18:31:46,4天7时26分7秒,六,http://item.taobao.com/item.htm?id=540735254537,https://kandianbao.com/item/540735254537/,口感非常好(2);儿子很喜欢(2);质量好(2);包装非常仔细(3)
60,https://img.alicdn.com/imgextra/i1/2891304348/O1CN01dzOnPl1hzQlzYqjzL_!!2891304348-0-picasso.jpg,百利蜂蜜芥末酱韩式炸鸡蘸酱寿司商用黄芥末沙拉非低脂230g,	615430653468,,16.8,16.8,33.8,33.8,49.70%,0,4785,0,46,908,0.01%,772.8000000000001,0.01%,15254.400000000001,262,149,0,,,活动中,7天无理由|蚂蚁花呗|信用卡支付|集分宝,粮油调味/速食/干货/烘焙,调味品/果酱/沙拉,沙拉/千岛/蛋黄酱,,,2021-05-26,08:51:53,21时46分14秒,三,http://item.taobao.com/item.htm?id=615430653468,https://kandianbao.com/item/615430653468/, 
61,https://img.alicdn.com/imgextra/i1/2891304348/O1CN01piaVJs1hzQm15hBUi_!!2891304348-0-picasso.jpg,百利沙拉酱水果蔬菜沙拉汁色拉批发家用焙煎芝麻寿司沙律拍1发2,	570194862093,,29.9,29.9,44,44,67.95%,0,4746,0,49,4001,0.01%,1465.1,0.01%,119629.9,1150,154,0,,,活动中,7天无理由|蚂蚁花呗|信用卡支付|集分宝,粮油调味/速食/干货/烘焙,调味品/果酱/沙拉,沙拉/千岛/蛋黄酱,,,2021-05-27,15:33:07,2天4时27分28秒,四,http://item.taobao.com/item.htm?id=570194862093,https://kandianbao.com/item/570194862093/, 
62,https://img.alicdn.com/imgextra/i1/2891304348/O1CN01xV0BQo1hzQlq0Hwgk_!!2891304348-0-picasso.jpg,百利沙拉酱水果蔬菜色拉酱家用焙煎芝麻凯撒油醋汁火锅蘸料3瓶,	580071762784,,25.9,25.9,59.9,59.9,43.24%,0,9534,0,51,5008,0.01%,1320.8999999999999,0.01%,129707.2,1782,734,0,,,活动中,7天无理由|蚂蚁花呗|信用卡支付|集分宝,粮油调味/速食/干货/烘焙,调味品/果酱/沙拉,沙拉/千岛/蛋黄酱,,,2021-05-29,22:02:25,4天10时56分46秒,六,http://item.taobao.com/item.htm?id=580071762784,https://kandianbao.com/item/580071762784/,味道还可以(33);经济实惠(7);发货超快(3);大小刚好(2);很小个(2)
63,https://img.alicdn.com/imgextra/i1/2891304348/O1CN01qpVXvO1hzQlv8nXpM_!!2891304348-0-picasso.jpg,百利蜂蜜沙拉酱香甜味150g水果蔬菜沙拉酱寿司汉堡手抓饼面包蘸酱,	536616935136,,10.9,10.9,16,16,68.13%,0,80780,0,52,2773,0.01%,566.8000000000001,0.00%,30225.7,494,147,0,,,活动中,7天无理由|蚂蚁花呗|信用卡支付|集分宝,粮油调味/速食/干货/烘焙,调味品/果酱/沙拉,沙拉/千岛/蛋黄酱,,,2021-05-31,12:32:34,6天1时26分55秒,一,http://item.taobao.com/item.htm?id=536616935136,https://kandianbao.com/item/536616935136/, 
64,https://img.alicdn.com/imgextra/i1/2891304348/O1CN01D5fUO01hzQjZq4SSx_!!2891304348-0-lubanu-s.jpg,百利沙拉酱水果蔬菜香甜味寿司汉堡面包家用色拉酱批发700g*3包,	580576473544,,41.9,41.9,139,139,30.14%,0,4769,0,58,3833,0.01%,2430.2,0.02%,160602.69999999998,484,266,0,,,活动中,7天无理由|蚂蚁花呗|信用卡支付|集分宝,粮油调味/速食/干货/烘焙,调味品/果酱/沙拉,沙拉/千岛/蛋黄酱,,,2021-05-28,18:31:44,3天7时26分5秒,五,http://item.taobao.com/item.htm?id=580576473544,https://kandianbao.com/item/580576473544/, 
65,https://img.alicdn.com/imgextra/i1/2891304348/O1CN01itxs5t1hzQlyVlia9_!!2891304348-0-picasso.jpg,百利香甜清爽型沙拉酱水果蔬菜寿司汉堡色拉酱700g,	629067062479,,52.9,52.9,125,125,42.32%,0,4852,0,59,304,0.01%,3121.1,0.02%,16081.6,74,28,0,,,预售价,7天无理由|蚂蚁花呗|信用卡支付|集分宝,粮油调味/速食/干货/烘焙,调味品/果酱/沙拉,沙拉/千岛/蛋黄酱,,,2021-05-27,09:58:57,1天22时53分18秒,四,http://item.taobao.com/item.htm?id=629067062479,https://kandianbao.com/item/629067062479/, 
66,https://img.alicdn.com/imgextra/i1/2891304348/O1CN01iRAWrR1hzQm3gw8dZ_!!2891304348-0-picasso.jpg,百利三角豆鹰嘴豆罐头即食豆类熟食西餐沙拉豆432g,	628878749572,,42.9,42.9,125.8,125.8,34.10%,0,4891,0,62,189,0.01%,2659.7999999999997,0.02%,8108.099999999999,90,25,0,,,预售价,7天无理由|蚂蚁花呗|信用卡支付|集分宝,粮油调味/速食/干货/烘焙,米/面粉/杂粮,其它,,,2021-05-27,14:50:28,2天3时44分49秒,四,http://item.taobao.com/item.htm?id=628878749572,https://kandianbao.com/item/628878749572/, 
67,https://img.alicdn.com/imgextra/i1/2891304348/O1CN01WkQaIX1hzQm3hHYLH_!!2891304348-0-picasso.jpg,百利低脂肪黑椒汁1瓶+0脂肪油醋汁2瓶+荞麦面3包,	628865457579,,49.9,49.9,137.8,137.8,36.21%,0,4729,0,65,312,0.01%,3243.5,0.03%,15568.8,86,34,0,,,预售价,7天无理由|蚂蚁花呗|信用卡支付|集分宝,粮油调味/速食/干货/烘焙,调味品/果酱/沙拉,沙拉/千岛/蛋黄酱,,,2021-05-27,10:27:03,1天23时21分24秒,四,http://item.taobao.com/item.htm?id=628865457579,https://kandianbao.com/item/628865457579/, 
68,https://img.alicdn.com/imgextra/i1/2891304348/O1CN01gD50Bu1hzQlyygBDs_!!2891304348-0-picasso.jpg,百利沙拉汁水果蔬菜凯撒沙拉酱家用非低脂肪意大利面火锅蘸料130g,	559016163122,,9.9,9.9,18.6,18.6,53.23%,0,29954,0,68,4720,0.02%,673.2,0.01%,46728,1230,266,0,,,活动中,7天无理由|蚂蚁花呗|信用卡支付|集分宝,粮油调味/速食/干货/烘焙,调味品/果酱/沙拉,沙拉/千岛/蛋黄酱,,,2021-05-27,16:32:23,2天5时26分44秒,四,http://item.taobao.com/item.htm?id=559016163122,https://kandianbao.com/item/559016163122/,日期是去年的(2);味道不错(7);包装特别认真(3);有点酸(2)
69,https://img.alicdn.com/imgextra/i1/2891304348/O1CN01AFJMRK1hzQm0m20lG_!!2891304348-0-picasso.jpg,百利10包新奥尔良烤翅腌料家用烤肉烧烤烤鸡腌料鸡翅蜜汁,	619500071296,,28.9,28.9,59,59,48.98%,0,49681,0,69,2404,0.02%,1994.1,0.02%,69475.59999999999,752,333,0,,,活动中,7天无理由|蚂蚁花呗|信用卡支付|集分宝,粮油调味/速食/干货/烘焙,调味品/果酱/沙拉,烧烤调料/腌料,,,2021-05-27,14:31:15,2天3时25分36秒,四,http://item.taobao.com/item.htm?id=619500071296,https://kandianbao.com/item/619500071296/,卫生(2);很好吃(14);物美价廉(2);特别方便(2)
70,https://img.alicdn.com/imgextra/i1/2891304348/O1CN01VwU55U1hzQlxO21nQ_!!2891304348-0-picasso.jpg,百利吉利丁片家用明胶片果冻慕斯蛋糕芝士烘焙自制宝宝食用奶酪棒,	634175577063,,9.9,9.9,29.9,29.9,33.11%,1,49679,0,74,294,0.02%,732.6,0.01%,2910.6,66,26,0,,,活动中,7天无理由|蚂蚁花呗|信用卡支付|集分宝,粮油调味/速食/干货/烘焙,烘焙原辅料/半成品/食品添加剂,吉利丁片,,,2021-05-31,16:58:54,6天5时53分15秒,一,http://item.taobao.com/item.htm?id=634175577063,https://kandianbao.com/item/634175577063/, 
71,https://img.alicdn.com/imgextra/i1/2891304348/O1CN01ZcvZjF1hzQm62ncOO_!!2891304348-0-picasso.jpg,百利红腰豆罐头即食沙拉豆大红芸豆罐装西餐配料432g,	628878133817,,42.9,42.9,125.8,125.8,34.10%,0,4828,0,76,257,0.02%,3260.4,0.03%,11025.3,40,22,0,,,预售价,7天无理由|蚂蚁花呗|信用卡支付|集分宝,粮油调味/速食/干货/烘焙,米/面粉/杂粮,其它,,,2021-05-27,14:32:05,2天3时26分26秒,四,http://item.taobao.com/item.htm?id=628878133817,https://kandianbao.com/item/628878133817/, 
72,https://img.alicdn.com/imgextra/i1/2891304348/O1CN01bijAnL1hzQls1YONl_!!2891304348-0-picasso.jpg,百利面包糠商用油炸鸡腿脆皮香酥金黄色南瓜饼雪花鸡柳裹粉,	570009634611,,9.9,13.9,19.9,39.8,34.92%,5,24656,0,80,16463,0.02%,920,0.01%,189324.5,3250,1741,0,,,周年店庆,7天无理由|蚂蚁花呗|信用卡支付|集分宝,粮油调味/速食/干货/烘焙,烘焙原辅料/半成品/食品添加剂,面包糠,,,2021-05-30,13:06:15,5天2时0分36秒,日,http://item.taobao.com/item.htm?id=570009634611,https://kandianbao.com/item/570009634611/,份量很足(6);会回购(6);口感非常好(27);很新鲜(3);使用方便(2);日期太久远(3)
73,https://img.alicdn.com/imgextra/i1/2891304348/O1CN01XvGzRz1hzQjXs3DDe_!!2891304348-0-lubanu-s.jpg,百利番茄沙司小包装西红柿蕃茄酱调味酱商用10g*600包整箱,	623249868661,,109.9,109.9,225,225,48.84%,0,49799,0,86,463,0.02%,9451.4,0.07%,50883.700000000004,74,41,0,,,活动中,7天无理由|蚂蚁花呗|信用卡支付|集分宝,粮油调味/速食/干货/烘焙,调味品/果酱/沙拉,番茄酱,,,2021-05-31,14:53:15,6天3时47分36秒,一,http://item.taobao.com/item.htm?id=623249868661,https://kandianbao.com/item/623249868661/, 
74,https://img.alicdn.com/imgextra/i1/2891304348/O1CN01yeGh601hzQjiHpnJz_!!2891304348-0-lubanu-s.jpg,百利蜂蜜蓝莓果酱涂抹面包三明治夹心酱甜品小盒装烘焙14g*140粒,	557340415780,蜂蜜蓝莓果酱,108.8,108.8,166,166,65.54%,1,49741,0,96,2914,0.02%,10444.8,0.08%,317043.2,350,147,0,,,活动中,7天无理由|蚂蚁花呗|信用卡支付|集分宝,粮油调味/速食/干货/烘焙,调味品/果酱/沙拉,果酱,,,2021-05-28,19:31:31,3天8时25分52秒,五,http://item.taobao.com/item.htm?id=557340415780,https://kandianbao.com/item/557340415780/, 
75,https://img.alicdn.com/imgextra/i1/2891304348/O1CN01LaYwdr1hzQjamS4sQ_!!2891304348-0-lubanu-s.jpg,百利黑胡椒酱牛排意大利面黑椒酱汁肉烧烤牛柳拌饭酱商用1kg2包,	580578285561,,41.9,41.9,120,120,34.92%,0,49752,0,105,1495,0.02%,4399.5,0.03%,62640.5,314,151,0,,,活动中,7天无理由|蚂蚁花呗|信用卡支付|集分宝,粮油调味/速食/干货/烘焙,调味品/果酱/沙拉,酱类调料,,,2021-05-28,15:35:42,3天4时30分3秒,五,http://item.taobao.com/item.htm?id=580578285561,https://kandianbao.com/item/580578285561/,味道不错(6);一直在用(2);态度很专业(3);包装非常好(2);价位不错(2)
76,https://img.alicdn.com/imgextra/i1/2891304348/O1CN01mQz9X61hzQluRK1jm_!!2891304348-0-picasso.jpg,百利沙拉酱香甜味水果蔬菜瓶装寿司汉堡面包三明治沙律色拉200ml,	534607240289,,14.9,14.9,21,21,70.95%,0,99370,0,107,13303,0.02%,1594.3,0.01%,198214.7,1694,435,0,,,周年店庆,7天无理由|蚂蚁花呗|信用卡支付|集分宝,粮油调味/速食/干货/烘焙,调味品/果酱/沙拉,沙拉/千岛/蛋黄酱,,,2021-05-26,13:32:43,1天2时27分4秒,三,http://item.taobao.com/item.htm?id=534607240289,https://kandianbao.com/item/534607240289/,味道不错(16);包装非常好(3);味道怪怪的(2)
77,https://img.alicdn.com/imgextra/i1/2891304348/O1CN01Sxs3Sb1hzQm0Oi52s_!!2891304348-0-picasso.jpg,百利沙拉汁凯撒水果蔬菜沙拉酱鱼肉类意大利面火锅酌料调味230ml,	584817355891,,16.8,16.8,46,46,36.52%,0,67057,0,111,1415,0.03%,1864.8000000000002,0.01%,23772,536,187,0,,,活动中,7天无理由|蚂蚁花呗|信用卡支付|集分宝,粮油调味/速食/干货/烘焙,调味品/果酱/沙拉,沙拉/千岛/蛋黄酱,,,2021-05-28,16:31:27,3天5时25分48秒,五,http://item.taobao.com/item.htm?id=584817355891,https://kandianbao.com/item/584817355891/,包装很好(4);发货很及时(2)
78,https://img.alicdn.com/imgextra/i1/2891304348/O1CN018Vlcg71hzQlq0J1Dl_!!2891304348-0-picasso.jpg,百利三角豆鹰嘴豆罐头即食豆类熟食素食豆西餐沙拉豆烘焙原料432g,	534645216183,,10.8,10.8,18,18,60.00%,0,148472,0,115,15434,0.03%,1242,0.01%,166687.2,1840,233,0,,,活动中,7天无理由|蚂蚁花呗|信用卡支付|集分宝,粮油调味/速食/干货/烘焙,米/面粉/杂粮,其它,,,2021-05-31,20:31:45,6天9时26分6秒,一,http://item.taobao.com/item.htm?id=534645216183,https://kandianbao.com/item/534645216183/,新鲜度新的(2);味道不错(6);包装非常好(4);很有分量(3);快递包装好(2)
79,https://img.alicdn.com/imgextra/i1/2891304348/O1CN010aeuEC1hzQlrNiz3C_!!2891304348-0-picasso.jpg,百利幼滑花生酱拌面酱抹面包酱蒸饺火锅食材调味蘸料火鸡面酱2瓶,	584812075033,,18.9,18.9,45,45,42.00%,0,49554,0,132,3688,0.03%,2494.7999999999997,0.02%,69703.2,1166,603,0,,,活动中,7天无理由|蚂蚁花呗|信用卡支付|集分宝,粮油调味/速食/干货/烘焙,调味品/果酱/沙拉,酱类调料,,,2021-05-30,14:32:09,5天3时26分30秒,日,http://item.taobao.com/item.htm?id=584812075033,https://kandianbao.com/item/584812075033/,味道不错(17);价格很便宜(5);会回购(2);宝宝很喜欢(2);日期新鲜(2);价格不便宜(2)
80,https://img.alicdn.com/imgextra/i1/2891304348/O1CN01U9Lftq1hzQllHaqj7_!!2891304348-0-picasso.jpg,百利三角豆鹰嘴豆罐头即食豆类熟食素食西餐沙拉豆烘焙432g2罐,	580120503669,,17.9,17.9,39.9,39.9,44.86%,0,49532,0,150,3106,0.03%,2685,0.02%,55597.399999999994,880,351,0,,,活动中,7天无理由|蚂蚁花呗|信用卡支付|集分宝,粮油调味/速食/干货/烘焙,米/面粉/杂粮,其它,,,2021-05-30,13:32:10,5天2时26分31秒,日,http://item.taobao.com/item.htm?id=580120503669,https://kandianbao.com/item/580120503669/,很好吃(10);会回购(3);包装完整(2)
81,https://img.alicdn.com/imgextra/i1/2891304348/O1CN01026fAi1hzQlz1dLqG_!!2891304348-0-picasso.jpg,百利芝麻1瓶+0脂油醋1瓶+0脂胡椒汁+荞麦挂面3包,	629468515305,,49.9,49.9,137.8,137.8,36.21%,0,4145,0,153,1136,0.03%,7634.7,0.06%,56686.4,364,134,0,,,预售价,7天无理由|蚂蚁花呗|信用卡支付|集分宝,粮油调味/速食/干货/烘焙,调味品/果酱/沙拉,沙拉/千岛/蛋黄酱,,,2021-05-27,11:50:16,2天44分37秒,四,http://item.taobao.com/item.htm?id=629468515305,https://kandianbao.com/item/629468515305/,很好吃(7);包装很好(5);品质很好(2);价格很实惠(3);漏了(2)
82,https://img.alicdn.com/imgextra/i2/2891304348/O1CN01pja2Lx1hzQjrgCces_!!0-item_pic.jpg,【限定】百利食品旗舰店品牌专属调味购物金-全店通用,	624958061199,,100.0,800.0,100.0,800.0,100.00%,5,49290,0,160,920,0.04%,60800,0.47%,349600,22,0,0,,,,7天无理由|蚂蚁花呗|信用卡支付|集分宝,购物金,食品购物金,粮油米调味干货购物金,,,2021-05-28,15:53:45,3天4时48分6秒,五,http://item.taobao.com/item.htm?id=624958061199,https://kandianbao.com/item/624958061199/, 
83,https://img.alicdn.com/imgextra/i1/2891304348/O1CN01c0LO441hzQlxrOeMX_!!2891304348-0-picasso.jpg,百利番茄酱沙司蕃批发西红柿袋装意大利面新疆手抓饼薯条1KG*2包,	580830347367,,27.8,27.8,69.9,69.9,39.77%,0,49629,0,170,2545,0.04%,4726,0.04%,70751,330,171,0,,,活动中,7天无理由|蚂蚁花呗|信用卡支付|集分宝,粮油调味/速食/干货/烘焙,调味品/果酱/沙拉,番茄酱,,,2021-05-26,17:54:47,1天6时49分8秒,三,http://item.taobao.com/item.htm?id=580830347367,https://kandianbao.com/item/580830347367/, 
84,https://img.alicdn.com/imgextra/i1/2891304348/O1CN01SRNC4t1hzQluRMArV_!!2891304348-0-picasso.jpg,百利0脂肪千岛酱沙拉汁水果蔬菜轻食海鲜面包沙拉火锅低脂蘸料零,	630939383072,,19.9,19.9,99,99,20.10%,0,4477,0,171,880,0.04%,3402.8999999999996,0.03%,17512,302,103,0,,,活动中,7天无理由|蚂蚁花呗|信用卡支付|集分宝,粮油调味/速食/干货/烘焙,调味品/果酱/沙拉,沙拉/千岛/蛋黄酱,,,2021-06-01,10:07:54,6天23时2分15秒,二,http://item.taobao.com/item.htm?id=630939383072,https://kandianbao.com/item/630939383072/,包装满分(2);味儿很好(3);美味一般(4)
85,https://img.alicdn.com/imgextra/i1/2891304348/O1CN01RhILX51hzQlythhQ1_!!2891304348-0-picasso.jpg,百利天妇罗粉炸蔬菜猪排鸡翅裹粉煎炸虾炸粉日式料理调料家用700g,	552195265812,,16.8,16.8,36.8,36.8,45.65%,0,4381,0,172,30636,0.04%,2889.6,0.02%,514684.80000000005,11820,2095,0,,,活动中,7天无理由|蚂蚁花呗|信用卡支付|集分宝,粮油调味/速食/干货/烘焙,调味品/果酱/沙拉,寿司料理/料理调料,,,2021-05-31,09:52:23,5天22时46分44秒,一,http://item.taobao.com/item.htm?id=552195265812,https://kandianbao.com/item/552195265812/,日期挺新鲜(4);特别好吃(12);非常酥脆(7);包装很好(8);很方便(2);没有封口(2)
86,https://img.alicdn.com/imgextra/i1/2891304348/O1CN01fWH1Gn1hzQlbTMzgW_!!2891304348-0-lubanu-s.jpg,百利红腰豆三角豆罐头即食沙拉豆大红芸豆西餐配料烘焙432g*4罐,	580832291586,,37.8,37.8,79.8,79.8,47.37%,0,49509,0,182,2699,0.04%,6879.599999999999,0.05%,102022.2,458,369,0,,,活动中,7天无理由|蚂蚁花呗|信用卡支付|集分宝,粮油调味/速食/干货/烘焙,米/面粉/杂粮,其它,,,2021-05-25,12:33:32,1时27分53秒,二,http://item.taobao.com/item.htm?id=580832291586,https://kandianbao.com/item/580832291586/,很好吃(21);会回购(3);包装好(2)
87,https://img.alicdn.com/imgextra/i1/2891304348/O1CN01VS21gQ1hzQltu6buD_!!2891304348-0-picasso.jpg,百利幼滑花生酱拌面酱抹面包酱蒸饺火锅食材调味蘸料凉面火鸡面酱,	534479183532,,14.9,14.9,22,22,67.73%,0,4027,0,193,9639,0.04%,2875.7000000000003,0.02%,143621.1,2424,1105,0,,,周年店庆,7天无理由|蚂蚁花呗|信用卡支付|集分宝,粮油调味/速食/干货/烘焙,调味品/果酱/沙拉,酱类调料,,,2021-05-28,17:31:38,3天6时25分59秒,五,http://item.taobao.com/item.htm?id=534479183532,https://kandianbao.com/item/534479183532/,很好吃(25);日期新鲜(4);包装很严实(9);客服态度很好(2);价廉物美(7);数量少(4)
88,https://img.alicdn.com/imgextra/i1/2891304348/O1CN01xjKeYD1hzQlq0KIHl_!!2891304348-0-picasso.jpg,百利千岛酱沙拉酱蔬菜水果沙律色拉酱三明治寿司面包汉堡酱1kg,	576458881906,,22.9,22.9,59.9,59.9,38.23%,0,49265,0,207,6833,0.05%,4740.299999999999,0.04%,156475.69999999998,1552,779,0,,,活动中,7天无理由|蚂蚁花呗|信用卡支付|集分宝,粮油调味/速食/干货/烘焙,调味品/果酱/沙拉,沙拉/千岛/蛋黄酱,,,2021-05-28,11:33:21,3天27分42秒,五,http://item.taobao.com/item.htm?id=576458881906,https://kandianbao.com/item/576458881906/,酸酸的(2);有甜味(2);很好吃(18);会回购(3);包装不错(2);不好吃(5)
89,https://img.alicdn.com/imgextra/i4/2891304348/O1CN01bS7G011hzQm0KYLwN_!!2891304348-0-lubanu-s.jpg,【34包】百利鸡胸肉代餐开袋即食低脂肪速食原味鸡胸肉零食品健身,	642706922203,,109,109,299,299,36.45%,0,5771,0,208,216,0.05%,22672,0.18%,23544,54,22,0,,,周年店庆,7天无理由|蚂蚁花呗|信用卡支付|集分宝,水产肉类/新鲜蔬果/熟食,生肉/肉制品,鸡胸,,,2021-05-28,16:42:24,3天5时36分45秒,五,http://item.taobao.com/item.htm?id=642706922203,https://kandianbao.com/item/642706922203/, 
90,https://img.alicdn.com/imgextra/i1/2891304348/O1CN01yQlVKC1hzQjgI4rm2_!!2891304348-0-lubanu-s.jpg,百利蜂蜜草莓果酱14g*140粒甜品早餐涂抹面包夹心酱小袋装烘焙,	557431905434,c,98.8,98.8,166,166,59.52%,1,4465,0,241,5937,0.05%,23810.8,0.19%,586575.6,780,305,0,,,活动中,7天无理由|蚂蚁花呗|信用卡支付|集分宝,粮油调味/速食/干货/烘焙,调味品/果酱/沙拉,果酱,,,2021-05-26,12:33:05,1天1时27分26秒,三,http://item.taobao.com/item.htm?id=557431905434,https://kandianbao.com/item/557431905434/, 
91,https://img.alicdn.com/imgextra/i1/2891304348/O1CN01kxxsu81hzQluRJl8M_!!2891304348-0-picasso.jpg,百利番茄酱家用0脂肪披萨儿童宝宝番茄沙司手抓饼蘸酱瓶装商用,	626636261825,,19.9,19.9,55,55,36.18%,0,103872,0,247,2039,0.06%,4915.299999999999,0.04%,40576.1,464,269,0,,,活动中,7天无理由|蚂蚁花呗|信用卡支付|集分宝,粮油调味/速食/干货/烘焙,调味品/果酱/沙拉,酱类调料,,,2021-05-25,20:03:28,8时57分49秒,二,http://item.taobao.com/item.htm?id=626636261825,https://kandianbao.com/item/626636261825/,包装玻璃瓶装(5);很好吃(20);回购第二次(2);老板非常好(2)
92,https://img.alicdn.com/imgextra/i1/2891304348/O1CN01CJMS7U1hzQlrwQF7a_!!2891304348-0-picasso.jpg,百利日式和风口味油醋沙拉汁非0脂肪蔬菜水果沙拉酱水煮菜醋汁230,	598803201634,,17.8,17.8,35,35,50.86%,0,46594,0,257,7350,0.06%,4574.6,0.04%,130830,3312,1031,0,,,活动中,7天无理由|蚂蚁花呗|信用卡支付|集分宝,粮油调味/速食/干货/烘焙,调味品/果酱/沙拉,沙拉/千岛/蛋黄酱,,,2021-05-28,22:58:40,3天11时53分1秒,五,http://item.taobao.com/item.htm?id=598803201634,https://kandianbao.com/item/598803201634/,酸酸的(3);很好吃(42);物超所值(2);包装挺好(2);还会来(3);很难吃(9)
93,https://img.alicdn.com/imgextra/i1/2891304348/O1CN01jGlJJF1hzQlxrMVJL_!!2891304348-0-picasso.jpg,百利油醋汁0脂肪日式和风蔬菜水果沙拉酱低脂酱料拌面家用250g,	615571604562,,19.9,36.9,55,119,31.01%,5,247267,0,259,13849,0.06%,6915.3,0.05%,369768.3,3184,1844,0,,,周年店庆,7天无理由|蚂蚁花呗|信用卡支付|集分宝,粮油调味/速食/干货/烘焙,调味品/果酱/沙拉,沙拉/千岛/蛋黄酱,,,2021-05-25,17:36:28,6时30分49秒,二,http://item.taobao.com/item.htm?id=615571604562,https://kandianbao.com/item/615571604562/,减肥首选(6);酸酸的(4);很好吃(68);会回购(19);质量好(3);不会回购(2)
94,https://img.alicdn.com/imgextra/i1/2891304348/O1CN011aUV4W1hzQlvPlXo0_!!2891304348-0-picasso.jpg,百利茄汁焗豆香焖茄汁芸豆罐头即食西式早餐面包意大利面配料415g,	551175600701,,9.9,9.9,18.6,18.6,53.23%,0,117640,0,266,8476,0.06%,2633.4,0.02%,83912.40000000001,1108,589,0,,,活动中,7天无理由|蚂蚁花呗|信用卡支付|集分宝,粮油调味/速食/干货/烘焙,米/面粉/杂粮,其它,,,2021-05-30,19:31:27,5天8时25分48秒,日,http://item.taobao.com/item.htm?id=551175600701,https://kandianbao.com/item/551175600701/,这么好吃(16);会回购(2);儿子很喜欢(2);包装很好(5)
95,https://img.alicdn.com/imgextra/i1/2891304348/O1CN01H5492b1hzQkeSm00T_!!2891304348-0-lubanu-s.jpg,百利2瓶油醋汁0脂肪低脂酱料千岛沙拉酱水果蔬菜芝麻酱料家用,	630557525499,,32.9,32.9,119,119,27.65%,41,15332,0,279,1898,0.06%,9179.1,0.07%,62444.2,288,255,0,,,周年店庆,7天无理由|蚂蚁花呗|信用卡支付|集分宝,粮油调味/速食/干货/烘焙,调味品/果酱/沙拉,沙拉/千岛/蛋黄酱,,,2021-05-27,13:57:02,2天2时51分23秒,四,http://item.taobao.com/item.htm?id=630557525499,https://kandianbao.com/item/630557525499/,物流无暴力(4);味道不错(20);会回购(7);包装很严实(8);性价比高(3);口感味道差(7)
96,https://img.alicdn.com/imgextra/i1/2891304348/O1CN010gzgN41hzQm0m51sk_!!2891304348-0-picasso.jpg,百利纯正蛋黄酱水果蔬菜沙拉酱烘焙色拉蛋黄酱手抓饼寿司汉堡1kg,	576458273362,,25.9,25.9,62.9,62.9,41.18%,0,49158,0,294,5085,0.07%,7614.599999999999,0.06%,131701.5,1728,575,0,,,活动中,7天无理由|蚂蚁花呗|信用卡支付|集分宝,粮油调味/速食/干货/烘焙,调味品/果酱/沙拉,沙拉/千岛/蛋黄酱,,,2021-05-28,20:31:44,3天9时26分5秒,五,http://item.taobao.com/item.htm?id=576458273362,https://kandianbao.com/item/576458273362/,味儿很好(17);价格很便宜(7);量大(2);商家服务好(2);包装超好(2);很难吃(2)
97,https://img.alicdn.com/imgextra/i1/2891304348/O1CN01RNggB71hzQlu07Coa_!!2891304348-0-picasso.jpg,百利炸鸡脆鳞裹粉家用油炸香酥小包装鸡腿脆皮屑香蕉南瓜饼面包糠,	636813408201,,9.9,35.9,15,72,49.86%,19,1899800,0,296,1141,0.07%,6008.8,0.05%,23162.3,166,124,0,,,周年店庆,7天无理由|蚂蚁花呗|信用卡支付|集分宝,粮油调味/速食/干货/烘焙,烘焙原辅料/半成品/食品添加剂,预拌粉,,,2021-05-27,11:11:18,2天5分39秒,四,http://item.taobao.com/item.htm?id=636813408201,https://kandianbao.com/item/636813408201/,质量好(2);小孩子挺喜欢(2)
98,https://img.alicdn.com/imgextra/i1/2891304348/O1CN01QzOiRo1hzQltx5YlS_!!2891304348-0-picasso.jpg,百利黑胡椒汁牛排酱意大利面牛柳烧烤肉拌饭火锅蘸料调味品305g*2,	584985467576,,25.9,25.9,59,59,43.90%,0,49383,0,298,2033,0.07%,7718.2,0.06%,52654.7,408,301,0,,,活动中,7天无理由|蚂蚁花呗|信用卡支付|集分宝,粮油调味/速食/干货/烘焙,调味品/果酱/沙拉,酱类调料,,,2021-05-28,12:30:42,3天1时25分3秒,五,http://item.taobao.com/item.htm?id=584985467576,https://kandianbao.com/item/584985467576/,包装非常牢固(4);口感味道好(13);无数次回购(2);物流很快(3)
99,https://img.alicdn.com/imgextra/i4/2891304348/O1CN01AJLfMo1hzQlnSrKD6_!!2891304348-0-lubanu-s.jpg,【20袋装】百利速食鸡胸肉即食代餐低脂肪原味鸡胸肉零食品,	643595111723,,109,109,299,299,36.45%,0,9562,0,318,323,0.07%,34662,0.27%,35207,90,35,0,,,周年店庆,7天无理由|蚂蚁花呗|信用卡支付|集分宝,水产肉类/新鲜蔬果/熟食,生肉/肉制品,鸡胸,,,2021-05-29,09:05:52,3天22时0分13秒,六,http://item.taobao.com/item.htm?id=643595111723,https://kandianbao.com/item/643595111723/, 
100,https://img.alicdn.com/imgextra/i1/2891304348/O1CN01AQZNhn1hzQlvPnQF8_!!2891304348-0-picasso.jpg,百利番茄酱沙司瓶装薯条蕃意大利面酱披萨汉堡手抓饼蘸酱料305g*2,	535999481579,,16.9,16.9,19.8,19.8,85.35%,0,36744,0,320,16566,0.07%,5408,0.04%,279965.39999999997,3416,2283,0,,,活动中,7天无理由|蚂蚁花呗|信用卡支付|集分宝,粮油调味/速食/干货/烘焙,调味品/果酱/沙拉,番茄酱,,,2021-05-26,17:56:33,1天6时50分54秒,三,http://item.taobao.com/item.htm?id=535999481579,https://kandianbao.com/item/535999481579/,挺重的(2);甜甜的(2);很好吃(50);值得回购(6);女儿喜欢吃(10);不好吃(4)
101,https://img.alicdn.com/imgextra/i1/2891304348/O1CN01JoIORV1hzQm62CMPQ_!!2891304348-0-picasso.jpg,百利沙拉酱汁焙煎芝麻蔬菜水果拌面煎烤肉调味海鲜蘸料1.5L*2瓶,	580703234751,,10.0,10.0,172,172,5.81%,3,14132,0,322,3995,0.07%,3220,0.03%,39950,642,352,0,,,预售价,7天无理由|蚂蚁花呗|信用卡支付|集分宝,粮油调味/速食/干货/烘焙,调味品/果酱/沙拉,沙拉/千岛/蛋黄酱,,,2021-05-25,21:31:43,10时26分4秒,二,http://item.taobao.com/item.htm?id=580703234751,https://kandianbao.com/item/580703234751/,回购好几次(3);很好吃(9);性价比高(2);包装挺严实(2)
102,https://img.alicdn.com/imgextra/i1/2891304348/O1CN01vMXP161hzQjU5v3Pc_!!2891304348-0-lubanu-s.jpg,百利番茄酱沙司小包装商用西红柿袋装新疆手抓饼儿童200包家用,	580828107984,,37.8,37.8,89,89,42.47%,0,4155,0,354,7570,0.08%,13381.199999999999,0.10%,286146,640,554,0,,,活动中,7天无理由|蚂蚁花呗|信用卡支付|集分宝,粮油调味/速食/干货/烘焙,调味品/果酱/沙拉,番茄酱,,,2021-05-26,17:54:48,1天6时49分9秒,三,http://item.taobao.com/item.htm?id=580828107984,https://kandianbao.com/item/580828107984/,很好吃(11);物美价廉(2)
103,https://img.alicdn.com/imgextra/i1/2891304348/O1CN01uqTUrD1hzQllHdGOC_!!2891304348-0-picasso.jpg,百利烤鸭烤鸡烤肉香辣腌料35g*5小包装家用秘制炸鸡调料腌制料,	604146415963,,9.9,9.9,25,25,39.60%,0,97363,0,404,2453,0.09%,3999.6000000000004,0.03%,24284.7,372,310,0,,,活动中,7天无理由|蚂蚁花呗|信用卡支付|集分宝,粮油调味/速食/干货/烘焙,调味品/果酱/沙拉,烧烤调料/腌料,,,2021-05-26,11:14:08,1天8分29秒,三,http://item.taobao.com/item.htm?id=604146415963,https://kandianbao.com/item/604146415963/,味道不错(3);物美价廉(3);态度非常满意(2);不美味(2)
104,https://img.alicdn.com/imgextra/i1/2891304348/O1CN01AdUbLy1hzQluRLhjb_!!2891304348-0-picasso.jpg,百利红腰豆罐头即食沙拉豆大红芸豆灌装西餐配料烘焙原料432g2罐,	579685000791,,16.9,16.9,39.9,39.9,42.36%,0,48357,0,440,11097,0.10%,7435.999999999999,0.06%,187539.3,1722,1056,0,,,活动中,7天无理由|蚂蚁花呗|信用卡支付|集分宝,粮油调味/速食/干货/烘焙,米/面粉/杂粮,其它,,,2021-05-29,12:32:25,4天1时26分46秒,六,http://item.taobao.com/item.htm?id=579685000791,https://kandianbao.com/item/579685000791/,回购n次(6);有甜味(2);很好吃(36);份量很足(3);没破损(2);不好吃(5)
105,https://img.alicdn.com/imgextra/i1/2891304348/O1CN01YXDGxl1hzQlxov40c_!!2891304348-0-lubanu-s.jpg,百利2瓶油醋汁水煮菜0脂肪低脂酱料沙拉酱水果蔬菜芝麻家用蘸料,	628188454225,,32.9,32.9,139,139,23.67%,1,964,0,466,107469,0.11%,15331.4,0.12%,3535730.0999999996,19322,17753,0,,,周年店庆,7天无理由|蚂蚁花呗|信用卡支付|集分宝,粮油调味/速食/干货/烘焙,调味品/果酱/沙拉,沙拉/千岛/蛋黄酱,,,2021-05-28,10:36:27,2天23时30分48秒,五,http://item.taobao.com/item.htm?id=628188454225,https://kandianbao.com/item/628188454225/,酸酸的(8);正品(21);热量低(25);很好吃(1202);很新鲜(12);不会再买(7)
106,https://img.alicdn.com/imgextra/i1/2891304348/O1CN01WYvw3b1hzQlwehmLz_!!2891304348-0-picasso.jpg,百利黑胡椒酱牛排意大利面黑椒酱汁烤肉烧烤牛柳拌饭酱商用1kg,	575044478188,,19.9,19.9,56.9,56.9,34.97%,0,103440,0,473,13269,0.11%,9412.699999999999,0.07%,264053.1,2620,1340,0,,,活动中,7天无理由|蚂蚁花呗|信用卡支付|集分宝,粮油调味/速食/干货/烘焙,调味品/果酱/沙拉,酱类调料,,,2021-05-25,18:31:25,7时25分46秒,二,http://item.taobao.com/item.htm?id=575044478188,https://kandianbao.com/item/575044478188/,回购好几次(7);味道不错(31);很大个(2);娃娃喜欢喝(2);量大(8);不好吃(7)
107,https://img.alicdn.com/imgextra/i1/2891304348/O1CN01H5UZeC1hzQlxrNNOL_!!2891304348-0-picasso.jpg,百利新奥尔良烤翅腌料烧烤调料家用烤肉蘸料烤鱼炸鸡柳排煎炸1KG,	580105551253,,25.9,25.9,59.9,59.9,43.24%,0,103171,0,491,14077,0.11%,12716.9,0.10%,364594.3,3520,1392,0,,,活动中,7天无理由|蚂蚁花呗|信用卡支付|集分宝,粮油调味/速食/干货/烘焙,调味品/果酱/沙拉,烧烤调料/腌料,,,2021-05-27,14:33:24,2天3时27分45秒,四,http://item.taobao.com/item.htm?id=580105551253,https://kandianbao.com/item/580105551253/,便宜(6);很好吃(27);很大包(3);质量好(2);再次回购(3);小孩子挺喜欢(4)
108,https://img.alicdn.com/imgextra/i4/2891304348/O1CN01dfGA6E1hzQlwCMKFy_!!2891304348-0-lubanu-s.jpg,百利12根鸡胸肉肠鸡肉零食低脂肪即食代餐速食解馋零食品,	643254258210,,29.9,29.9,69,69,43.33%,0,5461,0,494,509,0.11%,14770.599999999999,0.12%,15219.099999999999,48,43,0,,,周年店庆,7天无理由|蚂蚁花呗|信用卡支付|集分宝,水产肉类/新鲜蔬果/熟食,生肉/肉制品,鸡胸,,,2021-05-28,17:45:29,3天6时39分50秒,五,http://item.taobao.com/item.htm?id=643254258210,https://kandianbao.com/item/643254258210/, 
109,https://img.alicdn.com/imgextra/i1/2891304348/O1CN01SmMQQe1hzQlrNhuYg_!!2891304348-0-picasso.jpg,百利沙拉酱水果蔬菜沙拉汁色拉酱家用焙煎芝麻培煎寿司沙律230g,	584739911535,,16.8,16.8,59.9,59.9,28.05%,0,103162,0,500,9839,0.11%,8400,0.07%,165295.2,2882,1289,0,,,活动中,7天无理由|蚂蚁花呗|信用卡支付|集分宝,粮油调味/速食/干货/烘焙,调味品/果酱/沙拉,沙拉/千岛/蛋黄酱,,,2021-05-30,11:34:57,5天29分18秒,日,http://item.taobao.com/item.htm?id=584739911535,https://kandianbao.com/item/584739911535/,很好吃(45);多次回购(8);日期很新鲜(3);很好包装(5);发货速度很快(7);口味不一样(3)
110,https://img.alicdn.com/imgextra/i1/2891304348/O1CN01ZQTOh81hzQjaTKxgW_!!2891304348-0-lubanu-s.jpg,百利面包糠家用香酥脆皮油炸鸡裹粉南瓜饼专用金黄色送奥尔良腌料,	632105362832,,34.9,34.9,79,79,44.18%,0,103385,0,502,2375,0.11%,17519.8,0.14%,82887.5,230,209,0,,,活动中,7天无理由|蚂蚁花呗|信用卡支付|集分宝,粮油调味/速食/干货/烘焙,烘焙原辅料/半成品/食品添加剂,面包糠,,,2021-05-27,15:47:54,2天4时42分15秒,四,http://item.taobao.com/item.htm?id=632105362832,https://kandianbao.com/item/632105362832/,日期很新(3)
111,https://img.alicdn.com/imgextra/i1/2891304348/O1CN01HlMDO21hzQm10efmf_!!2891304348-0-picasso.jpg,百利香甜沙拉酱家用水果蔬菜色拉沙拉寿司汉堡配料沙拉酱1kg,	576297336982,,22.9,22.9,59.9,59.9,38.23%,0,103047,0,556,12787,0.13%,12732.4,0.10%,292822.3,2940,1225,0,,,活动中,7天无理由|蚂蚁花呗|信用卡支付|集分宝,粮油调味/速食/干货/烘焙,调味品/果酱/沙拉,沙拉/千岛/蛋黄酱,,,2021-05-26,20:32:16,1天9时26分37秒,三,http://item.taobao.com/item.htm?id=576297336982,https://kandianbao.com/item/576297336982/,味道不错(37);正品(2);有甜味(2);量足(6);多次回购(8);不好吃(5)
112,https://img.alicdn.com/imgextra/i1/2891304348/O1CN01kGIr7t1hzQlv8pHuG_!!2891304348-0-picasso.jpg,百利黑胡椒酱汁牛排意大利面手抓饼黑胡椒酱牛柳烤肉拌饭酱305g,	534582173937,,13.5,13.5,20,20,67.50%,0,111136,0,575,19374,0.13%,7762.5,0.06%,261549,4062,1475,0,,,活动中,7天无理由|蚂蚁花呗|信用卡支付|集分宝,粮油调味/速食/干货/烘焙,调味品/果酱/沙拉,酱类调料,,,2021-05-26,14:32:02,1天3时26分23秒,三,http://item.taobao.com/item.htm?id=534582173937,https://kandianbao.com/item/534582173937/,味道不错(32);还会再买(6);包装很好(11);商家很细心(5);价格实惠(6);漏了(2)
113,https://img.alicdn.com/imgextra/i1/2891304348/O1CN017FZrsE1hzQlrNj7OF_!!2891304348-0-picasso.jpg,百利泰式甜辣酱手抓饼炸鸡火锅蘸料鸡排烤肉调味酱料泰国风味1kg,	571643688363,,15.9,15.9,48.8,48.8,32.58%,0,341820,0,609,16122,0.14%,9683.1,0.08%,256339.80000000002,3134,1475,0,,,活动中,7天无理由|蚂蚁花呗|信用卡支付|集分宝,粮油调味/速食/干货/烘焙,调味品/果酱/沙拉,辣椒酱,,,2021-05-26,17:54:14,1天6时48分35秒,三,http://item.taobao.com/item.htm?id=571643688363,https://kandianbao.com/item/571643688363/,辣味不重(2);很好吃(53);量大(7);会回购(7);个子挺大(2);很难吃(2)
114,https://img.alicdn.com/imgextra/i1/2891304348/O1CN01kQk5Vm1hzQlppACGj_!!2891304348-0-lubanu-s.jpg,百利10袋鸡胸肉丸鸡肉丸子低脂肪即食代餐0速食卡解馋零食品,	642512100054,,39.9,39.9,68,68,58.68%,1,4296,0,616,675,0.14%,24578.399999999998,0.19%,26932.5,106,50,0,,,周年店庆,7天无理由|蚂蚁花呗|信用卡支付|集分宝,水产肉类/新鲜蔬果/熟食,生肉/肉制品,鸡胸,,,2021-05-28,16:42:24,3天5时36分45秒,五,http://item.taobao.com/item.htm?id=642512100054,https://kandianbao.com/item/642512100054/, 
115,https://img.alicdn.com/imgextra/i1/2891304348/O1CN01IHacga1hzQlwehufa_!!2891304348-0-picasso.jpg,百利番茄酱沙司蕃西红柿袋装意大利面新疆手抓饼薯条蘸酱披萨寿司,	575249668592,,13.9,13.9,35,35,39.71%,0,441463,0,626,21875,0.14%,8701.4,0.07%,304062.5,2748,2357,0,,,活动中,7天无理由|蚂蚁花呗|信用卡支付|集分宝,粮油调味/速食/干货/烘焙,调味品/果酱/沙拉,番茄酱,,,2021-05-26,17:55:59,1天6时50分20秒,三,http://item.taobao.com/item.htm?id=575249668592,https://kandianbao.com/item/575249668592/,不酸(3);很大个(2);很好吃(98);份量很足(15);会回购(17);口感偏甜一点(3)
116,https://img.alicdn.com/imgextra/i1/2891304348/O1CN01eczVwi1hzQlrwRNr2_!!2891304348-0-picasso.jpg,百利吉士粉商用速溶布丁粉食用色素蛋挞家用油炸面包月饼烘焙原料,	534578438618,,14.8,14.8,22,22,67.27%,1,580005,0,644,19678,0.15%,9531.2,0.07%,291234.4,4188,1303,0,,,周年店庆,7天无理由|蚂蚁花呗|信用卡支付|集分宝,粮油调味/速食/干货/烘焙,烘焙原辅料/半成品/食品添加剂,吉士粉,,,2021-05-26,16:31:52,1天5时26分13秒,三,http://item.taobao.com/item.htm?id=534578438618,https://kandianbao.com/item/534578438618/,口感味道好(10);正品(3);效果好(2);质量好(4);包装很好(6);不好吃(2)
117,https://img.alicdn.com/imgextra/i1/2891304348/O1CN01vNMPda1hzQlv8mKz0_!!2891304348-0-picasso.jpg,百利番茄酱沙司100小包装家用儿童薯条新疆手抓饼批发商用,	580208043518,,19.8,19.8,39.9,39.9,49.62%,0,252525,0,677,6550,0.15%,13404.6,0.10%,129690,978,688,0,,,活动中,7天无理由|蚂蚁花呗|信用卡支付|集分宝,粮油调味/速食/干货/烘焙,调味品/果酱/沙拉,番茄酱,,,2021-05-26,17:54:18,1天6时48分39秒,三,http://item.taobao.com/item.htm?id=580208043518,https://kandianbao.com/item/580208043518/,很好吃(16);无限回购(5);儿子很喜欢(9);小包装很方便(4);物流很给力(7);口感味道差(2)
118,https://img.alicdn.com/imgextra/i1/2891304348/O1CN01Q9kLWs1hzQltu5fh6_!!2891304348-0-picasso.jpg,百利红腰豆三角豆罐头即食沙拉豆大红芸豆西餐配料烘焙432g*2罐,	580415318980,,17.9,17.9,39.9,39.9,44.86%,0,47352,0,692,13510,0.16%,12386.8,0.10%,241828.99999999997,3268,1607,0,,,活动中,7天无理由|蚂蚁花呗|信用卡支付|集分宝,粮油调味/速食/干货/烘焙,米/面粉/杂粮,其它,,,2021-05-31,18:31:40,6天7时26分1秒,一,http://item.taobao.com/item.htm?id=580415318980,https://kandianbao.com/item/580415318980/,很好吃(32);会回购(8);质量好(7);物流很快(11);日期很新鲜(3);包装一般(2)
119,https://img.alicdn.com/imgextra/i1/2891304348/O1CN01fDikSj1hzQltx3gLo_!!2891304348-0-picasso.jpg,百利油醋汁0脂肪蔬菜水果沙拉酱低脂酱料拌面家用零脂130ml小包装,	619035532173,,9.9,9.9,22,22,45.00%,0,88161,0,824,11286,0.19%,8157.6,0.06%,111731.40000000001,2510,1304,0,,,活动中,7天无理由|蚂蚁花呗|信用卡支付|集分宝,粮油调味/速食/干货/烘焙,调味品/果酱/沙拉,沙拉/千岛/蛋黄酱,,,2021-05-28,17:07:05,3天6时1分26秒,五,http://item.taobao.com/item.htm?id=619035532173,https://kandianbao.com/item/619035532173/,酸酸的(2);减肥必备(2);便宜(11);很好吃(72);没破损(2);新鲜度非常差(2)
120,https://img.alicdn.com/imgextra/i1/2891304348/O1CN01jSXi7I1hzQlvPnHyX_!!2891304348-0-picasso.jpg,百利荞麦面无添加蔗糖低脂全麦面条粗粮主食0脂肪纯麦挂面2,	624274951772,,9.9,9.9,20,20,49.50%,0,4033,0,839,5727,0.19%,8306.1,0.06%,56697.3,866,494,0,,,活动中,7天无理由|蚂蚁花呗|信用卡支付|集分宝,粮油调味/速食/干货/烘焙,方便速食/速冻食品,面条/挂面（待煮面条）,,,2021-05-28,14:31:26,3天3时25分47秒,五,http://item.taobao.com/item.htm?id=624274951772,https://kandianbao.com/item/624274951772/,减肥必备(2);信任品牌(2);价格很便宜(3);很好吃(16);会回购(5);数量少(2)
121,https://img.alicdn.com/imgextra/i3/2891304348/O1CN01AIbvbf1hzQktwTNIV_!!2891304348-0-lubanu-s.jpg,百利20包荞麦面低脂全麦面条粗粮主食0脂肪纯麦挂面无添加蔗糖,	636514774472,,13.8,39.8,49,109,36.51%,3,33747,0,898,5974,0.20%,21731.600000000002,0.17%,144570.80000000002,928,793,0,,,周年店庆,7天无理由|蚂蚁花呗|信用卡支付|集分宝,粮油调味/速食/干货/烘焙,方便速食/速冻食品,面条/挂面（待煮面条）,,,2021-05-26,11:48:05,1天42分26秒,三,http://item.taobao.com/item.htm?id=636514774472,https://kandianbao.com/item/636514774472/,很好吃(50);份量很足(5);日期新鲜(3);很方便(2);价格实惠(9);不好吃(3)
122,https://img.alicdn.com/imgextra/i1/2891304348/O1CN018easAe1hzQltx5UYy_!!2891304348-0-picasso.jpg,百利蓝莓酱果酱涂抹面包土司酱奶茶圣代蛋糕夹心馅料烘焙原料150g,	622924920634,CE02052,9.9,19.8,26.4,59,33.56%,5,127906,0,1009,3388,0.23%,13984.740000000002,0.11%,46957.68000000001,492,436,0,,,周年店庆,7天无理由|蚂蚁花呗|信用卡支付|集分宝,粮油调味/速食/干货/烘焙,调味品/果酱/沙拉,果酱,,,2021-05-25,17:36:26,6时30分47秒,二,http://item.taobao.com/item.htm?id=622924920634,https://kandianbao.com/item/622924920634/,包装眼前一亮(5);日期不错(3);甜甜的(2);很好吃(13);价钱不贵(3);不会再买(2)
123,https://img.alicdn.com/imgextra/i1/2891304348/O1CN016nhfEo1hzQlu0BVFg_!!2891304348-0-picasso.jpg,百利蜂蜜芥末酱韩式炸鸡蘸酱寿司商用黄芥末沙拉酱非0脂肪,	619702555485,,16.8,47.9,33.8,91.8,52.18%,14,1387584,0,1104,12729,0.25%,32280.960000000003,0.25%,372195.96,4946,1665,0,,,周年店庆,7天无理由|蚂蚁花呗|信用卡支付|集分宝,粮油调味/速食/干货/烘焙,调味品/果酱/沙拉,酱类调料,,,2021-06-01,10:06:07,6天23时0分28秒,二,http://item.taobao.com/item.htm?id=619702555485,https://kandianbao.com/item/619702555485/,回购两次(4);便宜(10);很好吃(95);新鲜日期(3);物流很快(8);不好吃(23)
124,https://img.alicdn.com/imgextra/i1/2891304348/O1CN01oPZDAU1hzQlytj2Vy_!!2891304348-0-picasso.jpg,百利红腰豆罐头即食沙拉豆大红芸豆灌装西餐配料烘焙沙拉原料432g,	534583165410,,9.9,9.9,13,13,76.15%,0,86485,0,1473,61322,0.33%,14582.7,0.11%,607087.8,6460,1845,0,,,活动中,7天无理由|蚂蚁花呗|信用卡支付|集分宝,粮油调味/速食/干货/烘焙,米/面粉/杂粮,其它,,,2021-05-27,19:37:27,2天8时31分48秒,四,http://item.taobao.com/item.htm?id=534583165410,https://kandianbao.com/item/534583165410/,有甜味(3);很好吃(42);份量很足(2);会回购(4);快物流(8);很难保存(2)
125,https://img.alicdn.com/imgextra/i1/2891304348/O1CN01AGwmRa1hzQllHbvJ2_!!2891304348-0-picasso.jpg,百利面包糠商用油炸香酥炸鸡粉大包装裹粉脆皮香蕉鸡排金黄色1KG,	571413703815,,19.9,44.9,59.9,89.9,49.94%,4,213076,0,1483,51767,0.33%,44341.700000000004,0.35%,1547833.3,9836,4440,0,,,周年店庆,7天无理由|蚂蚁花呗|信用卡支付|集分宝,粮油调味/速食/干货/烘焙,烘焙原辅料/半成品/食品添加剂,面包糠,,,2021-05-26,19:32:55,1天8时27分16秒,三,http://item.taobao.com/item.htm?id=571413703815,https://kandianbao.com/item/571413703815/,二次回购(28);没怪味(2);便宜(94);很大个(7);很好吃(46);包裹太差了(3)
126,https://img.alicdn.com/imgextra/i1/2891304348/O1CN01ma0GuS1hzQltu8kw0_!!2891304348-0-picasso.jpg,百利5包新奥尔良香辣腌料35g*5小包装家用儿童烤炸奥尔良鸡翅调料,	597110724421,,9.9,9.9,22,22,45.00%,0,22936,0,1671,46836,0.38%,16542.9,0.13%,463676.4,6444,5809,0,,,活动中,7天无理由|蚂蚁花呗|信用卡支付|集分宝,粮油调味/速食/干货/烘焙,调味品/果酱/沙拉,烧烤调料/腌料,,,2021-05-30,17:32:04,5天6时26分25秒,日,http://item.taobao.com/item.htm?id=597110724421,https://kandianbao.com/item/597110724421/,辣味不重(7);味道不错(108);正品(4);有问必答(14);方便卫生(2);发货特别的慢(13)
127,https://img.alicdn.com/imgextra/i1/2891304348/O1CN010N9WmN1hzQlu1zwgz_!!2891304348-0-picasso.jpg,百利沙拉酱水果蔬菜香甜味寿司汉堡面包家用色拉酱饭挤压瓶700g,	571086460691,,14.9,14.9,45.9,45.9,32.46%,0,42477,0,1681,57644,0.38%,25046.9,0.20%,858895.6,14436,5474,1,,,活动中,7天无理由|蚂蚁花呗|信用卡支付|集分宝,粮油调味/速食/干货/烘焙,调味品/果酱/沙拉,沙拉/千岛/蛋黄酱,,,2021-05-29,20:31:21,4天9时25分42秒,六,http://item.taobao.com/item.htm?id=571086460691,https://kandianbao.com/item/571086460691/,酸酸的(7);便宜(62);很大个(3);量大(29);儿子很喜欢(17);香味有点淡(2)
128,https://img.alicdn.com/imgextra/i1/2891304348/O1CN01fv6RJX1hzQlrTMYHs_!!2891304348-0-picasso.jpg,百利番茄酱小包装沙司家用商用西红柿儿童手抓饼披萨酱50包,	534510791361,,9.9,9.9,18,18,55.00%,0,126597,0,2116,263040,0.48%,20948.4,0.16%,2604096,27502,16373,0,,,活动中,7天无理由|蚂蚁花呗|信用卡支付|集分宝,粮油调味/速食/干货/烘焙,调味品/果酱/沙拉,番茄酱,,,2021-05-26,17:54:15,1天6时48分36秒,三,http://item.taobao.com/item.htm?id=534510791361,https://kandianbao.com/item/534510791361/,颜色鲜红色(3);不是很酸(4);甜甜的(18);和图像一样(5);没破损(7);态度及其恶劣(9)
129,https://img.alicdn.com/imgextra/i1/2891304348/O1CN01L6OslD1hzQlq0KIGT_!!2891304348-0-picasso.jpg,百利吉利丁片食用明胶家用果冻粉蛋糕布丁烘焙自制儿童食品奶酪棒,	619178669784,,9.9,73.0,15.8,98.8,73.89%,5,4092897,0,2132,6825,0.48%,74918.48,0.59%,239830.5,1810,861,0,,,周年店庆,7天无理由|蚂蚁花呗|信用卡支付|集分宝,粮油调味/速食/干货/烘焙,烘焙原辅料/半成品/食品添加剂,吉利丁片,,,2021-05-29,10:40:24,3天23时34分45秒,六,http://item.taobao.com/item.htm?id=619178669784,https://kandianbao.com/item/619178669784/,口感味道好(4);效果不错(4);没腥味(18);会回购(4);生产期挺新(3);物流慢得可怕(4)
130,https://img.alicdn.com/imgextra/i1/2891304348/O1CN01Ji8RSC1hzQm1WkUQK_!!2891304348-0-picasso.jpg,百利0脂肪0蔗糖黑胡椒酱家用意大利面牛排低脂黑椒酱汁拌面酱商用,	622227286907,,19.9,19.9,39.9,39.9,49.87%,2,37405,0,2287,63381,0.52%,45511.299999999996,0.36%,1261281.9,14200,7648,0,,,活动中,7天无理由|蚂蚁花呗|信用卡支付|集分宝,粮油调味/速食/干货/烘焙,调味品/果酱/沙拉,酱类调料,,,2021-05-26,16:04:38,1天4时58分59秒,三,http://item.taobao.com/item.htm?id=622227286907,https://kandianbao.com/item/622227286907/,量足(3);会回购(44);儿子很喜欢(8);原材料很好(2);包装很好(96);物流十天(3)
131,https://img.alicdn.com/imgextra/i1/2891304348/O1CN01YmNOx01hzQlyRYBvF_!!2891304348-0-picasso.jpg,百利日式油醋汁0脂肪0蔗糖低脂酱料千岛沙拉酱水煮菜蘸料家用减无,	638318152619,,19.9,19.9,99,99,20.10%,7,19290,0,2951,9633,0.67%,58724.899999999994,0.46%,191696.69999999998,1554,996,0,,,周年店庆,7天无理由|蚂蚁花呗|信用卡支付|集分宝,粮油调味/速食/干货/烘焙,调味品/果酱/沙拉,沙拉/千岛/蛋黄酱,,,2021-05-29,17:17:45,4天6时12分6秒,六,http://item.taobao.com/item.htm?id=638318152619,https://kandianbao.com/item/638318152619/,味道还不错(82);酸酸的(2);减肥必备(2);品牌强大(2);新鲜日期(3);包装漏了(2)
132,https://img.alicdn.com/imgextra/i1/2891304348/O1CN01lydpEb1hzQlRzc1na_!!2891304348-0-lubanu-s.jpg,百利沙拉酱汁培煎芝麻酱水果蔬菜油醋0脂肪轻食低脂日式蘸料1.5L,	555606694014,,44.9,88.9,86,172,51.69%,8,30261,0,3728,58324,0.84%,233000.00000000003,1.82%,3645250.0000000005,16936,7850,0,,,周年店庆,7天无理由|蚂蚁花呗|信用卡支付|集分宝,粮油调味/速食/干货/烘焙,调味品/果酱/沙拉,沙拉/千岛/蛋黄酱,,,2021-05-30,18:31:33,5天7时25分54秒,日,http://item.taobao.com/item.htm?id=555606694014,https://kandianbao.com/item/555606694014/,非常实惠(73);热量低(6);很好吃(416);会回购(86);孩子爱(8);质量差(2)
133,https://img.alicdn.com/imgextra/i1/2891304348/O1CN01tVChyb1hzQlWHXVyU_!!2891304348-0-lubanu-s.jpg,百利油醋汁0脂肪家用沙拉酱水果蔬菜零脂醋汁低脂酱料1.5L大瓶装,	620266923821,,44.9,44.9,86,86,52.21%,0,75826,0,5346,40313,1.21%,240035.4,1.87%,1810053.7,10422,5286,0,,,活动中,7天无理由|蚂蚁花呗|信用卡支付|集分宝,粮油调味/速食/干货/烘焙,调味品/果酱/沙拉,沙拉/千岛/蛋黄酱,,,2021-05-28,22:57:28,3天11时51分49秒,五,http://item.taobao.com/item.htm?id=620266923821,https://kandianbao.com/item/620266923821/,成分正常(4);正品(3);效果好(2);甜甜的(2);很大个(3);不要买(5)
134,https://img.alicdn.com/imgextra/i1/2891304348/O1CN01h8UEna1hzQj1DV9fR_!!2891304348-0-lubanu-s.jpg,百利面包糠家用油炸香酥炸鸡粉小包罐装裹粉脆皮香蕉南瓜饼金黄色,	606621158402,,11.9,48.9,29.9,129,37.91%,13,279257,0,7265,189160,1.64%,193975.50000000003,1.51%,5050572.000000001,25102,21854,0,,,周年店庆,7天无理由|蚂蚁花呗|信用卡支付|集分宝,粮油调味/速食/干货/烘焙,烘焙原辅料/半成品/食品添加剂,面包糠,,,2021-05-31,16:35:11,6天5时29分32秒,一,http://item.taobao.com/item.htm?id=606621158402,https://kandianbao.com/item/606621158402/,效果好(9);很好吃(173);没破损(2);会回购(32);好看(14);卖家没处理(10)
135,https://img.alicdn.com/imgextra/i1/2891304348/O1CN01XSQEfo1hzQls1tL3F_!!2891304348-0-picasso.jpg,百利0脂肪蒜蓉辣椒酱低脂无蔗糖剁椒卡香辣拌面下饭酱料商用250g,	639179412491,,19.9,19.9,69,69,28.84%,2,9684,0,7707,15039,1.74%,153369.3,1.20%,299276.1,3212,1462,0,,,周年店庆,7天无理由|蚂蚁花呗|信用卡支付|集分宝,粮油调味/速食/干货/烘焙,调味品/果酱/沙拉,辣椒酱,,,2021-05-29,00:00:00,3天12时54分21秒,六,http://item.taobao.com/item.htm?id=639179412491,https://kandianbao.com/item/639179412491/,上头慢(2);辣辣的(20);减肥必备(3);有甜味(5);很好吃(68);不好吃(27)
136,https://img.alicdn.com/imgextra/i1/2891304348/O1CN01S3CYnD1hzQlZfSDGG_!!2891304348-0-lubanu-s.jpg,百利面包糠家用油炸香酥炸鸡粉小包装裹粉脆皮屑香蕉南瓜饼金黄色,	536617739584,,7.8,38.9,32.8,65.8,59.12%,23,919789,0,19208,964824,4.33%,388769.92000000004,3.04%,19528037.76,154056,120843,5,,,周年店庆,7天无理由|蚂蚁花呗|信用卡支付|集分宝,粮油调味/速食/干货/烘焙,烘焙原辅料/半成品/食品添加剂,面包糠,,,2021-05-30,17:05:32,5天5时59分53秒,日,http://item.taobao.com/item.htm?id=536617739584,https://kandianbao.com/item/536617739584/,外皮金黄酥脆(10);碎渣很划算(2);正品(81);没杂质(2);很细(2);封口已裂缝(2)
137,https://img.alicdn.com/imgextra/i1/2891304348/O1CN012JeRS81hzQlzeNWsA_!!2891304348-0-picasso.jpg,百利沙拉酱焙煎芝麻酱水果蔬菜低油醋汁0脂肪低脂酱料拌面家用卡,	541967341654,,9.9,19.9,22,55,36.18%,15,584040,0,27029,505932,6.10%,375703.10000000003,2.93%,7032454.800000001,106630,50028,0,,,周年店庆,7天无理由|蚂蚁花呗|信用卡支付|集分宝,粮油调味/速食/干货/烘焙,调味品/果酱/沙拉,沙拉/千岛/蛋黄酱,,,2021-05-26,17:54:12,1天6时48分33秒,三,http://item.taobao.com/item.htm?id=541967341654,https://kandianbao.com/item/541967341654/,最爱酱料(2);不太大(15);减肥必备(52);正品(27);便宜(340);包装差(21)
138,https://img.alicdn.com/imgextra/i1/2891304348/O1CN01BwAroQ1hzQkym9uYe_!!2891304348-0-lubanu-s.jpg,百利荞麦面低脂全麦面条粗粮主食0脂肪乔麦纯麦挂面无添加蔗糖减,	623048309917,,9.9,39.8,49,109,36.51%,10,294695,0,67404,394861,15.21%,1473451.4400000002,11.51%,8631661.46,40476,53788,0,,,周年店庆,7天无理由|蚂蚁花呗|信用卡支付|集分宝,粮油调味/速食/干货/烘焙,方便速食/速冻食品,面条/挂面（待煮面条）,,,2021-05-27,20:23:11,2天9时17分32秒,四,http://item.taobao.com/item.htm?id=623048309917,https://kandianbao.com/item/623048309917/,香味筋道(4);血糖不会高(5);不苦(5);与描述一致(20);正品(47);咸味不太突出(2)
139,https://img.alicdn.com/imgextra/i1/2891304348/O1CN016vPqO51hzQlRJ3r0i_!!2891304348-0-lubanu-s.jpg,百利2瓶0脂肪0蔗糖油醋汁水煮菜千岛沙拉汁水果蔬菜蘸料,	639616749354,,32.9,32.9,119,119,27.65%,5,253214,0,69064,151391,15.58%,2272205.6,17.74%,4980763.899999999,17660,20090,0,,,周年店庆,7天无理由|蚂蚁花呗|信用卡支付|集分宝,粮油调味/速食/干货/烘焙,调味品/果酱/沙拉,沙拉/千岛/蛋黄酱,,,2021-05-28,13:41:17,3天2时35分38秒,五,http://item.taobao.com/item.htm?id=639616749354,https://kandianbao.com/item/639616749354/,便宜(206);有甜味(16);热量低(9);很好吃(916);没破损(7);减肥遭罪(2)
140,https://img.alicdn.com/imgextra/i1/2891304348/O1CN01kMl6Ib1hzQlyEfXa2_!!2891304348-0-lubanu-s.jpg,百利2瓶油醋汁水煮菜0脂肪低脂酱料沙拉酱水果蔬菜芝麻家用蘸料减,	583770116910,,32.9,32.9,119,119,27.65%,52,5166727,0,199330,1470742,44.97%,6557957,51.21%,48387411.8,415360,203721,0,,,周年店庆,7天无理由|蚂蚁花呗|信用卡支付|集分宝,粮油调味/速食/干货/烘焙,调味品/果酱/沙拉,沙拉/千岛/蛋黄酱,,,2021-05-31,22:21:49,6天11时16分10秒,一,http://item.taobao.com/item.htm?id=583770116910,https://kandianbao.com/item/583770116910/,超级喜欢汁(5);上头慢(4);一致(51);不咸不淡(27);送礼很合适(3);成分非常差(10)
,,,,,,,,,,,,,30天销量总计,,,30天销售额总计,,,收藏数总计,,分享量总计,,,,,,,,,,,,,,,,
,,,,,,,,,,,,,443285,,,12805616.940000005,,,994824,,6,,,,,,,,,,,,,,,,
序号,主图,标题,宝贝id,货号,销售价最低,销售价最高,原价最低,原价最高,折扣率,sku数量,库存,邮费,30天销量,总销量,占全店销量比例,30天销售额,占全店销售额比例,总销售额,收藏数,评价数,PC总分享量,宝贝促销,店铺促销,活动促销,服务保证,一级类目,二级类目,三级类目,宝贝创建时间,宝贝创建时长,下架日期,下架时间,天数,星期,宝贝地址,分析地址,评价标签
数据下载时间：2021-05-25 11:05:44 功能：看店宝【kandianbao.com】全店宝贝 相关查询网址：https://kandianbao.com/dian/百利食品旗舰店,,,,,,,,,,,,,,,,,,,,,,,,,,,,,,,,,,,,,