数据下载时间：2021-05-26 12:52:05 功能：看店宝【kandianbao.com】全店宝贝 相关查询网址：https://kandianbao.com/dian/襄遇二阳旗舰店,,,,,,,,,,,,,,,,,,,,,,,,,,,,,,,,,,,,,
序号,主图,标题,宝贝id,货号,销售价最低,销售价最高,原价最低,原价最高,折扣率,sku数量,库存,邮费,30天销量,总销量,占全店销量比例,30天销售额,占全店销售额比例,总销售额,收藏数,评价数,PC总分享量,宝贝促销,店铺促销,活动促销,服务保证,一级类目,二级类目,三级类目,宝贝创建时间,宝贝创建时长,下架日期,下架时间,天数,星期,宝贝地址,分析地址,评价标签
1,https://img.alicdn.com/imgextra/i1/3328945235/O1CN01vKYabp1oXg0Rzkt5u_!!3328945235-0-lubanu-s.jpg,襄遇二阳端午节粽子甜粽蛋黄大肉粽礼盒鲜肉粽子散装早餐速食特产,	618444621924,,98.0,98.0,108,108,90.74%,2,98,0,0,15,0,0,0,1470,2,0,0,,,热卖促销,7天无理由|蚂蚁花呗|信用卡支付|集分宝,粮油调味/速食/干货/烘焙,方便速食/速冻食品,粽子,,,2021-05-27,11:45:18,22时53分18秒,四,http://item.taobao.com/item.htm?id=618444621924,https://kandianbao.com/item/618444621924/, 
2,https://img.alicdn.com/imgextra/i1/3328945235/O1CN01WdWosI1oXg5JLe4lf_!!0-item_pic.jpg,襄遇二阳手工小米锅巴袋装老灶小包装脆花椒网红零食小吃休闲食品,	646152159751,,9.9,9.9,19.9,19.9,49.75%,10,26663,0,1,1,0.00%,9.9,0.00%,9.9,0,0,0,,,热卖促销,7天无理由|蚂蚁花呗|信用卡支付|集分宝,零食/坚果/特产,饼干/膨化,膨化食品,,,2021-06-01,21:49:13,6天8时57分13秒,二,http://item.taobao.com/item.htm?id=646152159751,https://kandianbao.com/item/646152159751/, 
3,https://img.alicdn.com/imgextra/i2/3328945235/O1CN01aEerKP1oXg5OHCYTq_!!0-item_pic.jpg,襄遇二阳锅巴大米小花椒锅巴组合装网红零食大礼包520送女友整箱,	645033186767,,35.8,35.8,99,99,36.16%,3,2996,0,1,1,0.00%,35.8,0.00%,35.8,0,1,0,,,热卖促销,7天无理由|蚂蚁花呗|信用卡支付|集分宝,零食/坚果/特产,饼干/膨化,膨化食品,,,2021-05-31,16:28:21,5天3时36分21秒,一,http://item.taobao.com/item.htm?id=645033186767,https://kandianbao.com/item/645033186767/, 
4,https://img.alicdn.com/imgextra/i1/3328945235/O1CN01CTQj2e1oXg0TYhLLw_!!3328945235-0-lubanu-s.jpg,襄遇二阳端午节礼盒装粽子甜粽蛋黄鲜肉粽团购早餐速食特产大肉粽,	619139868470,,38.0,69.8,99,99,70.51%,5,498,0,1,293,0.00%,50.720000000000006,0.00%,14860.960000000001,48,56,0,,,热卖促销,7天无理由|蚂蚁花呗|信用卡支付|集分宝,粮油调味/速食/干货/烘焙,方便速食/速冻食品,粽子,,,2021-05-27,11:43:23,22时51分23秒,四,http://item.taobao.com/item.htm?id=619139868470,https://kandianbao.com/item/619139868470/, 
5,https://img.alicdn.com/imgextra/i1/3328945235/O1CN01X0VmDA1oXg5MJ6Tu9_!!0-item_pic.jpg,【预售】襄遇二阳端午节粽子甜粽蛋黄大肉粽礼盒鲜肉粽子散装早餐,	644288564027,,10.0,10.0,99,99,10.10%,3,10497,0,2,2,0.00%,20,0.00%,20,0,1,0,,,预售价,7天无理由|蚂蚁花呗|信用卡支付|集分宝,粮油调味/速食/干货/烘焙,方便速食/速冻食品,粽子,,,2021-05-31,16:30:40,5天3时38分40秒,一,http://item.taobao.com/item.htm?id=644288564027,https://kandianbao.com/item/644288564027/, 
6,https://img.alicdn.com/imgextra/i4/3328945235/O1CN01UYxWEM1oXg4pV2sGK_!!0-item_pic.jpg,襄遇二阳蛋黄鲜肉粽蜜枣豆沙粽子特产端午大肉粽早餐速食散装批发,	615835496042,,9.9,31.8,29.9,49.9,63.73%,18,1292,6,5,513,0.00%,93.30000000000001,0.01%,9572.580000000002,156,79,0,,,热卖促销,7天无理由|蚂蚁花呗|信用卡支付|集分宝,粮油调味/速食/干货/烘焙,方便速食/速冻食品,粽子,,,2021-05-27,11:43:22,22时51分22秒,四,http://item.taobao.com/item.htm?id=615835496042,https://kandianbao.com/item/615835496042/, 
7,https://img.alicdn.com/imgextra/i1/3328945235/O1CN01fs6jvS1oXg58c09RG_!!0-item_pic.jpg,襄遇二阳蛋黄鲜肉粽蜜枣豆沙粽子特产 端午肉粽早餐速食批发散装,	645355315662,,9.9,25.8,39.9,39.9,64.66%,20,11995,0,5,5,0.00%,81.30000000000001,0.00%,81.30000000000001,2,3,0,,,热卖促销,7天无理由|蚂蚁花呗|信用卡支付|集分宝,粮油调味/速食/干货/烘焙,方便速食/速冻食品,粽子,,,2021-05-31,13:34:39,5天42分39秒,一,http://item.taobao.com/item.htm?id=645355315662,https://kandianbao.com/item/645355315662/, 
8,https://img.alicdn.com/imgextra/i1/3328945235/TB27BlhciOYBuNjSsD4XXbSkFXa_!!3328945235.jpg,襄遇二阳小米锅巴208g小袋装襄阳特产手工锅巴麻辣五香味休闲零食,	554396163235,,14.8,23.8,48,48,49.58%,14,2671,0,6,9918,0.00%,110.4,0.01%,182491.2,1308,169,0,,,热卖促销,7天无理由|蚂蚁花呗|信用卡支付|集分宝,零食/坚果/特产,饼干/膨化,膨化食品,,,2021-05-29,17:57:26,3天5时5分26秒,六,http://item.taobao.com/item.htm?id=554396163235,https://kandianbao.com/item/554396163235/, 
9,https://img.alicdn.com/imgextra/i1/3328945235/O1CN01yIDnpZ1oXg0caicGa_!!3328945235-0-lubanu-s.jpg,手工猫耳朵零食280g*6薄脆网红猫耳酥歪宿舍小零食整箱咪怀旧小吃,	584790170606,,28.8,28.8,48,48,60.00%,7,895961,0,6,7270,0.00%,172.8,0.01%,209376,1698,816,0,,,热卖促销,7天无理由|蚂蚁花呗|信用卡支付|集分宝,零食/坚果/特产,饼干/膨化,膨化食品,,,2021-05-31,15:05:58,5天2时13分58秒,一,http://item.taobao.com/item.htm?id=584790170606,https://kandianbao.com/item/584790170606/, 
10,https://img.alicdn.com/imgextra/i2/3328945235/O1CN01ZVPMis1oXg4yU7Ak2_!!0-item_pic.jpg,襄遇二阳鱼多多108gX3袋装番茄味儿童休闲膨化食品小零食小吃,	643394502118,,9.9,9.9,29.9,29.9,33.11%,4,25993,0,7,7,0.00%,69.3,0.00%,69.3,4,2,0,,,热卖促销,7天无理由|蚂蚁花呗|信用卡支付|集分宝,零食/坚果/特产,饼干/膨化,膨化食品,,,2021-05-30,15:45:39,4天2时53分39秒,日,http://item.taobao.com/item.htm?id=643394502118,https://kandianbao.com/item/643394502118/, 
11,https://img.alicdn.com/imgextra/i1/3328945235/O1CN01UO2P5h1oXfxHLz8Sy_!!0-item_pic.jpg,襄遇二阳手工小星星锅巴108gX3襄阳特产怀旧小零食办公室休闲食品,	600210401721,,12.8,12.8,39,39,32.82%,1,12434,0,7,1712,0.00%,89.60000000000001,0.01%,21913.600000000002,542,325,0,,,热卖促销,7天无理由|蚂蚁花呗|信用卡支付|集分宝,零食/坚果/特产,饼干/膨化,膨化食品,,,2021-05-26,17:39:54,4时47分54秒,三,http://item.taobao.com/item.htm?id=600210401721,https://kandianbao.com/item/600210401721/, 
12,https://img.alicdn.com/imgextra/i1/3328945235/O1CN01Z31XUw1oXfxJXA2s8_!!0-item_pic.jpg,襄遇二阳手工小焦皮138gX2袋装美味童年薄脆皮锅巴办公室休闲零食,	600467221597,,8.9,8.9,19.9,19.9,44.72%,1,10639,0,8,1265,0.01%,71.2,0.00%,11258.5,268,231,0,,,热卖促销,7天无理由|蚂蚁花呗|信用卡支付|集分宝,零食/坚果/特产,饼干/膨化,膨化食品,,,2021-05-29,17:00:15,3天4时8分15秒,六,http://item.taobao.com/item.htm?id=600467221597,https://kandianbao.com/item/600467221597/, 
13,https://img.alicdn.com/imgextra/i4/3328945235/O1CN019mq33v1oXg5A7F64H_!!0-item_pic.jpg,苦荞片荞麦锅巴大袋装粗粮原味零食好吃的办公室薯片休闲膨化小吃,	645369503392,,8.9,19.9,19.9,29.9,66.56%,14,27977,0,8,8,0.01%,106.4,0.01%,106.4,0,2,0,,,热卖促销,7天无理由|蚂蚁花呗|信用卡支付|集分宝,零食/坚果/特产,饼干/膨化,膨化食品,,,2021-05-31,15:50:11,5天2时58分11秒,一,http://item.taobao.com/item.htm?id=645369503392,https://kandianbao.com/item/645369503392/, 
14,https://img.alicdn.com/imgextra/i1/3328945235/O1CN01SeNa2S1oXfyilUrJz_!!0-item_pic.jpg,襄遇二阳芝麻红薯片香脆超薄袋装薄脆薯片散装零食小吃 休闲食品,	609296958826,,9.9,18.8,19.8,19.8,94.95%,3,3669,0,8,241,0.01%,107.68,0.01%,3243.86,68,39,0,,,热卖促销,7天无理由|蚂蚁花呗|信用卡支付|集分宝,零食/坚果/特产,饼干/膨化,膨化食品,,,2021-05-27,10:48:03,21时56分3秒,四,http://item.taobao.com/item.htm?id=609296958826,https://kandianbao.com/item/609296958826/, 
15,https://img.alicdn.com/imgextra/i1/3328945235/O1CN010Kevxh1oXfxHJ17eL_!!0-item_pic.jpg,襄遇二阳蟹黄豆瓣250gX3休闲零食牛肉味兰花豆蚕豆炒货特产小吃,	600406674563,,19.9,19.9,39.8,39.8,50.00%,4,52473,0,8,3217,0.01%,159.2,0.01%,64018.299999999996,784,586,0,,,热卖促销,7天无理由|蚂蚁花呗|信用卡支付|集分宝,零食/坚果/特产,山核桃/坚果/炒货,豆类制品,,,2021-05-26,17:10:24,4时18分24秒,三,http://item.taobao.com/item.htm?id=600406674563,https://kandianbao.com/item/600406674563/,很好吃(8);脆脆的(2);碎了(2)
16,https://img.alicdn.com/imgextra/i1/3328945235/O1CN01CrPBEL1oXg5NLh7NQ_!!0-item_pic.jpg,网红法式马卡龙夹心饼干散装多口味小包装办公室零食草莓味奶油味,	645321857276,,4.8,18.8,8.9,25.8,72.87%,10,34991,0,9,9,0.01%,93.60000000000001,0.01%,93.60000000000001,0,0,0,,,热卖促销,7天无理由|蚂蚁花呗|信用卡支付|集分宝,零食/坚果/特产,饼干/膨化,夹心饼干,,,2021-05-31,14:42:05,5天1时50分5秒,一,http://item.taobao.com/item.htm?id=645321857276,https://kandianbao.com/item/645321857276/, 
17,https://img.alicdn.com/imgextra/i1/3328945235/O1CN01IYmCZy1oXg1uIghP8_!!0-item_pic.jpg,襄遇二阳双倍辣火鸡拌面5袋装夜宵速食国产网红泡面整箱方便面,	629024149887,,9.9,42.8,19.9,49.9,85.77%,17,32211,0,10,179,0.01%,230.60000000000002,0.01%,4127.740000000001,50,41,0,,,热卖促销,7天无理由|蚂蚁花呗|信用卡支付|集分宝,粮油调味/速食/干货/烘焙,方便速食/速冻食品,方便面/拉面/面皮,,,2021-05-29,16:09:18,3天3时17分18秒,六,http://item.taobao.com/item.htm?id=629024149887,https://kandianbao.com/item/629024149887/, 
18,https://img.alicdn.com/imgextra/i3/3328945235/O1CN01eAFlTp1oXg5H1TYjG_!!0-item_pic.jpg,襄遇二阳手工花椒锅巴袋装45g*6袋网红爆款零食小吃解馋休闲食品,	645220590784,,9.9,9.9,19.9,19.9,49.75%,4,13987,0,13,13,0.01%,128.70000000000002,0.01%,128.70000000000002,0,3,0,,,热卖促销,7天无理由|蚂蚁花呗|信用卡支付|集分宝,零食/坚果/特产,饼干/膨化,膨化食品,,,2021-05-26,17:17:33,4时25分33秒,三,http://item.taobao.com/item.htm?id=645220590784,https://kandianbao.com/item/645220590784/, 
19,https://img.alicdn.com/imgextra/i1/3328945235/O1CN01hnbRQG1oXg2eHoFry_!!0-item_pic.jpg,零食大礼包休闲食品混装整箱充饥夜宵网红即食小吃膨化好吃的锅巴,	628155545155,,65.0,65.0,69,69,94.20%,1,4629,0,13,349,0.01%,845,0.05%,22685,176,67,0,,,热卖促销,7天无理由|蚂蚁花呗|信用卡支付|集分宝,零食/坚果/特产,饼干/膨化,膨化食品,,,2021-05-30,10:34:48,3天21时42分48秒,日,http://item.taobao.com/item.htm?id=628155545155,https://kandianbao.com/item/628155545155/, 
20,https://img.alicdn.com/imgextra/i1/3328945235/O1CN01Vtu9ck1oXfwT4k9Zy_!!3328945235.jpg,襄遇二阳手工山药薄片 网红小零食膨化脆薯片好吃的休闲小吃食品,	596968658076,,6.8,26.8,58,58,46.21%,15,18568,0,15,4260,0.01%,222,0.01%,63048,860,813,0,,,热卖促销,7天无理由|蚂蚁花呗|信用卡支付|集分宝,零食/坚果/特产,饼干/膨化,膨化食品,,,2021-05-29,17:23:52,3天4时31分52秒,六,http://item.taobao.com/item.htm?id=596968658076,https://kandianbao.com/item/596968658076/,很好吃(7)
21,https://img.alicdn.com/imgextra/i1/3328945235/O1CN01I5yor11oXftVvVA09_!!0-item_pic.jpg,襄遇二阳手工糯米锅巴280g*2袋安徽特产网红小零食网红小吃美食,	585267121799,,15.8,15.8,30,30,52.67%,6,13959,0,17,2837,0.01%,268.6,0.02%,44824.6,452,304,0,,,热卖促销,7天无理由|蚂蚁花呗|信用卡支付|集分宝,零食/坚果/特产,饼干/膨化,膨化食品,,,2021-05-28,10:20:13,1天21时28分13秒,五,http://item.taobao.com/item.htm?id=585267121799,https://kandianbao.com/item/585267121799/, 
22,https://img.alicdn.com/imgextra/i1/3328945235/O1CN01BUBjC41oXg2WEJvLZ_!!0-item_pic.jpg,襄遇二阳小米锅巴网红手工小袋包装零食小吃怀旧休闲食品散装整箱,	598524450256,,19.8,19.8,48,48,41.25%,4,13407,0,17,2354,0.01%,336.6,0.02%,46609.200000000004,534,447,0,,,热卖促销,7天无理由|蚂蚁花呗|信用卡支付|集分宝,零食/坚果/特产,饼干/膨化,膨化食品,,,2021-05-26,11:15:43,1时36分44秒,三,http://item.taobao.com/item.htm?id=598524450256,https://kandianbao.com/item/598524450256/,很好吃(19);小孩子挺喜欢(2);大人喜欢吃(2);非常脆(2);有点硬(2)
23,https://img.alicdn.com/imgextra/i4/3328945235/O1CN01Uompj61oXg57zdQM7_!!0-item_pic.jpg,襄遇二阳手工花椒锅巴平底小包装袋装特产网红小零食小吃休闲食品,	644406435896,,9.9,9.9,15.8,15.8,62.66%,10,59981,0,18,19,0.01%,178.20000000000002,0.01%,188.1,8,3,0,,,热卖促销,7天无理由|蚂蚁花呗|信用卡支付|集分宝,零食/坚果/特产,饼干/膨化,膨化食品,,,2021-06-01,15:22:49,6天2时30分49秒,二,http://item.taobao.com/item.htm?id=644406435896,https://kandianbao.com/item/644406435896/, 
24,https://img.alicdn.com/imgextra/i1/3328945235/O1CN015Doh6w1oXg2YZKAUm_!!0-item_pic.jpg,襄遇二阳小龙虾拌面5袋装夜宵速食火鸡面国产网红泡面整箱方便面,	625397255241,,9.8,39.8,19.9,49.9,79.76%,12,11262,0,23,699,0.01%,501.40000000000003,0.03%,15238.2,224,114,0,,,热卖促销,7天无理由|蚂蚁花呗|信用卡支付|集分宝,粮油调味/速食/干货/烘焙,方便速食/速冻食品,方便面/拉面/面皮,,,2021-05-26,11:36:35,1时15分36秒,三,http://item.taobao.com/item.htm?id=625397255241,https://kandianbao.com/item/625397255241/,挺辣的(2);味道不错(2);价格优惠(2);很难吃(5)
25,https://img.alicdn.com/imgextra/i1/3328945235/O1CN01IZ6dba1oXg0cRREqq_!!3328945235-0-lubanu-s.jpg,襄遇二阳牛角酥108gX3 尖角脆香辣其妙零食小吃休闲膨化食品整箱,	619501768519,,9.9,9.9,19.9,19.9,49.75%,4,38967,0,23,984,0.01%,227.70000000000002,0.01%,9741.6,110,139,0,,,热卖促销,7天无理由|蚂蚁花呗|信用卡支付|集分宝,零食/坚果/特产,饼干/膨化,膨化食品,,,2021-05-26,14:06:40,1时14分40秒,三,http://item.taobao.com/item.htm?id=619501768519,https://kandianbao.com/item/619501768519/, 
26,https://img.alicdn.com/imgextra/i1/3328945235/O1CN01Zal61S1oXfvLVlOOx_!!0-item_pic.jpg,襄遇二阳香脆手工芝麻球袋装麻圆芝麻球零食小吃休闲食品网红食品,	592363245058,,19.9,19.9,39.8,39.8,50.00%,1,10594,0,24,2118,0.02%,477.59999999999997,0.03%,42148.2,656,316,0,,,热卖促销,7天无理由|蚂蚁花呗|信用卡支付|集分宝,零食/坚果/特产,糕点/点心,传统糕点,,,2021-05-31,13:41:51,5天49分51秒,一,http://item.taobao.com/item.htm?id=592363245058,https://kandianbao.com/item/592363245058/,很好吃(4);回购几次(2);价位蛮合理(3)
27,https://img.alicdn.com/imgextra/i1/3328945235/O1CN01zp84dX1oXfzlky4iH_!!3328945235.jpg,手工猫耳朵零食袋装薄脆网红猫耳酥歪怀旧宿舍小零食整箱咪小吃,	585023185102,,9.9,9.9,28,28,35.36%,2,23224,0,25,16963,0.02%,247.5,0.01%,167933.7,1878,2352,0,,,热卖促销,7天无理由|蚂蚁花呗|信用卡支付|集分宝,零食/坚果/特产,饼干/膨化,膨化食品,,,2021-05-30,11:29:43,3天22时37分43秒,日,http://item.taobao.com/item.htm?id=585023185102,https://kandianbao.com/item/585023185102/,很好吃(19);份量很足(3);生产期挺新(2);包装很好(3);回购多次(3);味道变了(3)
28,https://img.alicdn.com/imgextra/i1/3328945235/O1CN01WxK6AR1oXfvTR6LjE_!!3328945235.jpg,襄遇二阳手工脆锅巴罐装桶装无名零食网红小卒锅巴散装海底捞锅巴,	589182891921,,19.8,19.8,38,58,34.14%,6,74255,0,25,13893,0.02%,495,0.03%,275081.4,4552,2274,0,,,热卖促销,7天无理由|蚂蚁花呗|信用卡支付|集分宝,零食/坚果/特产,饼干/膨化,膨化食品,,,2021-05-29,17:38:32,3天4时46分32秒,六,http://item.taobao.com/item.htm?id=589182891921,https://kandianbao.com/item/589182891921/,不贵(2);很好吃(8);不好吃(2)
29,https://img.alicdn.com/imgextra/i1/3328945235/O1CN019fOq8m1oXg0GuEH4w_!!3328945235-0-lubanu-s.jpg,襄遇二阳蛋黄鲜肉粽蜜枣豆沙粽子特产 端午肉粽早餐速食批发散装,	617721906099,,9.9,25.8,39.9,39.9,64.66%,20,7470,0,26,117,0.02%,422.76000000000005,0.02%,1902.42,34,26,0,,,热卖促销,7天无理由|蚂蚁花呗|信用卡支付|集分宝,粮油调味/速食/干货/烘焙,方便速食/速冻食品,粽子,,,2021-05-27,11:43:23,22时51分23秒,四,http://item.taobao.com/item.htm?id=617721906099,https://kandianbao.com/item/617721906099/, 
30,https://img.alicdn.com/imgextra/i1/3328945235/O1CN01WLZr4L1oXg3NCvvuo_!!0-item_pic.jpg,【农场】包邮|襄遇二阳手工小麻花4袋装夜宵充饥休闲食品整箱零食,	628740788362,,12.9,12.9,19.9,19.9,64.82%,10,19905,0,26,102,0.02%,335.40000000000003,0.02%,1315.8,14,14,0,,,热卖促销,7天无理由|蚂蚁花呗|信用卡支付|集分宝,零食/坚果/特产,饼干/膨化,膨化食品,,,2021-05-27,16:16:46,1天3时24分46秒,四,http://item.taobao.com/item.htm?id=628740788362,https://kandianbao.com/item/628740788362/, 
31,https://img.alicdn.com/imgextra/i1/3328945235/O1CN01HJkrt21oXfuEr4Cgc_!!3328945235.jpg,襄遇二阳手工山药片山药薄片零食大包装6袋宿舍好吃不贵的小零食,	588099505247,,19.9,19.9,48,48,41.46%,8,91458,0,27,15878,0.02%,537.3,0.03%,315972.19999999995,3618,2414,0,,,热卖促销,7天无理由|蚂蚁花呗|信用卡支付|集分宝,零食/坚果/特产,饼干/膨化,膨化食品,,,2021-05-29,16:55:25,3天4时3分25秒,六,http://item.taobao.com/item.htm?id=588099505247,https://kandianbao.com/item/588099505247/,很好吃(8);味美价廉(2);超级难吃(3)
32,https://img.alicdn.com/imgextra/i1/3328945235/O1CN01dZsLs21oXfyngB1XO_!!3328945235.jpg,襄遇二阳芝麻紫薯片薯片包邮 散装袋装零食小吃 休闲食品网红小吃,	609299118499,,9.9,9.9,19.8,19.8,50.00%,3,59578,0,31,2145,0.02%,306.90000000000003,0.02%,21235.5,440,376,0,,,热卖促销,7天无理由|蚂蚁花呗|信用卡支付|集分宝,零食/坚果/特产,饼干/膨化,膨化食品,,,2021-05-26,10:42:55,2时9分56秒,三,http://item.taobao.com/item.htm?id=609299118499,https://kandianbao.com/item/609299118499/,便宜(2);很好吃(12);会回购(3);不好吃(8)
33,https://img.alicdn.com/imgextra/i2/3328945235/O1CN01hU1iTI1oXg3pzourx_!!0-item_pic.jpg,【农场】襄遇二阳咸蛋黄黑糖夹心饼干小包装散装零食小吃休闲食品,	600046405459,,9.9,18.9,12.9,29.9,63.21%,8,38624,0,33,3732,0.02%,445.5,0.02%,50382,1044,685,0,,,热卖促销,7天无理由|蚂蚁花呗|信用卡支付|集分宝,零食/坚果/特产,饼干/膨化,夹心饼干,,,2021-05-31,17:32:09,5天4时40分9秒,一,http://item.taobao.com/item.htm?id=600046405459,https://kandianbao.com/item/600046405459/,便宜(2);很好吃(9);超级难吃(4)
34,https://img.alicdn.com/imgextra/i1/3328945235/O1CN01skXQY91oXg2bUmZBN_!!0-item_pic.jpg,襄遇二阳咸蛋黄拌面5袋装夜宵速食火鸡面国产网红泡面整箱方便面,	623881765120,,9.9,44.9,49.9,49.9,89.98%,13,18531,0,33,2406,0.02%,788.7,0.04%,57503.40000000001,758,503,0,,,热卖促销,7天无理由|蚂蚁花呗|信用卡支付|集分宝,粮油调味/速食/干货/烘焙,方便速食/速冻食品,方便面/拉面/面皮,,,2021-05-31,13:57:07,5天1时5分7秒,一,http://item.taobao.com/item.htm?id=623881765120,https://kandianbao.com/item/623881765120/,很好吃(15);价格实惠(5);包装有食欲(3);不好吃(23)
35,https://img.alicdn.com/imgextra/i1/3328945235/O1CN01HjalvQ1oXfxUNpGQu_!!0-item_pic.jpg,襄遇二阳80后怀旧零食 贝壳酥零食散装海螺酥宿舍小吃休闲小食品,	588006292017,,28.8,28.8,58,58,49.66%,1,1868,0,33,2981,0.02%,950.4,0.05%,85852.8,1306,438,0,,,热卖促销,7天无理由|蚂蚁花呗|信用卡支付|集分宝,零食/坚果/特产,饼干/膨化,膨化食品,,,2021-06-01,15:21:38,6天2时29分38秒,二,http://item.taobao.com/item.htm?id=588006292017,https://kandianbao.com/item/588006292017/,很好吃(11);很脆(3)
36,https://img.alicdn.com/imgextra/i4/3328945235/O1CN01WgMj6Z1oXg5MnwUAy_!!0-item_pic.jpg,襄遇二阳手工黑米锅巴200g 老襄阳特产怀旧 好吃的网红小零食整箱,	584928042658,,9.9,19.9,19,39.9,49.87%,9,8983,0,34,1210,0.02%,472.6000000000001,0.03%,16819.000000000004,330,180,0,,,热卖促销,7天无理由|蚂蚁花呗|信用卡支付|集分宝,零食/坚果/特产,饼干/膨化,膨化食品,,,2021-05-29,17:16:16,3天4时24分16秒,六,http://item.taobao.com/item.htm?id=584928042658,https://kandianbao.com/item/584928042658/, 
37,https://img.alicdn.com/imgextra/i1/3328945235/O1CN01bI2nWo1oXfwWi41l0_!!3328945235.jpg,襄遇二阳手工小麻花袋装香酥小吃散装多口味歪海苔咪整箱特产零食,	576175516300,,9.9,9.9,20,20,49.50%,8,47119,0,36,151685,0.02%,356.40000000000003,0.02%,1501681.5,28054,5262,0,,,热卖促销,7天无理由|蚂蚁花呗|信用卡支付|集分宝,零食/坚果/特产,糕点/点心,传统糕点,,,2021-05-26,16:01:04,3时9分4秒,三,http://item.taobao.com/item.htm?id=576175516300,https://kandianbao.com/item/576175516300/,很好吃(26);份量很足(5);脆脆的(2);很新鲜(2);物流快(2);实惠(6)
38,https://img.alicdn.com/imgextra/i1/3328945235/O1CN01TosyCP1oXg2daNBQv_!!0-item_pic.jpg,襄遇二阳大辣片老式手撕豆皮80后怀旧网红辣条零食儿时麻辣大刀肉,	619080088965,,9.9,18.9,29.8,29.8,63.42%,10,49585,0,36,686,0.02%,486,0.03%,9261,66,94,0,,,热卖促销,7天无理由|蚂蚁花呗|信用卡支付|集分宝,零食/坚果/特产,豆干制品/蔬菜干,豆腐干,,,2021-05-29,14:19:11,3天1时27分11秒,六,http://item.taobao.com/item.htm?id=619080088965,https://kandianbao.com/item/619080088965/, 
39,https://img.alicdn.com/imgextra/i3/3328945235/O1CN01AiSvZd1oXg4Yf8do8_!!3328945235-0-lubanu-s.jpg,蟹黄味瓜子仁葵花子原味小包装童年网红零食爆款新货炒熟散装批发,	641028862996,,8.8,16.8,19.9,24.9,67.47%,7,51244,0,38,87,0.02%,456,0.03%,1044,18,16,0,,,热卖促销,7天无理由|蚂蚁花呗|信用卡支付|集分宝,零食/坚果/特产,山核桃/坚果/炒货,瓜子,,,2021-05-31,15:35:10,5天2时43分10秒,一,http://item.taobao.com/item.htm?id=641028862996,https://kandianbao.com/item/641028862996/, 
40,https://img.alicdn.com/imgextra/i4/3328945235/O1CN01MFiHpN1oXg3BLK4yg_!!0-item_pic.jpg,【农场】包邮|手工锅巴老襄阳特产麻辣味网红小零食小吃休闲食品,	634178880134,,12.9,12.9,19.8,19.8,65.15%,10,3464,0,39,130,0.02%,503.1,0.03%,1677,6,19,0,,,热卖促销,7天无理由|蚂蚁花呗|信用卡支付|集分宝,零食/坚果/特产,饼干/膨化,膨化食品,,,2021-05-31,17:47:36,5天4时55分36秒,一,http://item.taobao.com/item.htm?id=634178880134,https://kandianbao.com/item/634178880134/, 
41,https://img.alicdn.com/imgextra/i1/3328945235/O1CN01SpOrsw1oXg0Mjh1dJ_!!3328945235-0-lubanu-s.jpg,咪你虾条108g*3袋香辣味鲜虾味网红零食小吃休闲食品充饥夜宵袋装,	618160882550,,9.9,9.9,19.9,19.9,49.75%,4,1074,0,41,2950,0.03%,405.90000000000003,0.02%,29205,452,472,0,,,热卖促销,7天无理由|蚂蚁花呗|信用卡支付|集分宝,零食/坚果/特产,饼干/膨化,膨化食品,,,2021-05-30,16:45:19,4天3时53分19秒,日,http://item.taobao.com/item.htm?id=618160882550,https://kandianbao.com/item/618160882550/,辣味不重(2);第二次回购(2);很好吃(11);实惠(4);不好吃(11)
42,https://img.alicdn.com/imgextra/i1/3328945235/O1CN01YFRGpy1oXfsqGOjIX_!!0-item_pic.jpg,襄遇二阳手工小麻花288gx3袋老襄阳特产小吃歪休闲零食咪散装批发,	570754802834,,15.8,15.8,39.8,39.8,39.70%,10,71224,0,43,12789,0.03%,679.4,0.04%,202066.2,2222,749,0,,,热卖促销,7天无理由|蚂蚁花呗|信用卡支付|集分宝,零食/坚果/特产,糕点/点心,传统糕点,,,2021-06-01,17:00:47,6天4时8分47秒,二,http://item.taobao.com/item.htm?id=570754802834,https://kandianbao.com/item/570754802834/,很好吃(20);脆脆的(3);回购很多次(4);太划算(2);物流很快(3);小孩子挺喜欢(2)
43,https://img.alicdn.com/imgextra/i1/3328945235/O1CN01zzNg5P1oXg4mXnr6v_!!0-item_pic.jpg,花椒锅巴10袋装网红爆款手工零食小吃休闲食品大礼包推荐吃货解馋,	642889163652,,25.8,25.8,59,59,43.73%,10,99917,0,49,72,0.03%,1264.2,0.07%,1857.6000000000001,18,12,0,,,热卖促销,7天无理由|蚂蚁花呗|信用卡支付|集分宝,零食/坚果/特产,饼干/膨化,膨化食品,,,2021-05-26,11:47:00,1时4分1秒,三,http://item.taobao.com/item.htm?id=642889163652,https://kandianbao.com/item/642889163652/, 
44,https://img.alicdn.com/imgextra/i1/3328945235/O1CN01rMYTk81oXg2awQ7f6_!!0-item_pic.jpg,襄遇二阳小米锅巴手工脆锅巴好吃的零食小吃怀旧休闲膨化食品整箱,	593880810894,,28.8,28.8,59.8,59.8,48.16%,12,64707,0,52,4237,0.03%,1497.6000000000001,0.08%,122025.6,1282,720,0,,,热卖促销,7天无理由|蚂蚁花呗|信用卡支付|集分宝,零食/坚果/特产,饼干/膨化,膨化食品,,,2021-05-29,17:14:04,3天4时22分4秒,六,http://item.taobao.com/item.htm?id=593880810894,https://kandianbao.com/item/593880810894/,很好吃(23);量足(3);脆脆的(3);挺划算(5);回购好几箱(2);态度极差(3)
45,https://img.alicdn.com/imgextra/i1/3328945235/O1CN01hhnwWc1oXfx81WRQR_!!0-item_pic.jpg,襄遇二阳多味花生米200g*3袋装 裹衣五香花生豆无壳零食炒货小吃,	600513899208,,19.9,19.9,39,39,51.03%,1,6786,0,53,5644,0.03%,1054.6999999999998,0.06%,112315.59999999999,1462,900,0,,,热卖促销,7天无理由|蚂蚁花呗|信用卡支付|集分宝,零食/坚果/特产,山核桃/坚果/炒货,花生,,,2021-05-29,17:25:28,3天4时33分28秒,六,http://item.taobao.com/item.htm?id=600513899208,https://kandianbao.com/item/600513899208/, 
46,https://img.alicdn.com/imgextra/i4/3328945235/TB2W3rwbjbguuRkHFrdXXb.LFXa_!!3328945235.jpg,襄遇二阳手工山药薄片108g襄阳特产山药片薯片休闲零食年货特产,	554343782457,,8.9,8.9,29,29,30.69%,3,38020,0,55,23469,0.04%,489.5,0.03%,208874.1,1550,423,0,,,热卖促销,7天无理由|蚂蚁花呗|信用卡支付|集分宝,零食/坚果/特产,饼干/膨化,膨化食品,,,2021-05-29,17:41:51,3天4时49分51秒,六,http://item.taobao.com/item.htm?id=554343782457,https://kandianbao.com/item/554343782457/, 
47,https://img.alicdn.com/imgextra/i1/3328945235/O1CN01Tfb3WI1oXg09YM6XO_!!3328945235-0-lubanu-s.jpg,襄遇二阳香脆红薯片2袋装网红薯片薄脆红薯片油炸地瓜干番薯干,	584814984118,,15.8,15.8,38,38,41.58%,1,6213,0,57,3546,0.04%,900.6,0.05%,56026.8,926,408,0,,,热卖促销,7天无理由|蚂蚁花呗|信用卡支付|集分宝,零食/坚果/特产,蜜饯/枣类/梅/果干/冻干,薯类制品,,,2021-05-26,18:01:29,5时9分29秒,三,http://item.taobao.com/item.htm?id=584814984118,https://kandianbao.com/item/584814984118/,不贵(4);很好吃(12);很脆(3)
48,https://img.alicdn.com/imgextra/i1/3328945235/O1CN01CDK5nc1oXg1DhJN2W_!!3328945235-0-lubanu-s.jpg,襄遇二阳蟹黄豆瓣休闲零食牛肉味兰花豆蚕豆炒货特产小吃休闲食品,	623914016151,,7.9,7.9,9.9,9.9,79.80%,2,648,0,61,1312,0.04%,481.90000000000003,0.03%,10364.800000000001,100,178,0,,,热卖促销,7天无理由|蚂蚁花呗|信用卡支付|集分宝,零食/坚果/特产,山核桃/坚果/炒货,豆类制品,,,2021-05-29,17:49:34,3天4时57分34秒,六,http://item.taobao.com/item.htm?id=623914016151,https://kandianbao.com/item/623914016151/,味道不错(3);很难吃(8)
49,https://img.alicdn.com/imgextra/i4/3328945235/O1CN01EoklN11oXg2Q84Sv6_!!0-item_pic.jpg,襄遇二阳手工糯米锅巴280g*5安徽特产怀旧小零食网红小吃散装整箱,	585797232693,,28.8,28.8,48,48,60.00%,11,19501,0,61,4643,0.04%,1756.8,0.10%,133718.4,1012,642,0,,,热卖促销,7天无理由|蚂蚁花呗|信用卡支付|集分宝,零食/坚果/特产,饼干/膨化,膨化食品,,,2021-05-28,10:19:51,1天21时27分51秒,五,http://item.taobao.com/item.htm?id=585797232693,https://kandianbao.com/item/585797232693/,比较脆(3);很好吃(9);实惠(6);包装很不错(2);不好吃(3)
50,https://img.alicdn.com/imgextra/i1/3328945235/O1CN011aAlts1oXg2VyPiN5_!!0-item_pic.jpg,襄遇二阳手工锅巴老式怀旧零食小吃小包装散装平底脆网红休闲食品,	624682870795,,13.8,13.8,29.8,29.8,46.31%,10,12329,0,64,2591,0.04%,883.2,0.05%,35755.8,352,402,0,,,热卖促销,7天无理由|蚂蚁花呗|信用卡支付|集分宝,零食/坚果/特产,饼干/膨化,膨化食品,,,2021-06-01,14:14:52,6天1时22分52秒,二,http://item.taobao.com/item.htm?id=624682870795,https://kandianbao.com/item/624682870795/,味道超级好(34);店铺点赞(2);份量很足(2);会回购(5);儿子很喜欢(2);有点硬(6)
51,https://img.alicdn.com/imgextra/i4/3328945235/O1CN01qu7HaQ1oXg4LlPVFo_!!0-item_pic.jpg,襄遇二阳大辣片老式手撕豆皮80后怀旧网红辣条零食儿时香辣大刀肉,	617704947195,,10.9,21.9,19.9,29.9,73.24%,9,5420,0,68,18639,0.04%,1040.4,0.06%,285176.7,1122,1688,0,,,热卖促销,7天无理由|蚂蚁花呗|信用卡支付|集分宝,零食/坚果/特产,豆干制品/蔬菜干,豆腐干,,,2021-05-27,11:45:46,22时53分46秒,四,http://item.taobao.com/item.htm?id=617704947195,https://kandianbao.com/item/617704947195/,辣味适中(2);便宜(15);很好吃(77);量足(3);会回购(6);不要买(5)
52,https://img.alicdn.com/imgextra/i3/3328945235/O1CN01BcjKAN1oXfzjS8qFE_!!3328945235.jpg,襄遇二阳红薯片香脆 红薯片干脆条 老式番薯地瓜干特产零食小吃,	584872487265,,9.9,9.9,20,20,49.50%,1,9317,0,69,7024,0.04%,683.1,0.04%,69537.6,1350,594,0,,,热卖促销,7天无理由|蚂蚁花呗|信用卡支付|集分宝,零食/坚果/特产,蜜饯/枣类/梅/果干/冻干,薯类制品,,,2021-05-26,18:01:30,5时9分30秒,三,http://item.taobao.com/item.htm?id=584872487265,https://kandianbao.com/item/584872487265/,很好吃(8);不好吃(2)
53,https://img.alicdn.com/imgextra/i1/3328945235/O1CN01BavNuh1oXg2Z9g0bU_!!0-item_pic.jpg,手工馍片袋装烤香零食小吃休闲养胃早餐充饥夜宵网红食品整箱包邮,	554345422501,,29.8,29.8,59,59,50.51%,12,4120,0,78,89326,0.05%,2324.4,0.13%,2661914.8000000003,15080,5876,0,,,热卖促销,7天无理由|蚂蚁花呗|信用卡支付|集分宝,零食/坚果/特产,饼干/膨化,酥性饼干,,,2021-05-31,16:15:16,5天3时23分16秒,一,http://item.taobao.com/item.htm?id=554345422501,https://kandianbao.com/item/554345422501/,新鲜度优(4);喜欢麻辣味(6);便宜(23);很好吃(189);量足(17);不会再买(5)
54,https://img.alicdn.com/imgextra/i1/3328945235/O1CN01TvxHQq1oXg1BKNowp_!!3328945235-0-lubanu-s.jpg,襄遇二阳手工小星星襄阳特产锅巴怀旧小零食办公室小吃休闲食品,	624736499308,,5.1,5.1,5.9,5.9,86.44%,1,1177,0,82,801,0.05%,418.2,0.02%,4085.1,72,65,0,,,热卖促销,7天无理由|蚂蚁花呗|信用卡支付|集分宝,零食/坚果/特产,饼干/膨化,膨化食品,,,2021-05-28,17:51:22,2天4时59分22秒,五,http://item.taobao.com/item.htm?id=624736499308,https://kandianbao.com/item/624736499308/,包装非常仔细(2);不好吃(3)
55,https://img.alicdn.com/imgextra/i1/3328945235/O1CN014ATqfg1oXg2UnEdSr_!!0-item_pic.jpg,襄遇二阳手工麻辣土豆片小零食香辣零食薯片网红小吃办公休闲食品,	585203405504,,19.9,19.9,39.9,39.9,49.87%,10,130107,0,93,9169,0.06%,1850.6999999999998,0.10%,182463.09999999998,2256,1518,0,,,热卖促销,7天无理由|蚂蚁花呗|信用卡支付|集分宝,零食/坚果/特产,饼干/膨化,膨化食品,,,2021-05-29,17:18:23,3天4时26分23秒,六,http://item.taobao.com/item.htm?id=585203405504,https://kandianbao.com/item/585203405504/,包装越做越大(2);很好吃(25);份量很足(3);价格很实惠(5);包装真的很烂(2)
56,https://img.alicdn.com/imgextra/i1/3328945235/O1CN01BS4poC1oXg2aib63q_!!3328945235-0-lubanu-s.jpg,襄遇二阳手工小麻花袋装网红特产小吃海苔好吃的散装整箱夜宵零食,	581789314957,,25.8,25.8,45,45,57.33%,15,69898,0,109,97852,0.07%,2812.2000000000003,0.16%,2524581.6,24568,1647,0,,,热卖促销,7天无理由|蚂蚁花呗|信用卡支付|集分宝,零食/坚果/特产,糕点/点心,传统糕点,,,2021-05-30,14:13:40,4天1时21分40秒,日,http://item.taobao.com/item.htm?id=581789314957,https://kandianbao.com/item/581789314957/,超喜欢甜辣(2);二次回购(5);还便宜(7);量足(8);口感非常好(39);不好吃(7)
57,https://img.alicdn.com/imgextra/i1/3328945235/O1CN018gH6Vy1oXg2Z99W7z_!!3328945235.jpg,襄遇二阳锅巴手工脆锅巴桶装无名网红零食小吃散装一箱小卒小零食,	589027690045,,8.8,28.8,58,58,49.66%,11,10191,0,113,22284,0.07%,1898.4,0.11%,374371.2,6638,4147,0,,,热卖促销,7天无理由|蚂蚁花呗|信用卡支付|集分宝,零食/坚果/特产,饼干/膨化,膨化食品,,,2021-05-30,11:30:01,3天22时38分1秒,日,http://item.taobao.com/item.htm?id=589027690045,https://kandianbao.com/item/589027690045/,物流无暴力(6);很好吃(52);量足(6);保质期长(3);包装很好(3);不好吃(4)
58,https://img.alicdn.com/imgextra/i3/3328945235/O1CN01drZks21oXg4zPkEQj_!!0-item_pic.jpg,【25元任选10样】日式小圆饼干海盐味网红零食小吃日本饼干整箱,	644530886635,,6.8,6.8,6.9,6.9,98.55%,2,3372,0,118,121,0.08%,802.4,0.04%,822.8,0,7,0,,,热卖促销,7天无理由|蚂蚁花呗|信用卡支付|集分宝,零食/坚果/特产,饼干/膨化,韧性饼干,,,2021-06-01,14:23:40,6天1时31分40秒,二,http://item.taobao.com/item.htm?id=644530886635,https://kandianbao.com/item/644530886635/, 
59,https://img.alicdn.com/imgextra/i1/3328945235/O1CN012m58931oXg2ZLBRyb_!!0-item_pic.jpg,日式小圆饼干海盐味网红零食小吃日本饼干整箱休闲食品怀旧零食,	624605391962,,14.9,23.9,18.9,38.8,61.60%,5,7170,0,121,4683,0.08%,2238.5,0.13%,86635.5,1008,785,0,,,热卖促销,7天无理由|蚂蚁花呗|信用卡支付|集分宝,零食/坚果/特产,饼干/膨化,韧性饼干,,,2021-05-27,15:43:14,1天2时51分14秒,四,http://item.taobao.com/item.htm?id=624605391962,https://kandianbao.com/item/624605391962/,包装差不多(2);挺脆(3);很好吃(22);份量很足(2);会回购(2);不好吃(5)
60,https://img.alicdn.com/imgextra/i1/3328945235/O1CN01yviNQ51oXg2aRqJFY_!!0-item_pic.jpg,襄遇二阳牛角脆108gX3 尖角酥香辣其妙零食小吃休闲膨化食品整箱,	617288708856,,9.9,9.9,19.9,19.9,49.75%,4,35458,0,139,4373,0.09%,1376.1000000000001,0.08%,43292.700000000004,510,665,0,,,热卖促销,7天无理由|蚂蚁花呗|信用卡支付|集分宝,零食/坚果/特产,饼干/膨化,膨化食品,,,2021-05-26,14:06:39,1时14分39秒,三,http://item.taobao.com/item.htm?id=617288708856,https://kandianbao.com/item/617288708856/,口感非常好(10);物流很快(3);分量非常多(3);保质期非常久(2);不好吃(5)
61,https://img.alicdn.com/imgextra/i1/3328945235/O1CN01duSWgU1oXg3ABcOcs_!!0-item_pic.jpg,襄遇二阳小米锅巴500g散装整箱零食老式怀旧香辣酥脆粗粮网红食品,	622707974523,,9.9,15.8,12.8,17.8,88.76%,5,9364,0,139,4320,0.09%,1704.1400000000003,0.10%,52963.200000000004,1386,739,0,,,热卖促销,7天无理由|蚂蚁花呗|信用卡支付|集分宝,零食/坚果/特产,饼干/膨化,膨化食品,,,2021-06-01,15:00:12,6天2时8分12秒,二,http://item.taobao.com/item.htm?id=622707974523,https://kandianbao.com/item/622707974523/,第二次回购(6);很好吃(69);量足(7);脆脆的(6);质量好(2);不好吃(11)
62,https://img.alicdn.com/imgextra/i1/3328945235/O1CN01GW2Kov1oXg2bTjB3b_!!0-item_pic.jpg,襄遇二阳香脆红薯片晒干番薯酥脆地瓜干手工农家自制油炸零食小吃,	584502068694,,19.9,29.9,40,40,74.75%,3,3897,0,142,27206,0.09%,3393.8,0.19%,650223.4,8726,3548,0,,,热卖促销,7天无理由|蚂蚁花呗|信用卡支付|集分宝,零食/坚果/特产,蜜饯/枣类/梅/果干/冻干,薯类制品,,,2021-05-26,18:01:28,5时9分28秒,三,http://item.taobao.com/item.htm?id=584502068694,https://kandianbao.com/item/584502068694/,有点厚(2);真的太硬(2);生产期蛮近(2);甜甜的(21);第二次回购(7);不好吃(20)
63,https://img.alicdn.com/imgextra/i1/3328945235/O1CN01N1lAhy1oXfz3safZ0_!!0-item_pic.jpg,红糖小麻花整箱 500g单独包装 夜宵充饥安徽义乌特产零食小吃袋装,	607661131579,,9.9,17.8,59,59,30.17%,7,17871,0,146,34898,0.09%,1906.76,0.11%,455767.88,5818,6882,0,,,热卖促销,7天无理由|蚂蚁花呗|信用卡支付|集分宝,零食/坚果/特产,糕点/点心,传统糕点,,,2021-05-28,10:34:48,1天21时42分48秒,五,http://item.taobao.com/item.htm?id=607661131579,https://kandianbao.com/item/607661131579/,甜的不是很甜(3);硬度最明显(4);很好吃(66);份量很足(7);脆脆的(8);没有生产期(4)
64,https://img.alicdn.com/imgextra/i2/3328945235/O1CN01bqqrrV1oXg5846vjF_!!0-item_pic.jpg,【25元任选10样】江米条老式手工雪花条网红零食小吃糕点休闲食品,	644183169001,,6.8,6.8,6.9,6.9,98.55%,1,3337,0,152,153,0.10%,1033.6,0.06%,1040.3999999999999,4,9,0,,,热卖促销,7天无理由|蚂蚁花呗|信用卡支付|集分宝,零食/坚果/特产,糕点/点心,传统糕点,,,2021-06-01,15:02:25,6天2时10分25秒,二,http://item.taobao.com/item.htm?id=644183169001,https://kandianbao.com/item/644183169001/, 
65,https://img.alicdn.com/imgextra/i1/3328945235/O1CN01URypY01oXg2ZLmEmS_!!0-item_pic.jpg,襄遇二阳香脆零食大礼包锅巴组合装糕点小吃网红零食休闲食品整箱,	604269001322,,10.1,58.0,35,128,45.31%,3,4877,0,156,7239,0.10%,4564.56,0.26%,211813.14,4498,1160,0,,,热卖促销,7天无理由|蚂蚁花呗|信用卡支付|集分宝,零食/坚果/特产,饼干/膨化,膨化食品,,,2021-05-31,16:13:43,5天3时21分43秒,一,http://item.taobao.com/item.htm?id=604269001322,https://kandianbao.com/item/604269001322/,很好吃(39);分量很多(5);会回购(3);日期新鲜(4);很脆(3);不好吃(7)
66,https://img.alicdn.com/imgextra/i1/3328945235/O1CN01A6FaGK1oXg2hq0kmu_!!0-item_pic.jpg,襄遇二阳网红辣条麻辣片休闲零食大礼包儿时辣味小吃好吃的排行榜,	620539828766,,9.9,19.8,19.8,29.9,66.22%,14,32428,0,162,2554,0.10%,2245.32,0.13%,35398.44,392,332,0,,,热卖促销,7天无理由|蚂蚁花呗|信用卡支付|集分宝,零食/坚果/特产,豆干制品/蔬菜干,豆腐干,,,2021-05-29,13:35:23,3天43分23秒,六,http://item.taobao.com/item.htm?id=620539828766,https://kandianbao.com/item/620539828766/,很好吃(17);量足(2);质量好(2);价格实惠(7);客服态度很好(2);售后没人理(2)
67,https://img.alicdn.com/imgextra/i1/3328945235/O1CN0118L6nd1oXg2bUeVrB_!!3328945235.jpg,襄遇二阳多味花生散装竹炭花生小包装坚果好吃的休闲网红小零食香,	617393360713,,13.8,15.8,19.9,19.9,79.40%,2,94064,0,187,5748,0.12%,2730.2000000000003,0.15%,83920.8,986,781,0,,,热卖促销,7天无理由|蚂蚁花呗|信用卡支付|集分宝,零食/坚果/特产,山核桃/坚果/炒货,花生,,,2021-05-28,10:19:38,1天21时27分38秒,五,http://item.taobao.com/item.htm?id=617393360713,https://kandianbao.com/item/617393360713/,太实惠(7);很好吃(16);质量好(2);包装非常仔细(4);快递挺快(2);不好吃(5)
68,https://img.alicdn.com/imgextra/i2/3328945235/O1CN01hLjUI61oXg4a4JRfK_!!3328945235-0-lubanu-s.jpg,江米条老式手工雪花条网红零食小吃糕点休闲食品夜宵充饥袋装散装,	640698505296,,9.9,9.9,19.9,19.9,49.75%,1,9550,0,194,432,0.12%,1920.6000000000001,0.11%,4276.8,78,63,0,,,热卖促销,7天无理由|蚂蚁花呗|信用卡支付|集分宝,零食/坚果/特产,糕点/点心,传统糕点,,,2021-05-31,16:14:29,5天3时22分29秒,一,http://item.taobao.com/item.htm?id=640698505296,https://kandianbao.com/item/640698505296/,口感味道好(6);商家发错货(2)
69,https://img.alicdn.com/imgextra/i3/3328945235/O1CN015e2jQ11oXg4iDwht8_!!0-item_pic.jpg,襄遇二阳红薯片番薯脆片地瓜干手工香脆办公室小零食小吃休闲食品,	641186960371,,19.9,19.9,39,39,51.03%,1,5011,0,198,526,0.13%,3940.2,0.22%,10467.4,108,72,0,,,热卖促销,7天无理由|蚂蚁花呗|信用卡支付|集分宝,零食/坚果/特产,蜜饯/枣类/梅/果干/冻干,薯类制品,,,2021-05-29,15:38:31,3天2时46分31秒,六,http://item.taobao.com/item.htm?id=641186960371,https://kandianbao.com/item/641186960371/,份量很足(2);会回购(3);口感非常好(17);脆脆的(5);日期新鲜(3);不是很脆(4)
70,https://img.alicdn.com/imgextra/i4/3328945235/O1CN01qKcea11oXg5DeKIcW_!!0-item_pic.jpg,【25元任选10样】咪你虾条香辣味鲜虾味网红零食小吃休闲食品充饥,	644952827279,,6.8,6.8,6.9,6.9,98.55%,2,3296,0,202,203,0.13%,1373.6,0.08%,1380.3999999999999,4,15,0,,,热卖促销,7天无理由|蚂蚁花呗|信用卡支付|集分宝,零食/坚果/特产,饼干/膨化,膨化食品,,,2021-05-26,11:21:56,1时30分57秒,三,http://item.taobao.com/item.htm?id=644952827279,https://kandianbao.com/item/644952827279/, 
71,https://img.alicdn.com/imgextra/i4/3328945235/O1CN01LDHnDx1oXg549Iy6Y_!!0-item_pic.jpg,【25元任选10样】襄遇二阳牛角脆尖角酥香辣其妙零食小吃休闲,	644872155711,,6.8,6.8,6.9,6.9,98.55%,2,6758,0,220,222,0.14%,1496,0.08%,1509.6,4,18,0,,,热卖促销,7天无理由|蚂蚁花呗|信用卡支付|集分宝,零食/坚果/特产,饼干/膨化,膨化食品,,,2021-06-01,14:44:32,6天1时52分32秒,二,http://item.taobao.com/item.htm?id=644872155711,https://kandianbao.com/item/644872155711/, 
72,https://img.alicdn.com/imgextra/i2/3328945235/O1CN016wsDtK1oXg54ZOz3b_!!0-item_pic.jpg,【25元任选10样】红糖小麻花香酥手工网红爆款零食单独小袋装解馋,	643638924743,,6.8,6.8,6.9,6.9,98.55%,3,10228,0,231,231,0.15%,1570.8,0.09%,1570.8,0,17,0,,,热卖促销,7天无理由|蚂蚁花呗|信用卡支付|集分宝,零食/坚果/特产,糕点/点心,传统糕点,,,2021-05-31,11:44:47,4天22时52分47秒,一,http://item.taobao.com/item.htm?id=643638924743,https://kandianbao.com/item/643638924743/, 
73,https://img.alicdn.com/imgextra/i1/3328945235/O1CN01AtKWfQ1oXg2xcQVex_!!0-item_pic.jpg,襄遇二阳拉面丸子小包袋装网红零食礼包办公室小零食小吃休闲食品,	589919712106,,19.9,19.9,38,38,52.37%,4,32490,0,255,23013,0.16%,5074.5,0.28%,457958.69999999995,6564,3905,1,,,热卖促销,7天无理由|蚂蚁花呗|信用卡支付|集分宝,零食/坚果/特产,饼干/膨化,膨化食品,,,2021-05-26,16:00:00,3时8分0秒,三,http://item.taobao.com/item.htm?id=589919712106,https://kandianbao.com/item/589919712106/,不脆(4);香辣味的(2);有甜味(2);保质期还可以(4);份量很足(8);不好吃(15)
74,https://img.alicdn.com/imgextra/i4/3328945235/O1CN01yfpkm41oXg4iu0qlc_!!0-item_pic.jpg,襄遇二阳火鸡面5袋装夜宵速食咸蛋黄拌面国产网红泡面整箱方便面,	622445762139,,9.9,39.8,29.9,49.9,79.76%,15,52069,0,276,51549,0.18%,6033.360000000001,0.34%,1126861.1400000001,11748,10877,0,,,热卖促销,7天无理由|蚂蚁花呗|信用卡支付|集分宝,粮油调味/速食/干货/烘焙,方便速食/速冻食品,方便面/拉面/面皮,,,2021-05-30,16:59:41,4天4时7分41秒,日,http://item.taobao.com/item.htm?id=622445762139,https://kandianbao.com/item/622445762139/,比较硬(3);很辣(78);甜甜的(16);很大个(4);很好吃(330);假的(5)
75,https://img.alicdn.com/imgextra/i1/3328945235/O1CN01zS1jfN1oXg2WRnTj1_!!3328945235.jpg,手工山药片薄片薯片大礼包网红年货零食小吃休闲食品充饥夜宵整箱,	626023782322,,9.9,9.9,18,18,55.00%,4,5716,0,286,5180,0.18%,2831.4,0.16%,51282,1084,713,0,,,热卖促销,7天无理由|蚂蚁花呗|信用卡支付|集分宝,零食/坚果/特产,饼干/膨化,膨化食品,,,2021-06-01,14:47:12,6天1时55分12秒,二,http://item.taobao.com/item.htm?id=626023782322,https://kandianbao.com/item/626023782322/,便宜(15);很好吃(62);会回购(7);脆脆的(7);物流很快(6);不好吃(7)
76,https://img.alicdn.com/imgextra/i3/3328945235/O1CN0179auin1oXg59sOmn5_!!0-item_pic.jpg,【25元任选10样】襄遇二阳猫耳朵零食小吃袋装装特产休闲食品,	643574628064,,6.8,6.8,6.9,6.9,98.55%,2,6686,0,287,289,0.18%,1951.6,0.11%,1965.2,4,22,0,,,热卖促销,7天无理由|蚂蚁花呗|信用卡支付|集分宝,零食/坚果/特产,饼干/膨化,膨化食品,,,2021-05-29,14:23:08,3天1时31分8秒,六,http://item.taobao.com/item.htm?id=643574628064,https://kandianbao.com/item/643574628064/, 
77,https://img.alicdn.com/imgextra/i4/3328945235/O1CN01oydPwX1oXg59HI5ab_!!0-item_pic.jpg,【25元任选10样】襄遇二阳大辣片老式手撕辣条80后怀旧网红年货,	643565764387,,6.8,6.8,6.9,6.9,98.55%,2,2875,0,297,295,0.19%,2019.6,0.11%,2006,4,33,0,,,热卖促销,7天无理由|蚂蚁花呗|信用卡支付|集分宝,零食/坚果/特产,豆干制品/蔬菜干,豆腐干,,,2021-05-29,14:23:08,3天1时31分8秒,六,http://item.taobao.com/item.htm?id=643565764387,https://kandianbao.com/item/643565764387/, 
78,https://img.alicdn.com/imgextra/i4/3328945235/O1CN01fxFB0o1oXg578ZxDK_!!0-item_pic.jpg,【25元任选10样】襄遇二阳手工山药片山药薄片干片特产休闲食品,	643961001687,,6.8,6.8,6.9,6.9,98.55%,3,10169,0,303,307,0.19%,2060.4,0.12%,2087.6,6,19,0,,,热卖促销,7天无理由|蚂蚁花呗|信用卡支付|集分宝,零食/坚果/特产,饼干/膨化,膨化食品,,,2021-05-29,14:23:08,3天1时31分8秒,六,http://item.taobao.com/item.htm?id=643961001687,https://kandianbao.com/item/643961001687/, 
79,https://img.alicdn.com/imgextra/i3/3328945235/O1CN01w49zq01oXg59aU1BA_!!3328945235-0-lubanu-s.jpg,【25元任选10样】襄遇二阳小米锅巴袋装脆手工老灶网红零食爆款,	644712822887,,6.8,6.8,6.9,6.9,98.55%,2,6665,0,307,307,0.20%,2087.6,0.12%,2087.6,4,19,0,,,热卖促销,7天无理由|蚂蚁花呗|信用卡支付|集分宝,零食/坚果/特产,饼干/膨化,膨化食品,,,2021-05-27,14:29:16,1天1时37分16秒,四,http://item.taobao.com/item.htm?id=644712822887,https://kandianbao.com/item/644712822887/, 
80,https://img.alicdn.com/imgextra/i1/3328945235/O1CN01Hyi0pC1oXg2eH8Me5_!!0-item_pic.jpg,襄遇二阳手工糯米锅巴小袋装安徽特产宿舍小零食网红小吃散装整箱,	585195893310,,19.9,19.9,39.9,39.9,49.87%,10,131983,0,312,39877,0.20%,6208.799999999999,0.35%,793552.2999999999,10154,6096,0,,,热卖促销,7天无理由|蚂蚁花呗|信用卡支付|集分宝,零食/坚果/特产,饼干/膨化,膨化食品,,,2021-05-28,10:19:35,1天21时27分35秒,五,http://item.taobao.com/item.htm?id=585195893310,https://kandianbao.com/item/585195893310/,不是很辣(3);二次回购(15);喜欢咸味(4);价格很便宜(11);很好吃(94);不会再买(2)
81,https://img.alicdn.com/imgextra/i1/3328945235/O1CN01BqriMG1oXg2ZKyh8i_!!0-item_pic.jpg,襄遇二阳手工蔬菜卷248g*5包零食膨化80后 怀旧袋装宿舍零食小吃,	588528567730,,8.8,28.8,18,58,49.66%,13,95685,0,313,17219,0.20%,5258.400000000001,0.29%,289279.2,10854,2836,0,,,热卖促销,7天无理由|蚂蚁花呗|信用卡支付|集分宝,零食/坚果/特产,饼干/膨化,膨化食品,,,2021-05-30,18:44:28,4天5时52分28秒,日,http://item.taobao.com/item.htm?id=588528567730,https://kandianbao.com/item/588528567730/,很多(7);包装很干净(5);便宜(4);很好吃(30);脆脆的(8);不好吃(9)
82,https://img.alicdn.com/imgextra/i1/3328945235/O1CN01Jtaozs1oXftXHu2qK_!!0-item_pic.jpg,襄遇二阳零食大礼包休闲锅巴猫耳酥组合装好吃的宿舍小零食整箱,	585361763017,,10.1,39.8,50,100,39.80%,3,5315,0,334,38273,0.21%,7341.32,0.41%,841240.54,10584,5762,0,,,热卖促销,7天无理由|蚂蚁花呗|信用卡支付|集分宝,零食/坚果/特产,饼干/膨化,膨化食品,,,2021-05-26,16:42:59,3时50分59秒,三,http://item.taobao.com/item.htm?id=585361763017,https://kandianbao.com/item/585361763017/,品质非常赞(2);便宜(52);日期好(10);很好吃(196);无限回购(10);封口张开的(3)
83,https://img.alicdn.com/imgextra/i4/3328945235/O1CN01lVkHcs1oXg55UKelb_!!0-item_pic.jpg,红糖小麻花香酥手工网红爆款零食单独小袋装解馋小吃整箱休闲食品,	639653308606,,9.9,9.9,19.9,19.9,49.75%,11,9876,0,346,1457,0.22%,3425.4,0.19%,14424.300000000001,180,280,0,,,热卖促销,7天无理由|蚂蚁花呗|信用卡支付|集分宝,零食/坚果/特产,糕点/点心,传统糕点,,,2021-05-31,15:57:41,5天3时5分41秒,一,http://item.taobao.com/item.htm?id=639653308606,https://kandianbao.com/item/639653308606/,很好吃(19);继续回购(3);量足(4);很新鲜(2);保质期长(3);不好吃(7)
84,https://img.alicdn.com/imgextra/i2/3328945235/O1CN01Vw78Xi1oXg570eKQM_!!0-item_pic.jpg,【25元任选10样】襄遇二阳手工脆锅巴平底小包装袋装特产网红零食,	644301586674,,6.8,6.8,6.9,6.9,98.55%,3,10105,0,374,384,0.24%,2543.2,0.14%,2611.2,6,25,0,,,热卖促销,7天无理由|蚂蚁花呗|信用卡支付|集分宝,零食/坚果/特产,饼干/膨化,膨化食品,,,2021-05-29,14:23:09,3天1时31分9秒,六,http://item.taobao.com/item.htm?id=644301586674,https://kandianbao.com/item/644301586674/, 
85,https://img.alicdn.com/imgextra/i2/3328945235/O1CN01kuI8x81oXg55oZ895_!!0-item_pic.jpg,【25元任选10】襄遇二阳手工小麻花袋装夜宵充饥休闲食品整箱解馋,	644528259285,,6.8,6.8,6.9,6.9,98.55%,3,10014,0,423,427,0.27%,2876.4,0.16%,2903.6,4,26,0,,,热卖促销,7天无理由|蚂蚁花呗|信用卡支付|集分宝,零食/坚果/特产,饼干/膨化,膨化食品,,,2021-05-29,14:23:10,3天1时31分10秒,六,http://item.taobao.com/item.htm?id=644528259285,https://kandianbao.com/item/644528259285/, 
86,https://img.alicdn.com/imgextra/i1/3328945235/O1CN01Nqt7bx1oXg2ZL6c9J_!!0-item_pic.jpg,襄遇二阳山楂零食小包装袋装山楂汉堡年货节特产零食小吃休闲食品,	608847536139,,9.9,24.9,19.8,39.9,62.41%,10,10039,0,436,18080,0.28%,6932.400000000001,0.39%,287472,5078,2975,0,,,热卖促销,7天无理由|蚂蚁花呗|信用卡支付|集分宝,零食/坚果/特产,蜜饯/枣类/梅/果干/冻干,山楂类制品,,,2021-05-26,13:20:22,28分22秒,三,http://item.taobao.com/item.htm?id=608847536139,https://kandianbao.com/item/608847536139/,不是很甜(4);不酸(2);软软的(6);品质不错(2);价格很便宜(26);有点太软了(2)
87,https://img.alicdn.com/imgextra/i1/3328945235/TB2en.xlbSYBuNjSspiXXXNzpXa_!!3328945235.jpg,襄遇二阳手工馍片220g老襄阳特产烤香膜片好吃的馍干馍丁小吃零食,	560176731334,,12.9,12.9,30,30,43.00%,3,70918,0,448,40078,0.29%,5779.2,0.32%,517006.2,4336,2229,0,,,热卖促销,7天无理由|蚂蚁花呗|信用卡支付|集分宝,零食/坚果/特产,饼干/膨化,酥性饼干,,,2021-05-31,16:18:18,5天3时26分18秒,一,http://item.taobao.com/item.htm?id=560176731334,https://kandianbao.com/item/560176731334/,不脆(2);很好吃(44);份量很足(2);会回购(5);保质期长(3);不好吃(11)
88,https://img.alicdn.com/imgextra/i1/3328945235/O1CN014Ct3NS1oXg2b8cKC3_!!0-item_pic.jpg,咸蛋黄麦芽饼10袋黑糖饼干夹心网红小休闲零食食品年货节小吃整箱,	592105305569,,5.1,29.9,6.9,59.8,50.00%,9,33926,0,453,62416,0.29%,6804.0599999999995,0.38%,937488.32,23526,12882,0,,,热卖促销,7天无理由|蚂蚁花呗|信用卡支付|集分宝,零食/坚果/特产,饼干/膨化,夹心饼干,,,2021-05-28,10:27:06,1天21时35分6秒,五,http://item.taobao.com/item.htm?id=592105305569,https://kandianbao.com/item/592105305569/,软的(4);小小的(2);份量很足(20);会回购(21);儿子很喜欢(20);质量不合格(2)
89,https://img.alicdn.com/imgextra/i1/3328945235/O1CN01hMCiyE1oXfzn3jiF7_!!3328945235.jpg,襄遇二阳手工锅巴400g 老襄阳特产好吃的零食 麻辣味怀旧网红小吃,	584813963682,,9.9,9.9,20,20,49.50%,3,40326,0,483,39920,0.31%,4781.7,0.27%,395208,6108,4248,0,,,热卖促销,7天无理由|蚂蚁花呗|信用卡支付|集分宝,零食/坚果/特产,饼干/膨化,膨化食品,,,2021-05-29,17:32:08,3天4时40分8秒,六,http://item.taobao.com/item.htm?id=584813963682,https://kandianbao.com/item/584813963682/,比较硬(2);辣度够了(8);正品(4);很好吃(82);份量很足(7);不好吃(18)
90,https://img.alicdn.com/imgextra/i4/3328945235/O1CN01mNa6Ki1oXg4tlkyH5_!!0-item_pic.jpg,襄遇二阳猫耳酥4袋装小包装特产休闲食品零食小吃麻辣怀旧猫耳朵,	643060803042,,9.9,9.9,19.9,19.9,49.75%,5,14341,0,484,629,0.31%,4791.6,0.27%,6227.1,82,85,0,,,每日必买,7天无理由|蚂蚁花呗|信用卡支付|集分宝,零食/坚果/特产,饼干/膨化,膨化食品,,,2021-05-28,17:30:32,2天4时38分32秒,五,http://item.taobao.com/item.htm?id=643060803042,https://kandianbao.com/item/643060803042/,味道不错(3);邮递很快(2);不够脆(2)
91,https://img.alicdn.com/imgextra/i2/3328945235/O1CN01Lgo9XS1oXg4oGQgIM_!!3328945235-0-lubanu-s.jpg,红糖味小麻花500g单独包装香酥特产休闲零食耐吃夜宵充饥小吃整箱,	626062761583,,5.1,28.8,29.9,29.9,96.32%,12,41505,0,485,55607,0.31%,7071.300000000001,0.40%,810750.06,8586,10791,0,,,热卖促销,7天无理由|蚂蚁花呗|信用卡支付|集分宝,零食/坚果/特产,糕点/点心,传统糕点,,,2021-05-31,01:00:00,4天12时8分0秒,一,http://item.taobao.com/item.htm?id=626062761583,https://kandianbao.com/item/626062761583/,咸香(5);不会粘牙(2);很好吃(765);量足(112);会回购(72);快递不给催(18)
92,https://img.alicdn.com/imgextra/i1/3328945235/O1CN01dShTX11oXg57KFjRm_!!0-item_pic.jpg,【25元任选10样】襄遇二阳手工锅巴襄阳的特产袋装解馋网红零食,	643887141447,,6.8,6.8,6.9,6.9,98.55%,3,9945,0,528,528,0.34%,3590.4,0.20%,3590.4,8,33,0,,,热卖促销,7天无理由|蚂蚁花呗|信用卡支付|集分宝,零食/坚果/特产,饼干/膨化,膨化食品,,,2021-05-29,14:23:09,3天1时31分9秒,六,http://item.taobao.com/item.htm?id=643887141447,https://kandianbao.com/item/643887141447/, 
93,https://img.alicdn.com/imgextra/i4/3328945235/O1CN01vgn2os1oXg429sKrc_!!0-item_pic.jpg,襄遇二阳猫耳朵零食小吃4袋装小包装特产休闲食品麻辣怀旧猫耳酥,	617773558013,,9.9,9.9,19.9,19.9,49.75%,5,51824,0,659,42767,0.42%,6524.1,0.37%,423393.3,5450,6878,0,,,每日必买,7天无理由|蚂蚁花呗|信用卡支付|集分宝,零食/坚果/特产,饼干/膨化,膨化食品,,,2021-06-01,11:48:20,5天22时56分20秒,二,http://item.taobao.com/item.htm?id=617773558013,https://kandianbao.com/item/617773558013/,软绵绵的(4);麻辣味好吃(11);甜甜的(9);便宜(85);会回购(28);品质太差(2)
94,https://img.alicdn.com/imgextra/i4/3328945235/O1CN01XExpwF1oXg3xF1IQf_!!3328945235-0-lubanu-s.jpg,襄遇二阳大辣片老式手撕辣条80后怀旧网红年货小零食儿时麻辣小吃,	604077170517,,9.9,9.9,19.8,19.8,50.00%,8,64776,0,718,75389,0.46%,7108.2,0.40%,746351.1,13038,13014,0,,,热卖促销,7天无理由|蚂蚁花呗|信用卡支付|集分宝,零食/坚果/特产,豆干制品/蔬菜干,豆腐干,,,2021-05-29,17:54:09,3天5时2分9秒,六,http://item.taobao.com/item.htm?id=604077170517,https://kandianbao.com/item/604077170517/,辣味不重(21);二次回购(18);质量很不错(2);甜甜的(3);软软的(3);不好吃(42)
95,https://img.alicdn.com/imgextra/i1/3328945235/O1CN01T0Pkm51oXg4pjJ1iv_!!0-item_pic.jpg,手工花椒锅巴麻辣特产网红休闲零食充饥夜宵小吃休闲年货食品整箱,	637279642025,,15.8,15.8,29.9,29.9,52.84%,10,19069,0,799,1653,0.51%,12624.2,0.71%,26117.4,234,207,0,,,热卖促销,7天无理由|蚂蚁花呗|信用卡支付|集分宝,零食/坚果/特产,饼干/膨化,膨化食品,,,2021-05-31,10:46:35,4天21时54分35秒,一,http://item.taobao.com/item.htm?id=637279642025,https://kandianbao.com/item/637279642025/,很好吃(15);会回购(3);脆脆的(2);分量可以(2);很新鲜(2);特别硬(2)
96,https://img.alicdn.com/imgextra/i4/3328945235/O1CN01jGq0xm1oXg44vIX0V_!!3328945235.jpg,襄遇二阳手工山药片山药薄片干片特产休闲食品宿舍零食小吃整箱,	588252760859,,9.9,9.9,18,18,55.00%,8,47452,0,809,73527,0.52%,8009.1,0.45%,727917.3,12532,11735,0,,,每日必买,7天无理由|蚂蚁花呗|信用卡支付|集分宝,零食/坚果/特产,饼干/膨化,膨化食品,,,2021-05-29,17:58:30,3天5时6分30秒,六,http://item.taobao.com/item.htm?id=588252760859,https://kandianbao.com/item/588252760859/,软的(2);酸酸的(3);甜度很好(5);量足(31);生产期挺新(8);不会再买(2)
97,https://img.alicdn.com/imgextra/i3/3328945235/O1CN01URUbEQ1oXg55V5UfY_!!0-item_pic.jpg,【25元任选10样】手工花椒锅巴麻辣特产网红休闲零食充饥夜宵小吃,	644529586961,,6.8,6.8,6.9,6.9,98.55%,3,9494,0,940,940,0.60%,6392,0.36%,6392,12,43,0,,,热卖促销,7天无理由|蚂蚁花呗|信用卡支付|集分宝,零食/坚果/特产,饼干/膨化,膨化食品,,,2021-06-01,14:02:47,6天1时10分47秒,二,http://item.taobao.com/item.htm?id=644529586961,https://kandianbao.com/item/644529586961/, 
98,https://img.alicdn.com/imgextra/i1/3328945235/O1CN01bljfrP1oXg5P5l430_!!3328945235-0-lubanu-s.jpg,襄遇二阳小米锅巴5袋装脆手工老灶网红零食爆款推荐小吃休闲食品,	643371576377,,3.9,15.8,8.9,19.8,79.80%,12,13719,0,943,952,0.60%,8166.38,0.46%,8244.32,188,88,0,,,热卖促销,7天无理由|蚂蚁花呗|信用卡支付|集分宝,零食/坚果/特产,饼干/膨化,膨化食品,,,2021-06-02,11:29:48,6天22时37分48秒,三,http://item.taobao.com/item.htm?id=643371576377,https://kandianbao.com/item/643371576377/,口感挺不错(4);份量很足(2);保质期长(2)
99,https://img.alicdn.com/imgextra/i1/3328945235/O1CN01yobed91oXg2UnoxSw_!!0-item_pic.jpg,襄遇二阳手工小麻花袋装 网红小吃散装歪海苔咪整箱怀旧特产零食,	583865642435,,15.8,15.8,35,35,45.14%,9,38156,0,959,115650,0.61%,15152.2,0.85%,1827270,25416,17932,0,,,热卖促销,7天无理由|蚂蚁花呗|信用卡支付|集分宝,零食/坚果/特产,糕点/点心,传统糕点,,,2021-05-31,17:30:55,5天4时38分55秒,一,http://item.taobao.com/item.htm?id=583865642435,https://kandianbao.com/item/583865642435/,推荐甜辣(11);有点油(2);小小的(2);正品(3);很好吃(307);甜辣有点辣(2)
100,https://img.alicdn.com/imgextra/i2/3328945235/O1CN01A7vRjy1oXg3rF0TES_!!0-item_pic.jpg,咸蛋黄麦芽饼袋装黑糖饼干夹心圆饼小包装办公散装休闲小零食小吃,	607622123950,,5.1,13.9,7.1,19.9,69.85%,10,23255,0,1257,372505,0.80%,10835.340000000002,0.61%,3210993.1000000006,43804,36746,0,,,每日必买,7天无理由|蚂蚁花呗|信用卡支付|集分宝,零食/坚果/特产,饼干/膨化,夹心饼干,,,2021-06-01,17:51:10,6天4时59分10秒,二,http://item.taobao.com/item.htm?id=607622123950,https://kandianbao.com/item/607622123950/,蛋黄的香味(4);不浓(6);小小的(7);正品(7);卫生(3);不是正品(8)
101,https://img.alicdn.com/imgextra/i4/3328945235/O1CN01Nvf0B81oXg5080Q9o_!!3328945235.jpg,襄遇二阳手工小麻花休闲食品袋装网红小吃海苔单独包装宿舍零食,	583648635598,,9.9,29.8,60,60,49.67%,17,127334,0,1389,454925,0.88%,24807.540000000005,1.39%,8124960.500000001,110790,64096,3,,,热卖促销,7天无理由|蚂蚁花呗|信用卡支付|集分宝,零食/坚果/特产,糕点/点心,传统糕点,,,2021-05-26,15:51:06,2时59分6秒,三,http://item.taobao.com/item.htm?id=583648635598,https://kandianbao.com/item/583648635598/,甜辣比较好(15);便宜(147);很好吃(630);份量很足(64);材质实打实(2);质量差(2)
102,https://img.alicdn.com/imgextra/i1/3328945235/O1CN01R3gy2o1oXg2YYeHG7_!!3328945235.jpg,襄遇二阳手工锅巴400g*4襄阳特产零食小吃麻辣袋装休闲食品整箱,	554343410518,,15.8,28.8,62,62,46.45%,14,158121,0,1749,245986,1.11%,36729,2.06%,5165706,31488,9733,1,,,热卖促销,7天无理由|蚂蚁花呗|信用卡支付|集分宝,零食/坚果/特产,饼干/膨化,膨化食品,,,2021-05-28,08:46:05,1天19时54分5秒,五,http://item.taobao.com/item.htm?id=554343410518,https://kandianbao.com/item/554343410518/,很硬(2);价格很便宜(60);很好吃(401);份量很足(32);很新鲜(10);日期老(2)
103,https://img.alicdn.com/imgextra/i2/3328945235/O1CN01QK19ln1oXg5ASXVP8_!!0-item_pic.jpg,襄遇二阳小米锅巴手工老式怀旧小吃网红零食袋装整箱休闲食品特产,	635699527139,,9.9,9.9,29.9,29.9,33.11%,9,21672,0,1833,6221,1.17%,18146.7,1.02%,61587.9,878,817,0,,,每日必买,7天无理由|蚂蚁花呗|信用卡支付|集分宝,零食/坚果/特产,饼干/膨化,膨化食品,,,2021-05-31,14:42:44,5天1时50分44秒,一,http://item.taobao.com/item.htm?id=635699527139,https://kandianbao.com/item/635699527139/,第二次回购(13);很好吃(130);量足(13);包装可以(10);脆脆的(12);份量太少(2)
104,https://img.alicdn.com/imgextra/i4/3328945235/O1CN01nZrj3x1oXg5Imj0DU_!!0-item_pic.jpg,马卡龙夹心饼干整箱多口味办公特产小包装网红休闲宿舍夜宵小零食,	631538903504,,9.8,25.8,15.8,28.8,89.58%,12,41874,0,1907,28899,1.21%,30893.400000000005,1.73%,468163.8000000001,6468,3691,0,,,热卖促销,7天无理由|蚂蚁花呗|信用卡支付|集分宝,零食/坚果/特产,饼干/膨化,夹心饼干,,,2021-06-02,12:25:52,6天23时33分52秒,三,http://item.taobao.com/item.htm?id=631538903504,https://kandianbao.com/item/631538903504/,便宜(79);材质实打实(2);很新鲜(10);保质期长(11);质量好(11);卖家很不用心(7)
105,https://img.alicdn.com/imgextra/i1/3328945235/O1CN01DHEgx61oXg1tCS3rP_!!0-item_pic.jpg,掌心干脆面脆干吃方便面整箱装好吃的香脆年货小零食小吃休闲食品,	598307646750,,9.9,29.9,39.8,59.8,50.00%,4,27383,0,6099,262254,3.89%,109172.09999999999,6.11%,4694346.6,33822,41741,0,,,每日必买,7天无理由|蚂蚁花呗|信用卡支付|集分宝,零食/坚果/特产,饼干/膨化,膨化食品,,,2021-05-30,14:12:51,4天1时20分51秒,日,http://item.taobao.com/item.htm?id=598307646750,https://kandianbao.com/item/598307646750/,不硬(2);便宜(194);量足(55);会回购(46);脆脆的(66);质量偏低(2)
106,https://img.alicdn.com/imgextra/i2/3328945235/O1CN01LRPOW01oXg589vb8i_!!3328945235.jpg,襄遇二阳老灶襄阳手工锅巴小吃网红解馋休闲食品花椒大袋装小零食,	574914498338,,19.9,29.9,60,60,49.83%,23,193442,0,7546,954968,4.81%,180349.40000000002,10.10%,22823735.200000003,211686,97827,9,,,热卖促销,7天无理由|蚂蚁花呗|信用卡支付|集分宝,零食/坚果/特产,饼干/膨化,膨化食品,,,2021-05-29,11:26:44,2天22时34分44秒,六,http://item.taobao.com/item.htm?id=574914498338,https://kandianbao.com/item/574914498338/,有点油(2);正品(10);辣度纯正(127);第二次回购(368);很大个(15);质量差(5)
107,https://img.alicdn.com/imgextra/i2/3328945235/O1CN01Ly7aOw1oXg5BMrL60_!!0-item_pic.jpg,襄遇二阳手工锅巴襄阳特产袋装小米花椒解馋网红零食小吃休闲食品,	607938788763,,8.9,9.9,19.8,19.8,50.00%,29,99506,0,11241,822813,7.16%,104541.3,5.85%,7652160.9,141566,135356,0,,,热卖促销,7天无理由|蚂蚁花呗|信用卡支付|集分宝,零食/坚果/特产,饼干/膨化,膨化食品,,,2021-05-26,16:16:17,3时24分17秒,三,http://item.taobao.com/item.htm?id=607938788763,https://kandianbao.com/item/607938788763/,非常健康(2);与描述一致(11);正品(22);咸咸的(15);第二次回购(539);质感很差(2)
108,https://img.alicdn.com/imgextra/i3/3328945235/O1CN01HTmnyY1oXg57yO0ut_!!0-item_pic.jpg,襄遇二阳手工脆锅巴平底小包装袋装特产网红小零食小吃休闲食品,	609467844180,,9.9,9.9,19.8,19.8,50.00%,10,85721,0,12473,198807,7.95%,123482.70000000001,6.91%,1968189.3,36588,28974,0,,,每日必买,7天无理由|蚂蚁花呗|信用卡支付|集分宝,零食/坚果/特产,饼干/膨化,膨化食品,,,2021-05-28,14:04:13,2天1时12分13秒,五,http://item.taobao.com/item.htm?id=609467844180,https://kandianbao.com/item/609467844180/,一致(5);甜甜的(23);便宜(474);很好吃(1844);没破损(5);假的(4)
109,https://img.alicdn.com/imgextra/i2/3328945235/O1CN01fHkg6v1oXg507y0GO_!!3328945235.jpg,襄遇二阳手工小麻花袋装夜宵充饥休闲食品整箱解馋好吃零食小吃,	600252950676,,9.9,9.9,19.9,19.9,49.75%,15,127968,0,25366,2179537,16.16%,251123.40000000002,14.06%,21577416.3,347638,363414,0,,,淘宝吃货,7天无理由|蚂蚁花呗|信用卡支付|集分宝,零食/坚果/特产,糕点/点心,传统糕点,,,2021-05-31,23:14:43,5天10时22分43秒,一,http://item.taobao.com/item.htm?id=600252950676,https://kandianbao.com/item/600252950676/,很好咸味(4);上头慢(13);甜辣比较好(141);与描述一致(25);正品(28);太阻碍减肥(2)
110,https://img.alicdn.com/imgextra/i4/3328945235/O1CN01xAoISh1oXg4gzFGIA_!!0-item_pic.jpg,襄遇二阳手工花椒锅巴袋装网红爆款零食小吃老灶解馋世家休闲食品,	641211121206,,9.9,9.9,19.9,19.9,49.75%,10,150428,0,68519,94390,43.65%,678338.1,37.98%,934461,19924,8954,0,,,每日必买,7天无理由|蚂蚁花呗|信用卡支付|集分宝,零食/坚果/特产,饼干/膨化,膨化食品,,,2021-05-31,16:32:47,5天3时40分47秒,一,http://item.taobao.com/item.htm?id=641211121206,https://kandianbao.com/item/641211121206/,便宜(129);很好吃(704);会回购(72);好看(10);很新鲜(15);不好吃(179)
,,,,,,,,,,,,,30天销量总计,,,30天销售额总计,,,收藏数总计,,分享量总计,,,,,,,,,,,,,,,,
,,,,,,,,,,,,,156988,,,1786086.7399999995,,,1274494,,14,,,,,,,,,,,,,,,,
序号,主图,标题,宝贝id,货号,销售价最低,销售价最高,原价最低,原价最高,折扣率,sku数量,库存,邮费,30天销量,总销量,占全店销量比例,30天销售额,占全店销售额比例,总销售额,收藏数,评价数,PC总分享量,宝贝促销,店铺促销,活动促销,服务保证,一级类目,二级类目,三级类目,宝贝创建时间,宝贝创建时长,下架日期,下架时间,天数,星期,宝贝地址,分析地址,评价标签
数据下载时间：2021-05-26 12:52:05 功能：看店宝【kandianbao.com】全店宝贝 相关查询网址：https://kandianbao.com/dian/襄遇二阳旗舰店,,,,,,,,,,,,,,,,,,,,,,,,,,,,,,,,,,,,,