数据下载时间：2021-05-25 10:34:58 功能：看店宝【kandianbao.com】全店宝贝 相关查询网址：https://kandianbao.com/dian/李子柒旗舰店,,,,,,,,,,,,,,,,,,,,,,,,,,,,,,,,,,,,,
序号,主图,标题,宝贝id,货号,销售价最低,销售价最高,原价最低,原价最高,折扣率,sku数量,库存,邮费,30天销量,总销量,占全店销量比例,30天销售额,占全店销售额比例,总销售额,收藏数,评价数,PC总分享量,宝贝促销,店铺促销,活动促销,服务保证,一级类目,二级类目,三级类目,宝贝创建时间,宝贝创建时长,下架日期,下架时间,天数,星期,宝贝地址,分析地址,评价标签
1,https://img.alicdn.com/imgextra/i3/3965833216/O1CN01EapjbR1ZcyQXBqjEk_!!3965833216-0-lubanu-s.jpg,李子柒清养花草茶金银花茶决明子橘皮山楂甘草组合茶6g*10包,	645689658323,,59.9,59.9,117,117,51.20%,1,4999,0,0,0,0,0,0,0,6,0,0,,,店铺促销,7天无理由|运费险|蚂蚁花呗|信用卡支付|集分宝,茶,代用/花草/水果/再加工茶,代用/花草茶,,,2021-05-31,19:12:13,6天8时38分59秒,一,http://item.taobao.com/item.htm?id=645689658323,https://kandianbao.com/item/645689658323/, 
2,https://img.alicdn.com/imgextra/i3/3965833216/O1CN01cOMmpn1ZcyQbONU26_!!3965833216-0-lubanu-s.jpg,李子柒金玉蛋黄酥咸蛋黄糕点面包早餐食品办公室零食点心2盒,	646033915828,,89.8,89.8,137,137,65.55%,1,4999,0,0,0,0,0,0,0,0,0,0,,,店铺促销,7天无理由|运费险|蚂蚁花呗|信用卡支付|集分宝,零食/坚果/特产,糕点/点心,传统糕点,,,2021-05-31,19:11:44,6天8时38分30秒,一,http://item.taobao.com/item.htm?id=646033915828,https://kandianbao.com/item/646033915828/, 
3,https://img.alicdn.com/imgextra/i2/3965833216/O1CN01eZllZQ1ZcyQdiH3MM_!!3965833216-0-lubanu-s.jpg,李子柒螺蛳粉广西柳州螺丝粉螺狮粉米粉速食粉丝米线方便面7袋装,	646035831821,,92.9,92.9,177,177,52.49%,1,4996,0,2,2,0.00%,185.8,0.00%,185.8,2,0,0,,,店铺促销,7天无理由|运费险|蚂蚁花呗|信用卡支付|集分宝,粮油调味/速食/干货/烘焙,方便速食/速冻食品,方便粉丝/米线/螺蛳粉,,,2021-05-31,19:12:35,6天8时39分21秒,一,http://item.taobao.com/item.htm?id=646035831821,https://kandianbao.com/item/646035831821/, 
4,https://img.alicdn.com/imgextra/i3/3965833216/O1CN01wM6SBg1ZcyQbDz8sF_!!3965833216.png,【品牌兑换卡】李子柒酱料囤货卡糟辣酱香菇酱蛋黄酱剁椒酱鱼子酱,	645410702565,,180.0,180.0,180.0,180.0,100.00%,1,996,0,4,4,0.00%,720,0.00%,720,0,0,0,,,,7天无理由|运费险|蚂蚁花呗|信用卡支付|集分宝,兑换卡,粮油米面/干货/调味品兑换卡,调味品/果酱/沙拉兑换卡,,,2021-05-31,13:40:29,6天3时7分15秒,一,http://item.taobao.com/item.htm?id=645410702565,https://kandianbao.com/item/645410702565/, 
5,https://img.alicdn.com/imgextra/i3/3965833216/O1CN01oTnuYb1ZcyQfrcOQf_!!3965833216.jpg,【品牌兑换卡】李子柒零食囤货卡蛋黄酥鲜花饼玉米秋梨膏麦脆,	645299297282,,204.0,204.0,204.0,204.0,100.00%,1,994,0,5,4,0.00%,1020,0.00%,816,0,0,0,,,,7天无理由|运费险|蚂蚁花呗|信用卡支付|集分宝,兑换卡,零食类兑换卡,糕点兑换卡,,,2021-05-31,13:40:25,6天3时7分11秒,一,http://item.taobao.com/item.htm?id=645299297282,https://kandianbao.com/item/645299297282/, 
6,https://img.alicdn.com/imgextra/i3/3965833216/O1CN01MfIVt81ZcyQf2xuYB_!!3965833216.jpg,李子柒海鸭蛋黄酱流沙咸蛋黄2瓶好拌牛肉酱拌饭酱1瓶糟辣酱辣椒酱,	644389865491,,10.0,10.0,137,137,7.30%,2,3939,0,60,61,0.01%,600,0.00%,610,32,0,0,,,预售价,7天无理由|运费险|蚂蚁花呗|信用卡支付|集分宝,粮油调味/速食/干货/烘焙,调味品/果酱/沙拉,酱类调料,,,2021-05-26,17:51:59,1天7时18分45秒,三,http://item.taobao.com/item.htm?id=644389865491,https://kandianbao.com/item/644389865491/, 
7,https://img.alicdn.com/imgextra/i3/3965833216/O1CN01xgCEJr1ZcyQArx84C_!!3965833216-0-lubanu-s.jpg,李子柒黄花鱼子酱即食黄花鱼籽罐头拌饭下饭酱调味酱料140g*2瓶装,	595644424905,,119,119,197,197,60.41%,0,1882,0,109,9628,0.01%,12971,0.03%,1145732,6842,1793,0,,,店铺促销,7天无理由|运费险|公益宝贝|蚂蚁花呗|信用卡支付|集分宝,粮油调味/速食/干货/烘焙,调味品/果酱/沙拉,鱼籽酱,,,2021-05-25,14:07:20,3时34分6秒,二,http://item.taobao.com/item.htm?id=595644424905,https://kandianbao.com/item/595644424905/,很好吃(36);多次回购(7);质量好(3);包装精致(9);颜值很高(4);价格真心的贵(5)
8,https://img.alicdn.com/imgextra/i3/3965833216/O1CN01RaYDm51ZcyQRZ6KqW_!!3965833216.jpg,李子柒辣椒酱糟辣酱3瓶蛋黄酱2瓶组合香菇酱2瓶剁椒酱调味酱料2瓶,	643077116868,,79.8,79.8,157,157,50.83%,3,2854,0,126,127,0.01%,10054.8,0.03%,10134.6,80,12,0,,,店铺促销,7天无理由|运费险|蚂蚁花呗|信用卡支付|集分宝,粮油调味/速食/干货/烘焙,调味品/果酱/沙拉,酱类调料,,,2021-05-28,21:54:25,3天11时21分11秒,五,http://item.taobao.com/item.htm?id=643077116868,https://kandianbao.com/item/643077116868/, 
9,https://img.alicdn.com/imgextra/i4/3965833216/O1CN013N0c6J1ZcyQXL1Qhb_!!3965833216.jpg,李子柒铁观音剁椒酱四川辣椒酱香辣下饭酱拌面辣酱4瓶装,	603591661760,,49.9,49.9,127,127,39.29%,0,5445,0,166,62586,0.02%,8283.4,0.02%,3123041.4,38576,12157,0,,,预售价,7天无理由|运费险|蚂蚁花呗|信用卡支付|集分宝,粮油调味/速食/干货/烘焙,调味品/果酱/沙拉,辣椒酱,,,2021-05-30,10:09:36,4天23时36分22秒,日,http://item.taobao.com/item.htm?id=603591661760,https://kandianbao.com/item/603591661760/,辣度纯正(19);拌饭很好吃(3);包装很漂亮(22);很好吃(91);可以送人(3);不好吃(23)
10,https://img.alicdn.com/imgextra/i3/3965833216/O1CN011pRuvr1ZcyQQhO1DU_!!3965833216.jpg,李子柒黑芝麻糊黑芝麻核桃粉红糖姜茶组合黑米粉五谷营养早餐冲饮,	628094566141,,10.0,10.0,196,196,5.10%,1,4817,0,167,4055,0.02%,1670,0.00%,40550,2600,774,0,,,预售价,7天无理由|运费险|蚂蚁花呗|信用卡支付|集分宝,咖啡/麦片/冲饮,食补粉粉,天然粉粉食品,,,2021-05-28,13:47:38,3天3时14分24秒,五,http://item.taobao.com/item.htm?id=628094566141,https://kandianbao.com/item/628094566141/,香味还蛮浓(2);不怎么甜(10);第二次回购(11);很好吃(50);很香浓(3);不会再来(2)
11,https://img.alicdn.com/imgextra/i1/3965833216/O1CN01EbIaVs1ZcyQZrgZir_!!3965833216.jpg,李子柒紫薯蒸米糕夹心糕点零食早餐代餐面包540g*2盒,	628272614011,,10.0,10.0,157,157,6.37%,1,4800,0,196,15921,0.02%,1960,0.00%,159210,9218,3411,0,,,预售价,7天无理由|运费险|蚂蚁花呗|信用卡支付|集分宝,零食/坚果/特产,糕点/点心,传统糕点,,,2021-05-26,13:46:14,1天3时13分0秒,三,http://item.taobao.com/item.htm?id=628272614011,https://kandianbao.com/item/628272614011/,不是很甜(59);质量好(11);大小适中(2);品质很好(9);物流快(20);自作聪明卖家(2)
12,https://img.alicdn.com/imgextra/i1/3965833216/O1CN01vgTwr91ZcyQZri3Fp_!!3965833216.jpg,李子柒红油麻辣火锅番茄火锅底料组合装鲜香四川火锅调料,	628391295674,,10.0,10.0,277,277,3.61%,3,8594,0,198,12515,0.02%,1980,0.00%,125150,5638,2232,0,,,预售价,7天无理由|运费险|蚂蚁花呗|信用卡支付|集分宝,粮油调味/速食/干货/烘焙,调味品/果酱/沙拉,火锅调料,,,2021-05-25,20:03:42,9时30分28秒,二,http://item.taobao.com/item.htm?id=628391295674,https://kandianbao.com/item/628391295674/,儿子很喜欢(3);品质很好(4);饱满(2);物流快(24);口感浓郁(3);不会再买(4)
13,https://img.alicdn.com/imgextra/i1/3965833216/O1CN01kVTeuu1ZcyQF1GvHG_!!3965833216.jpg,李子柒桶装酸辣粉3桶红薯粉冲泡四川红油面皮2桶特产米粉速食组合,	643921027833,,69.8,69.8,137,137,50.95%,1,9991,0,198,202,0.02%,13820.4,0.03%,14099.599999999999,114,25,0,,,店铺促销,7天无理由|运费险|蚂蚁花呗|信用卡支付|集分宝,粮油调味/速食/干货/烘焙,方便速食/速冻食品,方便面/拉面/面皮,,,2021-05-27,19:17:25,2天8时44分11秒,四,http://item.taobao.com/item.htm?id=643921027833,https://kandianbao.com/item/643921027833/, 
14,https://img.alicdn.com/imgextra/i1/3965833216/O1CN01MkjcmY1ZcyQab4Nug_!!3965833216.jpg,李子柒藕粉桂花坚果藕粉羹代餐坚果羹营养早餐懒人冲饮食品258g*3,	645063247025,,20.0,20.0,237,237,8.44%,1,2818,0,234,250,0.02%,4680,0.01%,5000,108,12,0,,,预售价,7天无理由|运费险|蚂蚁花呗|信用卡支付|集分宝,咖啡/麦片/冲饮,藕粉/麦片/冲饮品,藕粉,,,2021-05-28,13:49:36,3天3时16分22秒,五,http://item.taobao.com/item.htm?id=645063247025,https://kandianbao.com/item/645063247025/, 
15,https://img.alicdn.com/imgextra/i2/3965833216/O1CN01q1InXU1ZcyQXsBVuu_!!3965833216-0-lubanu-s.jpg,李子柒酸辣粉桶装速食红薯粉懒人冲泡即食四川粉丝方便面米线5桶,	644788855411,,64.9,64.9,137,137,47.37%,1,19727,0,253,264,0.02%,16419.7,0.04%,17133.600000000002,70,23,0,,,店铺促销,7天无理由|运费险|蚂蚁花呗|信用卡支付|集分宝,粮油调味/速食/干货/烘焙,方便速食/速冻食品,方便面/拉面/面皮,,,2021-05-27,19:59:19,2天9时26分5秒,四,http://item.taobao.com/item.htm?id=644788855411,https://kandianbao.com/item/644788855411/, 
16,https://img.alicdn.com/imgextra/i3/3965833216/O1CN013uxDRr1ZcyQVXRnT3_!!3965833216-0-lubanu-s.jpg,李子柒螺蛳粉4袋柳州螺狮粉四川绵阳米粉3袋老坛酸笋3袋速食组合,	643577426918,,97.9,97.9,197,197,49.70%,3,6846,0,278,281,0.03%,27216.2,0.07%,27509.9,180,41,0,,,店铺促销,7天无理由|运费险|蚂蚁花呗|信用卡支付|集分宝,粮油调味/速食/干货/烘焙,方便速食/速冻食品,方便粉丝/米线/螺蛳粉,,,2021-05-27,19:16:15,2天8时43分1秒,四,http://item.taobao.com/item.htm?id=643577426918,https://kandianbao.com/item/643577426918/, 
17,https://img.alicdn.com/imgextra/i2/3965833216/O1CN01O5oaYP1ZcyNCBRUXB_!!3965833216-0-lubanu-s.jpg,李子柒乌骨鸡汤老鸭汤浓缩高汤自加热罐头方便速食汤280g,	614153002059,,29.9,29.9,64,64,46.72%,2,4103,8,280,11311,0.03%,8372,0.02%,338198.89999999997,5410,1567,0,,,店铺促销,7天无理由|运费险|蚂蚁花呗|信用卡支付|集分宝,粮油调味/速食/干货/烘焙,方便速食/速冻食品,速食汤,,,2021-05-27,17:06:15,2天6时33分1秒,四,http://item.taobao.com/item.htm?id=614153002059,https://kandianbao.com/item/614153002059/,好喝(57);会回购(8);不油腻(2);包装好(14);品质很好(3);客服不行(2)
18,https://img.alicdn.com/imgextra/i1/3965833216/O1CN01dPxoO51ZcyQWLGQZn_!!3965833216-0-lubanu-s.jpg,李子柒红油面皮速食方便面泡面食品干拌面擀面皮135g,	608597774379,,15.9,15.9,37,37,42.97%,1,2712,8,318,41135,0.03%,5056.2,0.01%,654046.5,12852,5059,0,,,店铺促销,7天无理由|运费险|蚂蚁花呗|信用卡支付|集分宝,粮油调味/速食/干货/烘焙,方便速食/速冻食品,方便面/拉面/面皮,,,2021-05-25,13:44:02,3时10分48秒,二,http://item.taobao.com/item.htm?id=608597774379,https://kandianbao.com/item/608597774379/,很辣(9);很好吃(161);料很绝(12);会回购(16);生产期挺新(2);快递烂的(3)
19,https://img.alicdn.com/imgextra/i4/3965833216/O1CN014BDFgv1ZcyOHI2EEX_!!3965833216.jpg,李子柒乌骨鸡汤老鸭汤浓缩高汤自加热罐头方便懒人营养速食汤2罐,	603261650443,,59.9,59.9,127,127,47.17%,1,3656,0,384,43360,0.04%,23001.6,0.06%,2597264,34972,7517,0,,,店铺促销,7天无理由|运费险|蚂蚁花呗|信用卡支付|集分宝,粮油调味/速食/干货/烘焙,方便速食/速冻食品,速食汤,,,2021-05-27,17:06:15,2天6时33分1秒,四,http://item.taobao.com/item.htm?id=603261650443,https://kandianbao.com/item/603261650443/,好喝(364);料很绝(20);很新鲜(20);不油腻(5);懒人福音(5);不会再买(3)
20,https://img.alicdn.com/imgextra/i3/3965833216/O1CN01N4RS2x1ZcyQab7fea_!!3965833216.jpg,李子柒糟辣酱辣椒酱贵州风味特产酸辣鲜香调味酱料4瓶装,	629046616841,,10.0,10.0,147,147,6.80%,1,13425,0,428,8569,0.04%,4280,0.01%,85690,7476,1720,0,,,预售价,7天无理由|运费险|蚂蚁花呗|信用卡支付|集分宝,粮油调味/速食/干货/烘焙,调味品/果酱/沙拉,酱类调料,,,2021-05-25,14:57:07,4时23分53秒,二,http://item.taobao.com/item.htm?id=629046616841,https://kandianbao.com/item/629046616841/,爸爸挺喜欢(2);很好吃(174);很新鲜(4);包装很好(25);颗粒大(2);不会再买(2)
21,https://img.alicdn.com/imgextra/i2/3965833216/O1CN015cGwh81ZcyMy1US3y_!!3965833216-0-lubanu-s.jpg,李子柒豆嬢嬢七彩豆浆粉速溶原味七色早餐冲泡大豆家用小袋196g,	608476698651,,26.9,26.9,57,57,47.19%,0,5672,8,442,24412,0.04%,11889.8,0.03%,656682.7999999999,15336,4677,0,,,店铺促销,7天无理由|运费险|蚂蚁花呗|信用卡支付|集分宝,咖啡/麦片/冲饮,藕粉/麦片/冲饮品,豆浆,,,2021-05-25,09:20:37,1时12分24秒,二,http://item.taobao.com/item.htm?id=608476698651,https://kandianbao.com/item/608476698651/,量超级多(4);品质不错(2);不贵(6);上档次(5);很好吃(184);太淡了(2)
22,https://img.alicdn.com/imgextra/i3/3965833216/O1CN01pynfdF1ZcyQXL15uX_!!3965833216.jpg,李子柒水果藜麦脆麦片燕麦片水果谷物果粒早餐即食代餐冲饮2盒,	620862970855,,10.0,10.0,197,197,5.08%,1,6247,0,447,11169,0.04%,4470,0.01%,111690,9186,2523,0,,,预售价,7天无理由|运费险|蚂蚁花呗|信用卡支付|集分宝,咖啡/麦片/冲饮,藕粉/麦片/冲饮品,冲饮谷物/麦片,,,2021-05-25,14:57:20,4时24分6秒,二,http://item.taobao.com/item.htm?id=620862970855,https://kandianbao.com/item/620862970855/,果粒大块(5);果肉很有劲道(4);干吃好吃(23);饱腹感很强(4);份量很足(10);包装让人沦陷(3)
23,https://img.alicdn.com/imgextra/i1/3965833216/O1CN01sckpDK1ZcyOLPJK7M_!!3965833216.jpg,李子柒黄花鱼子酱即食黄花鱼籽酱下饭拌饭酱调味寿司140g/瓶,	594895291219,,69,69,127,127,54.33%,0,1822,0,452,61800,0.04%,31188,0.08%,4264200,29772,10991,0,,,店铺促销,7天无理由|运费险|公益宝贝|蚂蚁花呗|信用卡支付|集分宝,粮油调味/速食/干货/烘焙,调味品/果酱/沙拉,鱼籽酱,,,2021-05-27,22:26:19,2天11时53分5秒,四,http://item.taobao.com/item.htm?id=594895291219,https://kandianbao.com/item/594895291219/,腥味不重(12);很细(2);样子不错(2);很好吃(255);没有添加剂(4);不好吃(55)
24,https://img.alicdn.com/imgextra/i1/3965833216/O1CN01O9Y9311ZcyONLMits_!!3965833216.jpg,李子柒乌骨鸡汤老鸭汤浓缩高汤自加热罐头速食汤6罐礼盒,	620013866978,,159.7,159.7,357,357,44.73%,1,2320,0,487,12097,0.05%,77773.9,0.19%,1931890.9,5956,2070,0,,,店铺促销,7天无理由|运费险|蚂蚁花呗|信用卡支付|集分宝,粮油调味/速食/干货/烘焙,方便速食/速冻食品,速食汤,,,2021-06-01,00:34:40,6天14时1分26秒,二,http://item.taobao.com/item.htm?id=620013866978,https://kandianbao.com/item/620013866978/,适合送人(2);卫生(2);没腥味(2);第二次回购(28);很用心(7);不会回购(2)
25,https://img.alicdn.com/imgextra/i1/3965833216/O1CN01xRB21Y1ZcyNgqOX5D_!!3965833216.jpg,李子柒红油面皮椒麻宽面方便宽面皮非油炸干拌面组合速食,	618533635645,,89.7,89.7,237,237,37.85%,1,2257,0,515,19912,0.05%,46195.5,0.12%,1786106.4000000001,8298,4178,0,,,店铺促销,7天无理由|运费险|蚂蚁花呗|信用卡支付|集分宝,粮油调味/速食/干货/烘焙,方便速食/速冻食品,方便面/拉面/面皮,,,2021-05-31,10:55:36,6天22分22秒,一,http://item.taobao.com/item.htm?id=618533635645,https://kandianbao.com/item/618533635645/,辣味不重(9);生产期蛮近(2);料包很多(11);第二次回购(39);赠品很好(2);包装略显小气(2)
26,https://img.alicdn.com/imgextra/i1/3965833216/O1CN0173Eenc1ZcyQ286riq_!!0-item_pic.jpg,李子柒 长白山参蜜椴树蜜人参蜜东北蜂蜜蜂蜜3瓶 礼盒装,	577746826325,,239.7,239.7,387,387,61.94%,1,2352,0,520,23867,0.05%,124644,0.31%,5720919.899999999,16608,3067,0,,,店铺促销,7天无理由|运费险|公益宝贝|蚂蚁花呗|信用卡支付|集分宝,传统滋补营养品,蜂蜜及其制品,蜂蜜,,,2021-05-26,16:04:43,1天5时31分29秒,三,http://item.taobao.com/item.htm?id=577746826325,https://kandianbao.com/item/577746826325/,不是很甜(3);喝着很不错(3);味道不错(14);很滑(2);甜味浓(2);快递让人迷醉(2)
27,https://img.alicdn.com/imgextra/i1/3965833216/O1CN01penLU61ZcyQXu6LIW_!!3965833216-0-lubanu-s.jpg,李子柒螺蛳粉3袋柳州螺狮粉特产四川酸辣粉2袋红薯粉米粉速食组合,	644070363508,,62.9,62.9,127,127,49.53%,1,4429,0,535,539,0.05%,33651.5,0.08%,33903.1,146,65,0,,,店铺促销,7天无理由|运费险|蚂蚁花呗|信用卡支付|集分宝,粮油调味/速食/干货/烘焙,方便速食/速冻食品,方便粉丝/米线/螺蛳粉,,,2021-05-27,19:54:12,2天9时20分58秒,四,http://item.taobao.com/item.htm?id=644070363508,https://kandianbao.com/item/644070363508/,口感味道好(4);不好吃(2)
28,https://img.alicdn.com/imgextra/i3/3965833216/O1CN01VjrAx11ZcyQQ58NFd_!!3965833216-0-lubanu-s.jpg,李子柒螺蛳粉3袋螺狮粉四川酸辣粉2袋牛肉绵阳米粉2袋米粉组合,	642844212558,,92.9,92.9,177,177,52.49%,1,9998,0,539,547,0.05%,50073.100000000006,0.12%,50816.3,242,70,0,,,店铺促销,7天无理由|运费险|蚂蚁花呗|信用卡支付|集分宝,粮油调味/速食/干货/烘焙,方便速食/速冻食品,方便粉丝/米线/螺蛳粉,,,2021-05-27,19:14:58,2天8时41分44秒,四,http://item.taobao.com/item.htm?id=642844212558,https://kandianbao.com/item/642844212558/,很好吃(2);无限回购(3)
29,https://img.alicdn.com/imgextra/i2/3965833216/O1CN01kXinjk1ZcyLFi1D1w_!!3965833216-0-lubanu-s.jpg,李子柒海鸭蛋黄酱流沙咸蛋黄酱流沙酱拌饭80g单瓶装,	592873741216,,23.7,23.7,37,37,64.05%,0,2406,8,579,43498,0.06%,13722.3,0.03%,1030902.6,31466,7445,0,,,店铺促销,7天无理由|运费险|公益宝贝|蚂蚁花呗|信用卡支付|集分宝,粮油调味/速食/干货/烘焙,调味品/果酱/沙拉,沙拉/千岛/蛋黄酱,,,2021-06-01,00:55:00,6天14时21分46秒,二,http://item.taobao.com/item.htm?id=592873741216,https://kandianbao.com/item/592873741216/,没太添加别的(2);份量超级迷你(3);小小的(3);不咸(6);很好吃(179);发货有点心塞(2)
30,https://img.alicdn.com/imgextra/i1/3965833216/O1CN01BJv8201ZcyQXL2AQg_!!3965833216.jpg,李子柒桂花坚果藕粉红豆薏米粉组合速食营养早餐代餐大礼包礼盒装,	628093302011,,20.0,20.0,244,244,8.20%,1,397,0,668,8503,0.06%,13360,0.03%,170060,5822,0,0,,,预售价,7天无理由|运费险|蚂蚁花呗|信用卡支付|集分宝,咖啡/麦片/冲饮,藕粉/麦片/冲饮品,藕粉,,,2021-05-31,15:44:01,6天5时10分47秒,一,http://item.taobao.com/item.htm?id=628093302011,https://kandianbao.com/item/628093302011/, 
31,https://img.alicdn.com/imgextra/i2/3965833216/O1CN01eawmNo1ZcyQZ0YFGv_!!3965833216-0-lubanu-s.jpg,李子柒螺蛳粉3袋柳州螺狮粉四川绵阳米粉2袋老坛酸笋2袋速食组合,	643226805448,,69.9,69.9,137,137,51.02%,2,6759,0,686,699,0.07%,47951.4,0.12%,48860.100000000006,180,89,0,,,店铺促销,7天无理由|运费险|蚂蚁花呗|信用卡支付|集分宝,粮油调味/速食/干货/烘焙,方便速食/速冻食品,方便粉丝/米线/螺蛳粉,,,2021-05-27,19:13:49,2天8时40分35秒,四,http://item.taobao.com/item.htm?id=643226805448,https://kandianbao.com/item/643226805448/,q弹(12);回购几次(5);汤汁超浓郁(3)
32,https://img.alicdn.com/imgextra/i1/3965833216/O1CN01PpEUpS1ZcyQdI5jwD_!!3965833216-0-lubanu-s.jpg,李子柒铁观音剁椒酱四川辣椒酱香辣拌面下饭辣酱230g,	608467318939,,23.7,23.7,77,77,30.78%,1,3621,8,722,39879,0.07%,17111.399999999998,0.04%,945132.2999999999,16278,6349,0,,,店铺促销,7天无理由|运费险|蚂蚁花呗|信用卡支付|集分宝,粮油调味/速食/干货/烘焙,调味品/果酱/沙拉,辣椒酱,,,2021-06-01,09:20:37,6天22时47分23秒,二,http://item.taobao.com/item.htm?id=608467318939,https://kandianbao.com/item/608467318939/,下饭绝了(7);有点油(2);香味浓郁(3);很好吃(163);料很绝(4);不好吃(63)
33,https://img.alicdn.com/imgextra/i3/3965833216/O1CN01ore0gM1ZcyQXL4Nfi_!!3965833216.jpg,李子柒金玉蛋黄酥咸蛋黄糕点面包早餐食品办公室零食点心2盒,	627349328724,,10.0,10.0,136,136,7.35%,1,2796,0,723,19898,0.07%,7230,0.02%,198980,13872,4280,0,,,预售价,7天无理由|运费险|蚂蚁花呗|信用卡支付|集分宝,零食/坚果/特产,糕点/点心,传统糕点,,,2021-05-25,17:31:06,6时57分52秒,二,http://item.taobao.com/item.htm?id=627349328724,https://kandianbao.com/item/627349328724/,卫生(2);很好吃(344);甜而不腻(43);会回购(39);很新鲜(7);咬不动的(3)
34,https://img.alicdn.com/imgextra/i3/3965833216/O1CN01heSws71ZcyMxC7NXZ_!!3965833216-0-lubanu-s.jpg,李子柒 朵朵香菇酱 冬笋辣椒酱拌饭下饭酱香辣拌面蘑菇220g瓶,	595785052978,,19.9,19.9,39.5,39.5,50.38%,1,1426,8,809,70626,0.08%,16099.099999999999,0.04%,1405457.4,28632,12976,0,,,店铺促销,7天无理由|运费险|公益宝贝|蚂蚁花呗|信用卡支付|集分宝,粮油调味/速食/干货/烘焙,调味品/果酱/沙拉,酱类调料,,,2021-06-01,09:20:38,6天22时47分24秒,二,http://item.taobao.com/item.htm?id=595785052978,https://kandianbao.com/item/595785052978/,油多(5);添加剂放心(5);微辣(22);很好吃(348);会回购(36);坏了(2)
35,https://img.alicdn.com/imgextra/i1/3965833216/O1CN01xOoTfQ1ZcyQEPdQT4_!!3965833216-0-lubanu-s.jpg,李子柒腾龙竞舟粽子端午节礼盒装特产蛋黄肉粽蜜枣甜粽子10种口味,	642532828459,,129.0,209.0,139,219,95.43%,2,188,0,890,894,0.09%,143290.00000000003,0.36%,143934.00000000003,510,58,0,,,店铺促销,7天无理由|运费险|蚂蚁花呗|信用卡支付|集分宝,粮油调味/速食/干货/烘焙,方便速食/速冻食品,粽子,,,2021-05-28,12:03:11,3天1时29分57秒,五,http://item.taobao.com/item.htm?id=642532828459,https://kandianbao.com/item/642532828459/, 
36,https://img.alicdn.com/imgextra/i1/3965833216/O1CN01LMVPyD1ZcyQgVXuYd_!!3965833216.jpg,李子柒薯你弹酸辣粉红薯粉四川粉丝米线袋装方便面速食252g*11袋,	606487286125,,20.0,20.0,197,197,10.15%,1,1726,0,910,8116,0.09%,18200,0.05%,162320,3618,1511,0,,,预售价,7天无理由|运费险|蚂蚁花呗|信用卡支付|集分宝,粮油调味/速食/干货/烘焙,方便速食/速冻食品,方便面/拉面/面皮,,,2021-05-25,23:32:15,12时59分1秒,二,http://item.taobao.com/item.htm?id=606487286125,https://kandianbao.com/item/606487286125/,没什么辣味(2);有礼物盒(3);日期很近(4);酸辣适宜(2);扑鼻而来香味(2);数量少(8)
37,https://img.alicdn.com/imgextra/i3/3965833216/O1CN01nQuWgv1ZcyQgVazoS_!!3965833216.jpg,李子柒朵朵香菇酱好拌牛肉酱组合香辣下饭拌面蘸调味酱料辣酱,	603855568315,,10.0,10.0,127,127,7.87%,1,2151,0,956,66901,0.09%,9560,0.02%,669010,25216,14652,0,,,预售价,7天无理由|运费险|蚂蚁花呗|信用卡支付|集分宝,粮油调味/速食/干货/烘焙,调味品/果酱/沙拉,酱类调料,,,2021-05-26,18:17:57,1天7时44分43秒,三,http://item.taobao.com/item.htm?id=603855568315,https://kandianbao.com/item/603855568315/,一致(2);微辣(14);会回购(18);物流很快(21);完好无损(2);料少了特别多(3)
38,https://img.alicdn.com/imgextra/i4/3965833216/O1CN01l4YlZE1ZcyQWoPsBq_!!3965833216.jpg,李子柒螺蛳粉柳州螺狮粉4袋酸辣粉3袋广西特产方便面四川速食粉丝,	643342707403,,10.0,10.0,177,177,5.65%,1,9356,0,1028,1124,0.10%,10280,0.03%,11240,514,126,0,,,预售价,7天无理由|运费险|蚂蚁花呗|信用卡支付|集分宝,粮油调味/速食/干货/烘焙,方便速食/速冻食品,方便粉丝/米线/螺蛳粉,,,2021-05-25,20:29:13,9时55分59秒,二,http://item.taobao.com/item.htm?id=643342707403,https://kandianbao.com/item/643342707403/,无数次回购(2);很好吃(8);份量很足(2);包装没有漏洞(2)
39,https://img.alicdn.com/imgextra/i1/3965833216/O1CN01wC1cbE1ZcyONEI4Px_!!3965833216.jpg,李子柒薯你弹酸辣粉袋装红薯粉四川粉丝米线速食252g*7袋,	627720541560,,79.9,79.9,167,167,47.84%,1,4421,0,1158,42566,0.11%,92524.20000000001,0.23%,3401023.4000000004,24438,8092,0,,,店铺促销,7天无理由|运费险|蚂蚁花呗|信用卡支付|集分宝,粮油调味/速食/干货/烘焙,方便速食/速冻食品,方便面/拉面/面皮,,,2021-05-29,00:18:14,3天13时45分0秒,六,http://item.taobao.com/item.htm?id=627720541560,https://kandianbao.com/item/627720541560/,很好吃(761);量足(24);很新鲜(8);儿子很喜欢(6);很脆(2);不好吃(39)
40,https://img.alicdn.com/imgextra/i3/3965833216/O1CN01jGBG4E1ZcyQ7RYjEn_!!0-item_pic.jpg,李子柒长白山参片蜜椴树蜂蜜参蜜人参蜜礼盒248g/瓶,	575106749428,,89.7,89.7,127,127,70.63%,1,1541,0,1265,153001,0.12%,113470.5,0.28%,13724189.700000001,93840,11144,0,,,店铺促销,7天无理由|运费险|公益宝贝|蚂蚁花呗|信用卡支付|集分宝,传统滋补营养品,蜂蜜及其制品,蜂蜜,,,2021-05-26,21:19:07,1天10时45分53秒,三,http://item.taobao.com/item.htm?id=575106749428,https://kandianbao.com/item/575106749428/,美容养颜(2);买一送一不错(4);甜味纯纯的(4);很严实(2);质量超好(24);蜂蜜溢出来了(2)
41,https://img.alicdn.com/imgextra/i3/3965833216/O1CN01m50ci71ZcyP0il0ju_!!3965833216.jpg,李子柒火锅底料鸳鸯锅四川清汤麻辣火锅红油火锅麻辣风味调味料,	603587505846,,39.9,39.9,77,77,51.82%,3,10483,0,1323,137687,0.13%,52787.7,0.13%,5493711.3,97184,22824,0,,,店铺促销,7天无理由|运费险|蚂蚁花呗|信用卡支付|集分宝,粮油调味/速食/干货/烘焙,调味品/果酱/沙拉,火锅调料,,,2021-05-31,09:19:32,5天22时46分18秒,一,http://item.taobao.com/item.htm?id=603587505846,https://kandianbao.com/item/603587505846/,有礼物盒(2);一致(4);效果好(2);没破损(7);好看(20);客服忽悠人(4)
42,https://img.alicdn.com/imgextra/i1/3965833216/O1CN01X06bkP1ZcyQc16IYu_!!3965833216-0-lubanu-s.jpg,李子柒椒麻宽面方便面非油炸速食劲道面皮干拌面2桶,	615881645571,,29.9,29.9,77,77,38.83%,1,2212,0,1489,60680,0.14%,44521.1,0.11%,1814332,7246,12275,0,,,店铺促销,7天无理由|运费险|蚂蚁花呗|信用卡支付|集分宝,粮油调味/速食/干货/烘焙,方便速食/速冻食品,方便面/拉面/面皮,,,2021-05-27,11:05:14,2天32分0秒,四,http://item.taobao.com/item.htm?id=615881645571,https://kandianbao.com/item/615881645571/,辣味不重(33);材料挺足(3);料包很足(18);很好吃(866);日期很新(7);不好吃(108)
43,https://img.alicdn.com/imgextra/i2/3965833216/O1CN01jQy0vv1ZcyQc1qUKT_!!3965833216-0-lubanu-s.jpg,李子柒糟辣酱辣椒酱贵州风味特产酸辣鲜香调味酱料1瓶装,	632593806839,,16.9,16.9,27,27,62.59%,1,10073,8,1562,14036,0.15%,26397.8,0.07%,237208.4,4566,2134,0,,,店铺促销,7天无理由|运费险|蚂蚁花呗|信用卡支付|集分宝,粮油调味/速食/干货/烘焙,调味品/果酱/沙拉,酱类调料,,,2021-05-26,09:26:55,22时53分41秒,三,http://item.taobao.com/item.htm?id=632593806839,https://kandianbao.com/item/632593806839/,很辣(22);拌饭很好吃(4);不是很咸(2);很好吃(159);料很绝(9);不好吃(16)
44,https://img.alicdn.com/imgextra/i4/3965833216/O1CN01xNFCgV1ZcyP8OeYFL_!!3965833216-0-lubanu-s.jpg,李子柒好拌牛肉酱拌饭酱下饭拌面辣椒酱酱拌饭下面调味酱料220g,	579708338796,,34.5,34.5,69,69,50.00%,1,1093,8,1796,138584,0.17%,61962,0.15%,4781148,58194,17856,0,,,店铺促销,7天无理由|运费险|公益宝贝|蚂蚁花呗|信用卡支付|集分宝,粮油调味/速食/干货/烘焙,调味品/果酱/沙拉,酱类调料,,,2021-06-01,09:20:36,6天22时47分22秒,二,http://item.taobao.com/item.htm?id=579708338796,https://kandianbao.com/item/579708338796/,不咸(3);很大个(6);家里人挺喜欢(4);挺多的(5);下饭蛮好吃(25);拌饭遭殃(2)
45,https://img.alicdn.com/imgextra/i4/3965833216/O1CN01KR9f1E1ZcyQdTzELn_!!3965833216-0-lubanu-s.jpg,李子柒清养花草茶金银花茶决明子橘皮山楂甘草组合茶6g*10包,	618840003001,,59.9,59.9,117,117,51.20%,1,3901,0,1841,97314,0.18%,110275.9,0.28%,5829108.6,24650,12944,0,,,店铺促销,7天无理由|运费险|蚂蚁花呗|信用卡支付|集分宝,茶,代用/花草/水果/再加工茶,代用/花草茶,,,2021-05-28,21:22:26,3天10时49分12秒,五,http://item.taobao.com/item.htm?id=618840003001,https://kandianbao.com/item/618840003001/,正品(5);第二次回购(42);很好吃(449);质量好(35);日期新鲜(3);配料很普通(2)
46,https://img.alicdn.com/imgextra/i2/3965833216/O1CN01yyaMOr1ZcyOUI5JOB_!!3965833216.jpg,李子柒逍遥草本茶养花茶生茶赤小豆薏米玫瑰菊花茶包9g*10包,	575177953070,,59.7,59.7,97,97,61.55%,1,3416,0,1884,268592,0.18%,112474.8,0.28%,16034942.4,125266,26361,1,,,店铺促销,7天无理由|运费险|公益宝贝|蚂蚁花呗|信用卡支付|集分宝,茶,代用/花草/水果/再加工茶,代用/花草茶,,,2021-05-30,23:08:32,5天12时35分18秒,日,http://item.taobao.com/item.htm?id=575177953070,https://kandianbao.com/item/575177953070/,有点微甜(44);一致(3);好喝(506);女儿很爱喝(4);效果好(4);不会回购(4)
47,https://img.alicdn.com/imgextra/i3/3965833216/O1CN01Q31AOC1ZcyQUexYwD_!!3965833216.jpg,李子柒四川腊肠广式甜味腊肠川味麻辣香肠烟熏腊味广东特产400g,	610646587336,,69.9,69.9,177,177,39.49%,2,380,0,1931,94602,0.19%,134976.90000000002,0.34%,6612679.800000001,55970,14844,0,,,聚划算,7天无理由|运费险|蚂蚁花呗|信用卡支付|集分宝,粮油调味/速食/干货/烘焙,南北干货/肉类干货,香肠/腊肠,,,2021-05-25,14:57:00,4时23分46秒,二,http://item.taobao.com/item.htm?id=610646587336,https://kandianbao.com/item/610646587336/,下饭皆可(4);肥肉不多(20);不咸(10);第二次回购(101);淡淡的酒香(2);切片不容易(2)
48,https://img.alicdn.com/imgextra/i1/3965833216/O1CN01c6iSsu1ZcyQXi0hgl_!!3965833216.jpg,李子柒龙舟飘香粽子嘉兴端午送礼礼盒装豆沙甜粽蛋黄肉粽700g/盒,	593091629571,,74.9,74.9,128,128,58.52%,1,3906,0,1987,67115,0.19%,148826.30000000002,0.37%,5026913.5,24074,9683,2,,,聚划算,7天无理由|运费险|蚂蚁花呗|信用卡支付|集分宝,粮油调味/速食/干货/烘焙,方便速食/速冻食品,粽子,,,2021-05-27,23:15:23,2天12时42分9秒,四,http://item.taobao.com/item.htm?id=593091629571,https://kandianbao.com/item/593091629571/,不会太甜(5);适合送礼(14);很大个(6);会回购(10);日期新鲜(4);坏了(3)
49,https://img.alicdn.com/imgextra/i4/3965833216/O1CN01npC0PJ1ZcyOI7T3eM_!!3965833216.jpg,李子柒番茄火锅底料酸甜鲜香营养番茄锅底酱味底料不辣230g*2盒,	618953512903,,39.9,39.9,77,77,51.82%,1,8195,0,2071,165260,0.20%,82632.9,0.21%,6593874,68460,28676,0,,,店铺促销,7天无理由|运费险|蚂蚁花呗|信用卡支付|集分宝,粮油调味/速食/干货/烘焙,调味品/果酱/沙拉,火锅调料,,,2021-05-27,21:10:07,2天10时36分53秒,四,http://item.taobao.com/item.htm?id=618953512903,https://kandianbao.com/item/618953512903/,添加剂放心(2);有甜味(16);上档次(9);很好吃(1605);汤汁很香(28);不会再买(15)
50,https://img.alicdn.com/imgextra/i2/3965833216/O1CN01qgqGjE1ZcyQOQlM92_!!3965833216-0-lubanu-s.jpg,李子柒柳州螺蛳粉广西特产螺狮粉酸辣粉米粉速食袋装螺丝粉335g,	600921979929,,13.9,13.9,27,27,51.48%,1,13736,8,2111,122982,0.21%,29342.9,0.07%,1709449.8,86786,14925,0,,,店铺促销,7天无理由|运费险|蚂蚁花呗|信用卡支付|集分宝,粮油调味/速食/干货/烘焙,方便速食/速冻食品,方便粉丝/米线/螺蛳粉,,,2021-05-26,21:53:40,1天11时20分26秒,三,http://item.taobao.com/item.htm?id=600921979929,https://kandianbao.com/item/600921979929/,用料很丰富(2);辣度纯正(18);很好吃(652);量足(55);料很绝(83);坏的(4)
51,https://img.alicdn.com/imgextra/i3/3965833216/O1CN01xGQQh01ZcyODbESA8_!!3965833216.jpg,李子柒豆嬢嬢七彩豆浆粉营养早餐冲饮家用袋原味速溶豆浆2盒,	603136206901,,49.9,49.9,77,77,64.81%,1,3410,0,2300,210664,0.22%,114770,0.29%,10512133.6,106260,43902,0,,,店铺促销,7天无理由|运费险|蚂蚁花呗|信用卡支付|集分宝,咖啡/麦片/冲饮,藕粉/麦片/冲饮品,豆浆,,,2021-05-26,16:03:00,1天5时29分46秒,三,http://item.taobao.com/item.htm?id=603136206901,https://kandianbao.com/item/603136206901/,大人可以喝(2);不是很甜(197);好喝(1796);很细(2);热量低(3);稍微粗点颗粒(3)
52,https://img.alicdn.com/imgextra/i2/3965833216/O1CN01AEmfoU1ZcyOFIz8jk_!!3965833216.jpg,李子柒红豆薏米粉薏仁粉粥五谷营养速食早餐代餐饱腹零食食品350g,	598900120569,,59.7,59.7,127,127,47.01%,1,13187,0,2427,360265,0.24%,144891.9,0.36%,21507820.5,140390,56783,0,,,店铺促销,7天无理由|运费险|公益宝贝|蚂蚁花呗|信用卡支付|集分宝,咖啡/麦片/冲饮,食补粉粉,天然粉粉食品,,,2021-05-29,19:53:28,4天9时20分14秒,六,http://item.taobao.com/item.htm?id=598900120569,https://kandianbao.com/item/598900120569/,礼盒很精美(2);一致(2);好喝(1555);效果好(7);软软的(2);香味怪怪的(2)
53,https://img.alicdn.com/imgextra/i3/3965833216/O1CN01Lv6hmj1ZcyQUdhocp_!!3965833216-0-lubanu-s.jpg,李子柒风味粽子肉粽甜粽蛋黄蜜枣多口味早餐端午节送礼礼盒100g*6,	642208810925,,59.9,59.9,177,177,33.84%,1,606,0,2560,2885,0.25%,153344,0.38%,172811.5,1360,296,0,,,店铺促销,7天无理由|运费险|蚂蚁花呗|信用卡支付|集分宝,粮油调味/速食/干货/烘焙,方便速食/速冻食品,粽子,,,2021-05-30,13:49:27,5天3时16分13秒,日,http://item.taobao.com/item.htm?id=642208810925,https://kandianbao.com/item/642208810925/,很好吃(17);包装精致(8);大小合适(3);价格很划算(2);相信品质(2);包装显旧(2)
54,https://img.alicdn.com/imgextra/i2/3965833216/O1CN01ITVI641ZcyQMafT9y_!!3965833216-0-lubanu-s.jpg,李子柒花糯玉米真空袋装甜糯黏玉米棒粗粮早餐饱腹代餐食品1.5kg,	599552936532,,49.7,49.7,127,127,39.13%,0,945,0,2669,103192,0.26%,132649.30000000002,0.33%,5128642.4,31400,17693,0,,,店铺促销,7天无理由|运费险|蚂蚁花呗|信用卡支付|集分宝,粮油调味/速食/干货/烘焙,米/面粉/杂粮,玉米,,,2021-05-31,21:16:43,6天10时43分29秒,一,http://item.taobao.com/item.htm?id=599552936532,https://kandianbao.com/item/599552936532/,品牌很优秀(4);香味非常好吃(9);很硬(7);黏黏的(2);减肥必备(5);成分null(2)
55,https://img.alicdn.com/imgextra/i2/3965833216/O1CN018YiJtp1ZcyQNi8bI5_!!3965833216-0-lubanu-s.jpg,李子柒水果藜麦脆麦片燕麦片水果谷物干吃早餐即食营养代餐冲饮,	631067928081,,59.9,119.8,98,197,60.81%,2,5322,0,2758,42073,0.27%,231285.88,0.58%,3528241.78,19764,7402,0,,,店铺促销,7天无理由|运费险|蚂蚁花呗|信用卡支付|集分宝,咖啡/麦片/冲饮,藕粉/麦片/冲饮品,冲饮谷物/麦片,,,2021-05-28,10:39:46,3天6分32秒,五,http://item.taobao.com/item.htm?id=631067928081,https://kandianbao.com/item/631067928081/,酸酸的(6);干吃好吃(82);热量低(4);很大个(8);饱腹感很强(8);干吃绝绝子(2)
56,https://img.alicdn.com/imgextra/i1/3965833216/O1CN01zHIWUK1ZcyQXq9lXs_!!3965833216-0-lubanu-s.jpg,李子柒水果藜麦脆燕麦片水果谷物干吃早餐即食营养代餐冲饮180g,	641104174476,,28.9,28.9,77,77,37.53%,1,1720,0,2809,6087,0.27%,81180.09999999999,0.20%,175914.3,1960,855,0,,,店铺促销,7天无理由|运费险|蚂蚁花呗|信用卡支付|集分宝,咖啡/麦片/冲饮,藕粉/麦片/冲饮品,冲饮谷物/麦片,,,2021-05-27,09:08:45,1天22时35分31秒,四,http://item.taobao.com/item.htm?id=641104174476,https://kandianbao.com/item/641104174476/,真的挺值(3);不太甜(11);很多(6);干吃好吃(12);很好吃(89);口感味道差(5)
57,https://img.alicdn.com/imgextra/i3/3965833216/O1CN01SpT3p81ZcyPNcThrY_!!3965833216.jpg,李子柒滋油咸鸭蛋海鸭蛋流油广西北部湾红树林特产整箱70g*15枚,	622573511614,,59.9,59.9,117,117,51.20%,1,1203,0,2898,49179,0.28%,173590.19999999998,0.43%,2945822.1,12524,8270,0,,,店铺促销,不支持7天无理由|运费险|蚂蚁花呗|信用卡支付|集分宝,水产肉类/新鲜蔬果/熟食,蛋/蛋制品,咸鸭蛋,,,2021-05-26,14:04:47,1天3时31分33秒,三,http://item.taobao.com/item.htm?id=622573511614,https://kandianbao.com/item/622573511614/,油多(62);腥味不重(2);没有气味(2);不咸(46);很大个(23);不会再买(9)
58,https://img.alicdn.com/imgextra/i1/3965833216/O1CN01p5dZTR1ZcyQVBRGLp_!!3965833216.jpg,李子柒榴莲酥糕点芝士零食早餐面包办公室点心美食糕点330g/盒,	644457722158,,54.9,54.9,117,117,46.92%,1,649,0,3090,3166,0.30%,169641,0.42%,173813.4,1266,527,0,,,聚划算,7天无理由|运费险|蚂蚁花呗|信用卡支付|集分宝,零食/坚果/特产,糕点/点心,传统糕点,,,2021-05-28,00:07:51,2天13时34分37秒,五,http://item.taobao.com/item.htm?id=644457722158,https://kandianbao.com/item/644457722158/,榴莲味很正(19);保质期(12);味道不错(23);甜味不错(15);口感不错(35);口感一般(2)
59,https://img.alicdn.com/imgextra/i2/3965833216/O1CN01xClruu1ZcyOElqM15_!!3965833216.jpg,李子柒朵朵香菇酱冬笋辣椒酱拌下饭香辣拌面蘸调料酱220g*2,	594334108978,,39.9,39.9,79,79,50.51%,1,3383,0,3594,417537,0.35%,143400.6,0.36%,16659726.299999999,140124,85917,0,,,店铺促销,7天无理由|运费险|公益宝贝|蚂蚁花呗|信用卡支付|集分宝,粮油调味/速食/干货/烘焙,调味品/果酱/沙拉,酱类调料,,,2021-05-28,09:26:06,2天22时52分52秒,五,http://item.taobao.com/item.htm?id=594334108978,https://kandianbao.com/item/594334108978/,馅料挺实在(2);嚼不动(2);软软的(6);炒菜不错(10);很好吃(3327);成分一般(4)
60,https://img.alicdn.com/imgextra/i2/3965833216/O1CN01dS9LEm1ZcyQf30KF6_!!3965833216.jpg,李子柒桂花坚果藕粉坚果羹早餐莲藕粉冲饮营养代餐2罐礼盒装,	604021215912,,20.0,20.0,197,197,10.15%,2,2343,0,4170,163376,0.41%,83400,0.21%,3267520,73248,31077,0,,,预售价,7天无理由|运费险|蚂蚁花呗|信用卡支付|集分宝,咖啡/麦片/冲饮,藕粉/麦片/冲饮品,藕粉,,,2021-05-31,13:41:33,6天3时8分19秒,一,http://item.taobao.com/item.htm?id=604021215912,https://kandianbao.com/item/604021215912/,不是很甜(167);适合送人(110);便宜(139);第二次回购(305);香脆(5);配料有点太多(3)
61,https://img.alicdn.com/imgextra/i2/3965833216/O1CN01UCAJqn1ZcyQ616Act_!!3965833216.jpg,李子柒秋梨膏清润枇杷膏雪梨膏即食布丁办公室小零食果冻420g,	609895751151,,39.9,39.9,77,77,51.82%,1,6210,0,4444,183533,0.43%,177315.6,0.44%,7322966.7,48688,30360,0,,,店铺促销,7天无理由|运费险|蚂蚁花呗|信用卡支付|集分宝,零食/坚果/特产,糖果零食/果冻/布丁,果冻/布丁,,,2021-05-26,16:04:55,1天5时31分41秒,三,http://item.taobao.com/item.htm?id=609895751151,https://kandianbao.com/item/609895751151/,工艺非常好(2);适合送礼(6);一致(4);适合送人(18);软软的(3);品牌有点过高(2)
62,https://img.alicdn.com/imgextra/i2/3965833216/O1CN01hyjpJn1ZcyQbhjJQP_!!3965833216-0-lubanu-s.jpg,李子柒螺蛳粉广西柳州螺丝粉螺狮粉米粉速食粉丝米线方便面7袋装,	628269559223,,10.0,10.0,189,189,5.29%,1,8771,0,5169,260155,0.50%,51690,0.13%,2601550,73704,32774,0,,,预售价,7天无理由|运费险|蚂蚁花呗|信用卡支付|集分宝,粮油调味/速食/干货/烘焙,方便速食/速冻食品,方便粉丝/米线/螺蛳粉,,,2021-05-28,16:48:14,3天6时15分0秒,五,http://item.taobao.com/item.htm?id=628269559223,https://kandianbao.com/item/628269559223/,很辣(77);与描述一致(7);有甜味(6);上档次(9);很好吃(2796);老妈受不了(4)
63,https://img.alicdn.com/imgextra/i4/3965833216/O1CN01dRstcW1ZcyQXm4Vj8_!!3965833216-0-lubanu-s.jpg,李子柒铁观音剁椒酱四川辣椒酱香辣拌面下饭辣酱230*2瓶,	608567665701,,39.9,69.9,77,147,47.55%,2,4992,0,5968,282215,0.58%,309739.2,0.77%,14646958.500000002,85968,47756,0,,,店铺促销,7天无理由|运费险|蚂蚁花呗|信用卡支付|集分宝,粮油调味/速食/干货/烘焙,调味品/果酱/沙拉,辣椒酱,,,2021-05-31,16:41:24,6天6时8分10秒,一,http://item.taobao.com/item.htm?id=608567665701,https://kandianbao.com/item/608567665701/,水分超级大(3);有点油(29);赠品超给力(2);正品(12);不咸(20);拌饭就不行了(2)
64,https://img.alicdn.com/imgextra/i2/3965833216/O1CN01qSJRxw1ZcyQZ04QlG_!!3965833216-0-lubanu-s.jpg,李子柒红油面皮速食方便面椒麻宽面拌面宽面皮食品桶装非油炸2杯,	602854713604,,29.9,29.9,77,77,38.83%,3,8814,0,6966,666907,0.68%,208283.4,0.52%,19940519.3,178982,120954,0,,,店铺促销,7天无理由|运费险|蚂蚁花呗|信用卡支付|集分宝,粮油调味/速食/干货/烘焙,方便速食/速冻食品,方便面/拉面/面皮,,,2021-05-31,10:24:32,5天23时51分18秒,一,http://item.taobao.com/item.htm?id=602854713604,https://kandianbao.com/item/602854713604/,很辣(245);不是很甜(3);麻味很重(2);脆的(2);第二次回购(716);少麻酱的香味(3)
65,https://img.alicdn.com/imgextra/i2/3965833216/O1CN01q5G4se1ZcyQaJKGoj_!!3965833216-0-lubanu-s.jpg,李子柒藕粉桂花坚果藕粉羹早代餐坚果羹营养早餐懒人冲饮食品258g,	628702840010,,44.9,134.0,79,237,56.54%,2,6156,0,7976,70085,0.78%,642387.04,1.60%,5644645.9,16180,8432,0,,,店铺促销,7天无理由|运费险|蚂蚁花呗|信用卡支付|集分宝,咖啡/麦片/冲饮,藕粉/麦片/冲饮品,藕粉,,,2021-05-25,14:57:20,4时24分6秒,二,http://item.taobao.com/item.htm?id=628702840010,https://kandianbao.com/item/628702840010/,蔓越莓的酸味(2);很容易冲泡(28);很清香(4);很好吃(912);量足(22);不会再买(12)
66,https://img.alicdn.com/imgextra/i1/3965833216/O1CN01IVTjUs1ZcyOLO6wL6_!!3965833216.jpg,李子柒好拌牛肉酱拌饭酱香辣拌面调味酱料下饭辣酱220g*2瓶,	577460300572,,67.7,67.7,177,177,38.25%,1,11813,0,9276,657443,0.90%,627985.2000000001,1.57%,44508891.1,260580,87435,6,,,店铺促销,7天无理由|运费险|公益宝贝|蚂蚁花呗|信用卡支付|集分宝,粮油调味/速食/干货/烘焙,调味品/果酱/沙拉,酱类调料,,,2021-05-27,22:14:21,2天11时41分7秒,四,http://item.taobao.com/item.htm?id=577460300572,https://kandianbao.com/item/577460300572/,色香味鲜美(4);很辣(307);一致(10);很多油(21);软软的(4);成分null(3)
67,https://img.alicdn.com/imgextra/i4/3965833216/O1CN01rzHhko1ZcyQOPxXaQ_!!3965833216-0-lubanu-s.jpg,李子柒螺蛳粉广西特产柳州螺丝粉螺狮粉速食方便面米线5袋装,	625831807630,,64.9,64.9,117,117,55.47%,1,7776,0,10924,138843,1.06%,708967.6000000001,1.77%,9010910.700000001,21334,18622,0,,,店铺促销,7天无理由|运费险|蚂蚁花呗|信用卡支付|集分宝,粮油调味/速食/干货/烘焙,方便速食/速冻食品,方便粉丝/米线/螺蛳粉,,,2021-05-26,16:38:00,1天6时4分46秒,三,http://item.taobao.com/item.htm?id=625831807630,https://kandianbao.com/item/625831807630/,不是很浓(2);上头慢(2);甜甜的(3);上档次(5);很好吃(1981);老公接受不了(2)
68,https://img.alicdn.com/imgextra/i3/3965833216/O1CN01ZYdBBV1ZcyOH1hNOX_!!3965833216.jpg,李子柒海鸭蛋黄酱流沙咸蛋黄酱酱拌饭酱拌面沙拉吐司酱80g*2瓶,	591815141927,,39.9,39.9,79,79,50.51%,2,8269,0,13102,1154584,1.27%,522769.8,1.30%,46067901.6,496324,210089,1,,,店铺促销,7天无理由|运费险|公益宝贝|蚂蚁花呗|信用卡支付|集分宝,粮油调味/速食/干货/烘焙,调味品/果酱/沙拉,沙拉/千岛/蛋黄酱,,,2021-05-31,17:14:43,6天6时41分29秒,一,http://item.taobao.com/item.htm?id=591815141927,https://kandianbao.com/item/591815141927/,金黄软沙质感(8);有水分(4);辣味不重(6);腥味不重(64);小小的(127);品质太小了(3)
69,https://img.alicdn.com/imgextra/i4/3965833216/O1CN01SzUnwC1ZcyQcrYhAe_!!3965833216-0-lubanu-s.jpg,李子柒糟辣酱辣椒酱拌饭下饭拌饭酱贵州风味酸辣鲜香调味酱料3瓶,	628758534869,,39.9,39.9,77,77,51.82%,1,10778,0,13689,179799,1.33%,546191.1,1.36%,7173980.1,47730,29952,0,,,店铺促销,7天无理由|运费险|蚂蚁花呗|信用卡支付|集分宝,粮油调味/速食/干货/烘焙,调味品/果酱/沙拉,酱类调料,,,2021-06-01,09:00:45,6天22时27分31秒,二,http://item.taobao.com/item.htm?id=628758534869,https://kandianbao.com/item/628758534869/,有点油(46);适合南方人(4);不酸(24);正品(38);很好吃(4374);没吃出酸辣(9)
70,https://img.alicdn.com/imgextra/i4/3965833216/O1CN01S3kRpZ1ZcyQWrX2GI_!!3965833216-0-lubanu-s.jpg,李子柒老坛酸笋螺蛳粉柳州螺狮粉广西特产速食加量螺丝粉400g*3袋,	619780131544,,44.9,44.9,97,97,46.29%,1,7136,0,13850,447104,1.35%,621865,1.55%,20074969.599999998,63274,56086,0,,,店铺促销,7天无理由|运费险|蚂蚁花呗|信用卡支付|集分宝,粮油调味/速食/干货/烘焙,方便速食/速冻食品,方便粉丝/米线/螺蛳粉,,,2021-05-27,20:51:35,2天10时18分21秒,四,http://item.taobao.com/item.htm?id=619780131544,https://kandianbao.com/item/619780131544/,有点油(8);赠品超给力(4);特别喜欢风味(2);正品(42);不咸(9);假的(2)
71,https://img.alicdn.com/imgextra/i2/3965833216/O1CN01Nvz5aq1ZcyQSPcykU_!!3965833216-0-lubanu-s.jpg,李子柒薯你弹酸辣粉袋装红薯粉四川粉丝米线方便速食食品252g*5袋,	602922917825,,59.9,59.9,117,117,51.20%,1,6893,0,15059,493407,1.46%,902034.1,2.25%,29555079.3,86106,85697,0,,,店铺促销,7天无理由|运费险|蚂蚁花呗|信用卡支付|集分宝,粮油调味/速食/干货/烘焙,方便速食/速冻食品,方便面/拉面/面皮,,,2021-05-29,22:21:13,4天11时47分59秒,六,http://item.taobao.com/item.htm?id=602922917825,https://kandianbao.com/item/602922917825/,营养更完全(2);赠品诚意满满(2);比较软(9);与描述一致(6);正品(104);油厚了点(4)
72,https://img.alicdn.com/imgextra/i3/3965833216/O1CN01SG5xAN1ZcyQMDFwC0_!!3965833216-0-lubanu-s.jpg,李子柒黑芝麻糊黑芝麻粉核桃粉小包装孕妇营养早餐速食代餐360g,	615625879318,,59.9,59.9,117,117,51.20%,1,8043,0,16290,481484,1.58%,975771,2.43%,28840891.599999998,154296,73991,0,,,店铺促销,7天无理由|运费险|蚂蚁花呗|信用卡支付|集分宝,咖啡/麦片/冲饮,食补粉粉,天然粉粉食品,,,2021-05-27,22:44:42,2天12时11分28秒,四,http://item.taobao.com/item.htm?id=615625879318,https://kandianbao.com/item/615625879318/,不苦(8);卫生(17);干吃好吃(4);没杂质(6);很细(7);null品相(3)
73,https://img.alicdn.com/imgextra/i2/3965833216/O1CN01UmNiPD1ZcyQXql9jK_!!3965833216-0-lubanu-s.jpg,李子柒鲜花饼玫瑰花饼云南特产传统糕点早餐零食小吃休闲食品,	611756324683,,39.9,39.9,127,127,31.42%,1,3734,0,18910,388926,1.84%,754509,1.88%,15518147.4,90158,63893,0,,,店铺促销,7天无理由|运费险|蚂蚁花呗|信用卡支付|集分宝,零食/坚果/特产,糕点/点心,传统糕点,,,2021-05-31,09:27:41,5天22时54分27秒,一,http://item.taobao.com/item.htm?id=611756324683,https://kandianbao.com/item/611756324683/,不干(29);适合送人(109);正品(58);第二次回购(854);比较大(33);质量不敢恭维(5)
74,https://img.alicdn.com/imgextra/i3/3965833216/O1CN01WcsVFN1ZcyQeN5kjk_!!3965833216.jpg,李子柒螺蛳粉柳州螺狮粉广西特产11袋大礼盒螺丝粉方便面速食粉丝,	613469993554,,20.0,20.0,277,277,7.22%,1,5668,0,19426,615379,1.89%,388520,0.97%,12307580,178092,91462,0,,,预售价,7天无理由|运费险|蚂蚁花呗|信用卡支付|集分宝,粮油调味/速食/干货/烘焙,方便速食/速冻食品,方便粉丝/米线/螺蛳粉,,,2021-05-28,16:48:23,3天6时15分9秒,五,http://item.taobao.com/item.htm?id=613469993554,https://kandianbao.com/item/613469993554/,粉质筋道(3);香味儿简直了(10);上头慢(2);有厚皮(2);有甜味(14);品质下来了(5)
75,https://img.alicdn.com/imgextra/i1/3965833216/O1CN019JsAZ21ZcyQYQO4jQ_!!3965833216.jpg,李子柒红油牛肉绵阳米粉速食米线特产方便面红油牛肉麻辣鲜香3袋,	628260839072,,39.9,39.9,97,97,41.13%,1,11629,0,19439,174296,1.89%,775616.1,1.94%,6954410.399999999,57128,28481,0,,,聚划算,7天无理由|运费险|蚂蚁花呗|信用卡支付|集分宝,粮油调味/速食/干货/烘焙,方便速食/速冻食品,方便面/拉面/面皮,,,2021-05-28,17:17:48,3天6时44分34秒,五,http://item.taobao.com/item.htm?id=628260839072,https://kandianbao.com/item/628260839072/,没什么香味(5);添加剂放心(2);种类比较繁多(3);辣度纯正(155);没怪味(2);不正宗(2)
76,https://img.alicdn.com/imgextra/i1/3965833216/O1CN01Y6wSBY1ZcyQGqKmBF_!!3965833216-0-lubanu-s.jpg,李子柒红糖姜茶手工红糖水生姜汁枣茶冲饮独立小包袋装2盒装,	580647003834,,39.9,39.9,79,79,50.51%,1,9461,0,26977,1175436,2.62%,1076382.3,2.69%,46899896.4,334894,161031,0,,,店铺促销,7天无理由|运费险|公益宝贝|蚂蚁花呗|信用卡支付|集分宝,咖啡/麦片/冲饮,藕粉/麦片/冲饮品,姜汤,,,2021-05-31,09:11:53,5天22时38分39秒,一,http://item.taobao.com/item.htm?id=580647003834,https://kandianbao.com/item/580647003834/,密封绝对一流(2);感觉有股药味(2);上头慢(2);好闻(4);一致(19);气味有点难受(2)
77,https://img.alicdn.com/imgextra/i1/3965833216/O1CN01gg9VEP1ZcyQ20r9sc_!!3965833216.jpg,李子柒桂花坚果藕粉藕粉坚果羹营养早餐代餐懒人冲饮食品350g,	594353844326,,59.7,59.7,117,117,51.03%,1,17524,0,39830,4660484,3.87%,2377851,5.93%,278230894.8,1140248,656716,0,,,店铺促销,7天无理由|运费险|公益宝贝|蚂蚁花呗|信用卡支付|集分宝,咖啡/麦片/冲饮,藕粉/麦片/冲饮品,藕粉,,,2021-05-29,20:56:11,4天10时22分57秒,六,http://item.taobao.com/item.htm?id=594353844326,https://kandianbao.com/item/594353844326/,年轻人都行(2);罐子很美(30);有点酸酸的(54);上头慢(2);适合减肥(54);颗粒多了很多(2)
78,https://img.alicdn.com/imgextra/i1/3965833216/O1CN01tSeFiN1ZcyQOZYEzV_!!3965833216-0-lubanu-s.jpg,李子柒蛋黄酥咸蛋黄糕点面包早餐食品办公室零食休闲小吃点心盒装,	624296083567,,44.9,44.9,68,68,66.03%,1,2110,0,58639,792852,5.70%,2632891.1,6.57%,35599054.8,117982,101804,0,,,店铺促销,7天无理由|运费险|蚂蚁花呗|信用卡支付|集分宝,零食/坚果/特产,糕点/点心,传统糕点,,,2021-05-29,20:36:59,4天10时3分45秒,六,http://item.taobao.com/item.htm?id=624296083567,https://kandianbao.com/item/624296083567/,不干(25);辣味不重(3);个头小小的(118);不咸(28);很鲜甜(1366);质感很硬(3)
79,https://img.alicdn.com/imgextra/i4/3965833216/O1CN01vLYKyy1ZcyQdhqoaE_!!3965833216.jpg,李子柒紫薯蒸米糕零食早餐面包夹心糕点小吃特产点心发糕整盒540g,	603261206522,,29.9,29.9,77,77,38.83%,1,20929,0,65463,2289188,6.36%,1957343.7,4.88%,68446721.2,562710,413712,0,,,聚划算,7天无理由|运费险|公益宝贝|蚂蚁花呗|信用卡支付|集分宝,零食/坚果/特产,糕点/点心,传统糕点,,,2021-05-27,20:25:07,2天9时51分53秒,四,http://item.taobao.com/item.htm?id=603261206522,https://kandianbao.com/item/603261206522/,冷藏可以(4);婴儿都能吃(2);水分不错(4);赠品挺不错(14);同学很心动(13);有违品牌(5)
80,https://img.alicdn.com/imgextra/i2/3965833216/O1CN01oudrpM1ZcyQcsKMDG_!!3965833216.jpg,李子柒酸辣粉桶装速食红薯粉懒人冲泡即食方便面四川粉丝米线3桶,	641669225539,,34.9,34.9,77,77,45.32%,1,15334,0,78965,80536,7.68%,2755878.5,6.88%,2810706.4,8822,8518,0,,,聚划算,7天无理由|运费险|蚂蚁花呗|信用卡支付|集分宝,粮油调味/速食/干货/烘焙,方便速食/速冻食品,方便面/拉面/面皮,,,2021-05-31,22:36:32,6天12时3分18秒,一,http://item.taobao.com/item.htm?id=641669225539,https://kandianbao.com/item/641669225539/,日期新鲜度(13);没怪味(2);很好吃(1102);会回购(83);很新鲜(8);不好吃(73)
81,https://img.alicdn.com/imgextra/i4/3965833216/O1CN01JiZPpc1ZcyQeKprEr_!!3965833216.jpg,李子柒螺蛳粉柳州螺狮粉速食广西螺丝粉特产粉丝米线方便面3袋装,	598614273525,,34.7,34.7,77,77,45.06%,1,145182,0,513246,19055403,49.90%,17809636.200000003,44.43%,661222484.1,2564632,2456909,0,,,聚划算,7天无理由|运费险|公益宝贝|蚂蚁花呗|信用卡支付|集分宝,粮油调味/速食/干货/烘焙,方便速食/速冻食品,方便粉丝/米线/螺蛳粉,,,2021-06-01,00:00:57,6天13时27分43秒,二,http://item.taobao.com/item.htm?id=598614273525,https://kandianbao.com/item/598614273525/,爱上了吃法(5);壳超nice(7);不粘(8);嫂子很爱吃(12);分装很干净(16);缺少风味(6)
,,,,,,,,,,,,,30天销量总计,,,30天销售额总计,,,收藏数总计,,分享量总计,,,,,,,,,,,,,,,,
,,,,,,,,,,,,,1028615,,,40080954.019999996,,,8122630,,10,,,,,,,,,,,,,,,,
序号,主图,标题,宝贝id,货号,销售价最低,销售价最高,原价最低,原价最高,折扣率,sku数量,库存,邮费,30天销量,总销量,占全店销量比例,30天销售额,占全店销售额比例,总销售额,收藏数,评价数,PC总分享量,宝贝促销,店铺促销,活动促销,服务保证,一级类目,二级类目,三级类目,宝贝创建时间,宝贝创建时长,下架日期,下架时间,天数,星期,宝贝地址,分析地址,评价标签
数据下载时间：2021-05-25 10:34:58 功能：看店宝【kandianbao.com】全店宝贝 相关查询网址：https://kandianbao.com/dian/李子柒旗舰店,,,,,,,,,,,,,,,,,,,,,,,,,,,,,,,,,,,,,